发生时间,开关机状态,加热中,保温中,实际温度,热水量,水流量,加热剩余时间
20211019063917,关,关,关,30°C,0%,0,0分钟
20211019070154,关,关,关,30°C,0%,0,0分钟
20211019070156,关,关,关,30°C,0%,8,0分钟
20211019071230,关,关,关,30°C,0%,0,0分钟
20211019071236,关,关,关,29°C,0%,0,0分钟
20211019071602,关,关,关,30°C,0%,0,0分钟
20211019071608,关,关,关,29°C,0%,0,0分钟
20211019072005,关,关,关,30°C,0%,0,0分钟
20211019072010,关,关,关,29°C,0%,0,0分钟
20211019072153,关,关,关,30°C,0%,0,0分钟
20211019072159,关,关,关,29°C,0%,0,0分钟
20211019072217,关,关,关,30°C,0%,0,0分钟
20211019072219,关,关,关,29°C,0%,0,0分钟
20211019072226,关,关,关,29°C,0%,0,0分钟
20211019072354,关,关,关,30°C,0%,0,0分钟
20211019072400,关,关,关,29°C,0%,0,0分钟
20211019072757,关,关,关,30°C,0%,0,0分钟
20211019072803,关,关,关,29°C,0%,0,0分钟
20211019072827,关,关,关,30°C,0%,0,0分钟
20211019072833,关,关,关,29°C,0%,0,0分钟
20211019073010,关,关,关,30°C,0%,0,0分钟
20211019073016,关,关,关,29°C,0%,0,0分钟
20211019073046,关,关,关,30°C,0%,0,0分钟
20211019073052,关,关,关,29°C,0%,0,0分钟
20211019073116,关,关,关,30°C,0%,0,0分钟
20211019073123,关,关,关,29°C,0%,0,0分钟
20211019073129,关,关,关,30°C,0%,0,0分钟
20211019073135,关,关,关,29°C,0%,0,0分钟
20211019073207,关,关,关,30°C,0%,0,0分钟
20211019073213,关,关,关,30°C,0%,0,0分钟
20211019073225,关,关,关,29°C,0%,0,0分钟
20211019073231,关,关,关,30°C,0%,0,0分钟
20211019073237,关,关,关,29°C,0%,0,0分钟
20211019073249,关,关,关,30°C,0%,0,0分钟
20211019073302,关,关,关,29°C,0%,0,0分钟
20211019073314,关,关,关,30°C,0%,0,0分钟
20211019073320,关,关,关,29°C,0%,0,0分钟
20211019073326,关,关,关,30°C,0%,0,0分钟
20211019073338,关,关,关,29°C,0%,0,0分钟
20211019073350,关,关,关,30°C,0%,0,0分钟
20211019073411,关,关,关,29°C,0%,0,0分钟
20211019073426,关,关,关,30°C,0%,0,0分钟
20211019073438,关,关,关,29°C,0%,0,0分钟
20211019073457,关,关,关,30°C,0%,0,0分钟
20211019073521,关,关,关,29°C,0%,0,0分钟
20211019073539,关,关,关,30°C,0%,0,0分钟
20211019073551,关,关,关,29°C,0%,0,0分钟
20211019073621,关,关,关,30°C,0%,0,0分钟
20211019073640,关,关,关,29°C,0%,0,0分钟
20211019073658,关,关,关,30°C,0%,0,0分钟
20211019073704,关,关,关,29°C,0%,0,0分钟
20211019073710,关,关,关,30°C,0%,0,0分钟
20211019073716,关,关,关,29°C,0%,0,0分钟
20211019073752,关,关,关,30°C,0%,0,0分钟
20211019073758,关,关,关,29°C,0%,0,0分钟
20211019073814,关,关,关,30°C,0%,0,0分钟
20211019073816,关,关,关,30°C,0%,8,0分钟
20211019073835,关,关,关,29°C,0%,0,0分钟
20211019073923,关,关,关,30°C,0%,0,0分钟
20211019074000,关,关,关,29°C,0%,0,0分钟
20211019074018,关,关,关,30°C,0%,0,0分钟
20211019074030,关,关,关,29°C,0%,0,0分钟
20211019074100,关,关,关,30°C,0%,0,0分钟
20211019074149,关,关,关,29°C,0%,0,0分钟
20211019074231,关,关,关,30°C,0%,0,0分钟
20211019074237,关,关,关,29°C,0%,0,0分钟
20211019074301,关,关,关,30°C,0%,0,0分钟
20211019074307,关,关,关,29°C,0%,0,0分钟
20211019074325,关,关,关,30°C,0%,0,0分钟
20211019074338,关,关,关,29°C,0%,0,0分钟
20211019074344,关,关,关,30°C,0%,0,0分钟
20211019074350,关,关,关,29°C,0%,0,0分钟
20211019074450,关,关,关,30°C,0%,0,0分钟
20211019074502,关,关,关,29°C,0%,0,0分钟
20211019074508,关,关,关,30°C,0%,0,0分钟
20211019074533,关,关,关,29°C,0%,0,0分钟
20211019074615,关,关,关,30°C,0%,0,0分钟
20211019074633,关,关,关,29°C,0%,0,0分钟
20211019074639,关,关,关,30°C,0%,0,0分钟
20211019074657,关,关,关,29°C,0%,0,0分钟
20211019074710,关,关,关,30°C,0%,0,0分钟
20211019074716,关,关,关,29°C,0%,0,0分钟
20211019074728,关,关,关,30°C,0%,0,0分钟
20211019074734,关,关,关,29°C,0%,0,0分钟
20211019074752,关,关,关,30°C,0%,0,0分钟
20211019074810,关,关,关,29°C,0%,0,0分钟
20211019074822,关,关,关,30°C,0%,0,0分钟
20211019074834,关,关,关,29°C,0%,0,0分钟
20211019074840,关,关,关,30°C,0%,0,0分钟
20211019074847,关,关,关,29°C,0%,0,0分钟
20211019074859,关,关,关,30°C,0%,0,0分钟
20211019074905,关,关,关,29°C,0%,0,0分钟
20211019074929,关,关,关,30°C,0%,0,0分钟
20211019074941,关,关,关,29°C,0%,0,0分钟
20211019074959,关,关,关,30°C,0%,0,0分钟
20211019075005,关,关,关,29°C,0%,0,0分钟
20211019075225,关,关,关,30°C,0%,0,0分钟
20211019075231,关,关,关,29°C,0%,0,0分钟
20211019075237,关,关,关,30°C,0%,0,0分钟
20211019075243,关,关,关,29°C,0%,0,0分钟
20211019075301,关,关,关,30°C,0%,0,0分钟
20211019075313,关,关,关,29°C,0%,0,0分钟
20211019075319,关,关,关,30°C,0%,0,0分钟
20211019075325,关,关,关,29°C,0%,0,0分钟
20211019075426,关,关,关,30°C,0%,0,0分钟
20211019075502,关,关,关,29°C,0%,0,0分钟
20211019075514,关,关,关,30°C,0%,0,0分钟
20211019075520,关,关,关,29°C,0%,0,0分钟
20211019075526,关,关,关,30°C,0%,0,0分钟
20211019075532,关,关,关,29°C,0%,0,0分钟
20211019075538,关,关,关,30°C,0%,0,0分钟
20211019075545,关,关,关,29°C,0%,0,0分钟
20211019075551,关,关,关,30°C,0%,0,0分钟
20211019075603,关,关,关,29°C,0%,0,0分钟
20211019075609,关,关,关,30°C,0%,0,0分钟
20211019075621,关,关,关,29°C,0%,0,0分钟
20211019075627,关,关,关,30°C,0%,0,0分钟
20211019075633,关,关,关,29°C,0%,0,0分钟
20211019075639,关,关,关,30°C,0%,0,0分钟
20211019075645,关,关,关,29°C,0%,0,0分钟
20211019075703,关,关,关,30°C,0%,0,0分钟
20211019075715,关,关,关,29°C,0%,0,0分钟
20211019075721,关,关,关,30°C,0%,0,0分钟
20211019075734,关,关,关,29°C,0%,0,0分钟
20211019075740,关,关,关,30°C,0%,0,0分钟
20211019075752,关,关,关,29°C,0%,0,0分钟
20211019075758,关,关,关,30°C,0%,0,0分钟
20211019075804,关,关,关,29°C,0%,0,0分钟
20211019075816,关,关,关,30°C,0%,0,0分钟
20211019075828,关,关,关,29°C,0%,0,0分钟
20211019075846,关,关,关,30°C,0%,0,0分钟
20211019075923,关,关,关,29°C,0%,0,0分钟
20211019075935,关,关,关,30°C,0%,0,0分钟
20211019075947,关,关,关,29°C,0%,0,0分钟
20211019075953,关,关,关,30°C,0%,0,0分钟
20211019080001,关,关,关,29°C,0%,0,0分钟
20211019080005,关,关,关,30°C,0%,0,0分钟
20211019080011,关,关,关,29°C,0%,0,0分钟
20211019080017,关,关,关,30°C,0%,0,0分钟
20211019080035,关,关,关,29°C,0%,0,0分钟
20211019080041,关,关,关,30°C,0%,0,0分钟
20211019080053,关,关,关,29°C,0%,0,0分钟
20211019080106,关,关,关,30°C,0%,0,0分钟
20211019080112,关,关,关,29°C,0%,0,0分钟
20211019080118,关,关,关,30°C,0%,0,0分钟
20211019080124,关,关,关,29°C,0%,0,0分钟
20211019080130,关,关,关,30°C,0%,0,0分钟
20211019080154,关,关,关,29°C,0%,0,0分钟
20211019080200,关,关,关,30°C,0%,0,0分钟
20211019080212,关,关,关,29°C,0%,0,0分钟
20211019080249,关,关,关,30°C,0%,0,0分钟
20211019080255,关,关,关,30°C,0%,0,0分钟
20211019080301,关,关,关,29°C,0%,0,0分钟
20211019080307,关,关,关,30°C,0%,0,0分钟
20211019080319,关,关,关,29°C,0%,0,0分钟
20211019080325,关,关,关,30°C,0%,0,0分钟
20211019080337,关,关,关,29°C,0%,0,0分钟
20211019080349,关,关,关,30°C,0%,0,0分钟
20211019080355,关,关,关,29°C,0%,0,0分钟
20211019080401,关,关,关,30°C,0%,0,0分钟
20211019080407,关,关,关,29°C,0%,0,0分钟
20211019080419,关,关,关,30°C,0%,0,0分钟
20211019080425,关,关,关,29°C,0%,0,0分钟
20211019080438,关,关,关,30°C,0%,0,0分钟
20211019080444,关,关,关,29°C,0%,0,0分钟
20211019080450,关,关,关,30°C,0%,0,0分钟
20211019080456,关,关,关,29°C,0%,0,0分钟
20211019080502,关,关,关,30°C,0%,0,0分钟
20211019080520,关,关,关,29°C,0%,0,0分钟
20211019080556,关,关,关,30°C,0%,0,0分钟
20211019080602,关,关,关,29°C,0%,0,0分钟
20211019080608,关,关,关,30°C,0%,0,0分钟
20211019080615,关,关,关,29°C,0%,0,0分钟
20211019080627,关,关,关,30°C,0%,0,0分钟
20211019080633,关,关,关,29°C,0%,0,0分钟
20211019080639,关,关,关,30°C,0%,0,0分钟
20211019080645,关,关,关,29°C,0%,0,0分钟
20211019080651,关,关,关,30°C,0%,0,0分钟
20211019080704,关,关,关,29°C,0%,0,0分钟
20211019080727,关,关,关,30°C,0%,0,0分钟
20211019080733,关,关,关,29°C,0%,0,0分钟
20211019080739,关,关,关,30°C,0%,0,0分钟
20211019080751,关,关,关,29°C,0%,0,0分钟
20211019080757,关,关,关,30°C,0%,0,0分钟
20211019080804,关,关,关,29°C,0%,0,0分钟
20211019080816,关,关,关,30°C,0%,0,0分钟
20211019080846,关,关,关,29°C,0%,0,0分钟
20211019080852,关,关,关,30°C,0%,0,0分钟
20211019080904,关,关,关,29°C,0%,0,0分钟
20211019080916,关,关,关,30°C,0%,0,0分钟
20211019080925,关,关,关,29°C,0%,0,0分钟
20211019080928,关,关,关,30°C,0%,0,0分钟
20211019080947,关,关,关,29°C,0%,0,0分钟
20211019080953,关,关,关,30°C,0%,0,0分钟
20211019081011,关,关,关,29°C,0%,0,0分钟
20211019081023,关,关,关,30°C,0%,0,0分钟
20211019081029,关,关,关,29°C,0%,0,0分钟
20211019081035,关,关,关,30°C,0%,0,0分钟
20211019081041,关,关,关,29°C,0%,0,0分钟
20211019081105,关,关,关,30°C,0%,0,0分钟
20211019081117,关,关,关,29°C,0%,0,0分钟
20211019081124,关,关,关,30°C,0%,0,0分钟
20211019081130,关,关,关,29°C,0%,0,0分钟
20211019081146,关,关,关,30°C,0%,0,0分钟
20211019081148,关,关,关,29°C,0%,0,0分钟
20211019081154,关,关,关,30°C,0%,0,0分钟
20211019081212,关,关,关,29°C,0%,0,0分钟
20211019081218,关,关,关,30°C,0%,0,0分钟
20211019081230,关,关,关,29°C,0%,0,0分钟
20211019081242,关,关,关,30°C,0%,0,0分钟
20211019081254,关,关,关,29°C,0%,0,0分钟
20211019081306,关,关,关,30°C,0%,0,0分钟
20211019081313,关,关,关,29°C,0%,0,0分钟
20211019081325,关,关,关,30°C,0%,0,0分钟
20211019081337,关,关,关,29°C,0%,0,0分钟
20211019081343,关,关,关,30°C,0%,0,0分钟
20211019081355,关,关,关,29°C,0%,0,0分钟
20211019081407,关,关,关,30°C,0%,0,0分钟
20211019081413,关,关,关,29°C,0%,0,0分钟
20211019081419,关,关,关,30°C,0%,0,0分钟
20211019081425,关,关,关,29°C,0%,0,0分钟
20211019081431,关,关,关,30°C,0%,0,0分钟
20211019081437,关,关,关,29°C,0%,0,0分钟
20211019081443,关,关,关,30°C,0%,0,0分钟
20211019081455,关,关,关,29°C,0%,0,0分钟
20211019081502,关,关,关,30°C,0%,0,0分钟
20211019081614,关,关,关,29°C,0%,0,0分钟
20211019081628,关,关,关,30°C,0%,0,0分钟
20211019081651,关,关,关,29°C,0%,0,0分钟
20211019081751,关,关,关,30°C,0%,0,0分钟
20211019081757,关,关,关,29°C,0%,0,0分钟
20211019081803,关,关,关,30°C,0%,0,0分钟
20211019081809,关,关,关,29°C,0%,0,0分钟
20211019081858,关,关,关,30°C,0%,0,0分钟
20211019081922,关,关,关,29°C,0%,0,0分钟
20211019081946,关,关,关,30°C,0%,0,0分钟
20211019082004,关,关,关,29°C,0%,0,0分钟
20211019082035,关,关,关,30°C,0%,0,0分钟
20211019082059,关,关,关,29°C,0%,0,0分钟
20211019082123,关,关,关,30°C,0%,0,0分钟
20211019082147,关,关,关,29°C,0%,0,0分钟
20211019082200,关,关,关,30°C,0%,0,0分钟
20211019082224,关,关,关,29°C,0%,0,0分钟
20211019082242,关,关,关,30°C,0%,0,0分钟
20211019082306,关,关,关,29°C,0%,0,0分钟
20211019082407,关,关,关,30°C,0%,0,0分钟
20211019082419,关,关,关,30°C,0%,0,0分钟
20211019082501,关,关,关,29°C,0%,0,0分钟
20211019082507,关,关,关,30°C,0%,0,0分钟
20211019082538,关,关,关,29°C,0%,0,0分钟
20211019082544,关,关,关,30°C,0%,0,0分钟
20211019082602,关,关,关,29°C,0%,0,0分钟
20211019082608,关,关,关,30°C,0%,0,0分钟
20211019082614,关,关,关,29°C,0%,0,0分钟
20211019082620,关,关,关,30°C,0%,0,0分钟
20211019082632,关,关,关,29°C,0%,0,0分钟
20211019082638,关,关,关,30°C,0%,0,0分钟
20211019082715,关,关,关,29°C,0%,0,0分钟
20211019082721,关,关,关,30°C,0%,0,0分钟
20211019082813,关,关,关,29°C,0%,0,0分钟
20211019082815,关,关,关,30°C,0%,0,0分钟
20211019082833,关,关,关,29°C,0%,0,0分钟
20211019082839,关,关,关,30°C,0%,0,0分钟
20211019082910,关,关,关,29°C,0%,0,0分钟
20211019082916,关,关,关,30°C,0%,0,0分钟
20211019082940,关,关,关,29°C,0%,0,0分钟
20211019082946,关,关,关,30°C,0%,0,0分钟
20211019082952,关,关,关,29°C,0%,0,0分钟
20211019082958,关,关,关,30°C,0%,0,0分钟
20211019083117,关,关,关,29°C,0%,0,0分钟
20211019083123,关,关,关,30°C,0%,0,0分钟
20211019083147,关,关,关,29°C,0%,0,0分钟
20211019083153,关,关,关,30°C,0%,0,0分钟
20211019083223,关,关,关,29°C,0%,0,0分钟
20211019083236,关,关,关,30°C,0%,0,0分钟
20211019083318,关,关,关,29°C,0%,0,0分钟
20211019083324,关,关,关,30°C,0%,0,0分钟
20211019083342,关,关,关,29°C,0%,0,0分钟
20211019083354,关,关,关,30°C,0%,0,0分钟
20211019083449,关,关,关,29°C,0%,0,0分钟
20211019083501,关,关,关,30°C,0%,0,0分钟
20211019083519,关,关,关,29°C,0%,0,0分钟
20211019083531,关,关,关,30°C,0%,0,0分钟
20211019083549,关,关,关,29°C,0%,0,0分钟
20211019083555,关,关,关,30°C,0%,0,0分钟
20211019083620,关,关,关,29°C,0%,0,0分钟
20211019083626,关,关,关,30°C,0%,0,0分钟
20211019083644,关,关,关,29°C,0%,0,0分钟
20211019083650,关,关,关,30°C,0%,0,0分钟
20211019083714,关,关,关,29°C,0%,0,0分钟
20211019083726,关,关,关,30°C,0%,0,0分钟
20211019083745,关,关,关,29°C,0%,0,0分钟
20211019083751,关,关,关,30°C,0%,0,0分钟
20211019083809,关,关,关,29°C,0%,0,0分钟
20211019083821,关,关,关,30°C,0%,0,0分钟
20211019083845,关,关,关,29°C,0%,0,0分钟
20211019083851,关,关,关,30°C,0%,0,0分钟
20211019083909,关,关,关,29°C,0%,0,0分钟
20211019083922,关,关,关,30°C,0%,0,0分钟
20211019083958,关,关,关,29°C,0%,0,0分钟
20211019084004,关,关,关,30°C,0%,0,0分钟
20211019084010,关,关,关,29°C,0%,0,0分钟
20211019084022,关,关,关,30°C,0%,0,0分钟
20211019084147,关,关,关,29°C,0%,0,0分钟
20211019084159,关,关,关,30°C,0%,0,0分钟
20211019084241,关,关,关,29°C,0%,0,0分钟
20211019084253,关,关,关,30°C,0%,0,0分钟
20211019084306,关,关,关,29°C,0%,0,0分钟
20211019084330,关,关,关,30°C,0%,0,0分钟
20211019084342,关,关,关,29°C,0%,0,0分钟
20211019084348,关,关,关,30°C,0%,0,0分钟
20211019084406,关,关,关,29°C,0%,0,0分钟
20211019084412,关,关,关,30°C,0%,0,0分钟
20211019084424,关,关,关,29°C,0%,0,0分钟
20211019084439,关,关,关,30°C,0%,0,0分钟
20211019084443,关,关,关,29°C,0%,0,0分钟
20211019084455,关,关,关,30°C,0%,0,0分钟
20211019084601,关,关,关,29°C,0%,0,0分钟
20211019084607,关,关,关,30°C,0%,0,0分钟
20211019084626,关,关,关,29°C,0%,0,0分钟
20211019084644,关,关,关,30°C,0%,0,0分钟
20211019084708,关,关,关,29°C,0%,0,0分钟
20211019084714,关,关,关,30°C,0%,0,0分钟
20211019084750,关,关,关,29°C,0%,0,0分钟
20211019084756,关,关,关,30°C,0%,0,0分钟
20211019084802,关,关,关,29°C,0%,0,0分钟
20211019084808,关,关,关,30°C,0%,0,0分钟
20211019084851,关,关,关,29°C,0%,0,0分钟
20211019084903,关,关,关,30°C,0%,0,0分钟
20211019084922,关,关,关,29°C,0%,0,0分钟
20211019084927,关,关,关,30°C,0%,0,0分钟
20211019085040,关,关,关,29°C,0%,0,0分钟
20211019085058,关,关,关,30°C,0%,0,0分钟
20211019085217,关,关,关,29°C,0%,0,0分钟
20211019085229,关,关,关,30°C,0%,0,0分钟
20211019085442,关,关,关,29°C,0%,0,0分钟
20211019085448,关,关,关,30°C,0%,0,0分钟
20211019085500,关,关,关,29°C,0%,0,0分钟
20211019085507,关,关,关,30°C,0%,0,0分钟
20211019085525,关,关,关,29°C,0%,0,0分钟
20211019085531,关,关,关,30°C,0%,0,0分钟
20211019085543,关,关,关,29°C,0%,0,0分钟
20211019085549,关,关,关,30°C,0%,0,0分钟
20211019085625,关,关,关,29°C,0%,0,0分钟
20211019085631,关,关,关,30°C,0%,0,0分钟
20211019085637,关,关,关,29°C,0%,0,0分钟
20211019085643,关,关,关,30°C,0%,0,0分钟
20211019085738,关,关,关,29°C,0%,0,0分钟
20211019085750,关,关,关,30°C,0%,0,0分钟
20211019085846,关,关,关,29°C,0%,0,0分钟
20211019085851,关,关,关,30°C,0%,0,0分钟
20211019085857,关,关,关,29°C,0%,0,0分钟
20211019085903,关,关,关,30°C,0%,0,0分钟
20211019085921,关,关,关,29°C,0%,0,0分钟
20211019085927,关,关,关,30°C,0%,0,0分钟
20211019085957,关,关,关,29°C,0%,0,0分钟
20211019090003,关,关,关,30°C,0%,0,0分钟
20211019090009,关,关,关,29°C,0%,0,0分钟
20211019090021,关,关,关,30°C,0%,0,0分钟
20211019090027,关,关,关,29°C,0%,0,0分钟
20211019090040,关,关,关,30°C,0%,0,0分钟
20211019090158,关,关,关,29°C,0%,0,0分钟
20211019090204,关,关,关,30°C,0%,0,0分钟
20211019090217,关,关,关,29°C,0%,0,0分钟
20211019090223,关,关,关,30°C,0%,0,0分钟
20211019090253,关,关,关,29°C,0%,0,0分钟
20211019090259,关,关,关,30°C,0%,0,0分钟
20211019090524,关,关,关,29°C,0%,0,0分钟
20211019090530,关,关,关,30°C,0%,0,0分钟
20211019090555,关,关,关,29°C,0%,0,0分钟
20211019090601,关,关,关,30°C,0%,0,0分钟
20211019090655,关,关,关,29°C,0%,0,0分钟
20211019090701,关,关,关,30°C,0%,0,0分钟
20211019090707,关,关,关,29°C,0%,0,0分钟
20211019090713,关,关,关,30°C,0%,0,0分钟
20211019090927,关,关,关,29°C,0%,0,0分钟
20211019090933,关,关,关,30°C,0%,0,0分钟
20211019091210,关,关,关,29°C,0%,0,0分钟
20211019091216,关,关,关,30°C,0%,0,0分钟
20211019094606,关,关,关,29°C,0%,0,0分钟
20211019094636,关,关,关,29°C,0%,0,0分钟
20211019094638,关,关,关,29°C,0%,16,0分钟
20211019094640,关,关,关,29°C,0%,13,0分钟
20211019094658,关,关,关,29°C,0%,0,0分钟
20211019094715,关,关,关,29°C,0%,20,0分钟
20211019111443,关,关,关,29°C,0%,0,0分钟
20211019111448,关,关,关,29°C,0%,0,0分钟
20211019111453,关,关,关,29°C,0%,0,0分钟
20211019111458,关,关,关,29°C,0%,0,0分钟
20211019111503,关,关,关,29°C,0%,0,0分钟
20211019111508,关,关,关,29°C,0%,0,0分钟
20211019111513,关,关,关,29°C,0%,0,0分钟
20211019111518,关,关,关,29°C,0%,0,0分钟
20211019111524,关,关,关,29°C,0%,0,0分钟
20211019111529,关,关,关,29°C,0%,0,0分钟
20211019111534,关,关,关,29°C,0%,0,0分钟
20211019111543,关,关,关,29°C,0%,0,0分钟
20211019111547,关,关,关,29°C,0%,0,0分钟
20211019111551,关,关,关,29°C,0%,0,0分钟
20211019111555,关,关,关,29°C,0%,0,0分钟
20211019111600,关,关,关,29°C,0%,0,0分钟
20211019111604,关,关,关,29°C,0%,0,0分钟
20211019111609,关,关,关,29°C,0%,0,0分钟
20211019115012,关,关,关,29°C,0%,0,0分钟
20211019115017,关,关,关,29°C,0%,22,0分钟
20211019132821,关,关,关,29°C,0%,0,0分钟
20211019135619,关,关,关,29°C,0%,0,0分钟
20211019135621,关,关,关,29°C,0%,8,0分钟
20211019141107,关,关,关,29°C,0%,0,0分钟
20211019153433,关,关,关,29°C,0%,0,0分钟
20211019153439,关,关,关,29°C,0%,36,0分钟
20211019153440,关,关,关,29°C,0%,32,0分钟
20211019153445,关,关,关,29°C,0%,31,0分钟
20211019153447,关,关,关,29°C,0%,32,0分钟
20211019153449,关,关,关,29°C,0%,31,0分钟
20211019153453,关,关,关,29°C,0%,32,0分钟
20211019153459,关,关,关,29°C,0%,42,0分钟
20211019153503,关,关,关,29°C,0%,43,0分钟
20211019153505,关,关,关,29°C,0%,40,0分钟
20211019153515,关,关,关,29°C,0%,32,0分钟
20211019153517,关,关,关,29°C,0%,31,0分钟
20211019153521,关,关,关,29°C,0%,32,0分钟
20211019153524,关,关,关,29°C,0%,31,0分钟
20211019153532,关,关,关,29°C,0%,30,0分钟
20211019153534,关,关,关,29°C,0%,28,0分钟
20211019153540,关,关,关,29°C,0%,30,0分钟
20211019153542,关,关,关,29°C,0%,31,0分钟
20211019153546,关,关,关,29°C,0%,30,0分钟
20211019153548,关,关,关,29°C,0%,28,0分钟
20211019153604,关,关,关,29°C,0%,30,0分钟
20211019153606,关,关,关,29°C,0%,31,0分钟
20211019153608,关,关,关,29°C,0%,30,0分钟
20211019153610,关,关,关,29°C,0%,31,0分钟
20211019153620,关,关,关,29°C,0%,30,0分钟
20211019153622,关,关,关,29°C,0%,31,0分钟
20211019153632,关,关,关,29°C,0%,30,0分钟
20211019153634,关,关,关,29°C,0%,31,0分钟
20211019153638,关,关,关,29°C,0%,30,0分钟
20211019153640,关,关,关,29°C,0%,31,0分钟
20211019153650,关,关,关,29°C,0%,30,0分钟
20211019153652,关,关,关,29°C,0%,31,0分钟
20211019153654,关,关,关,29°C,0%,25,0分钟
20211019153700,关,关,关,29°C,0%,21,0分钟
20211019153702,关,关,关,29°C,0%,20,0分钟
20211019153706,关,关,关,29°C,0%,18,0分钟
20211019153719,关,关,关,29°C,0%,17,0分钟
20211019153721,关,关,关,29°C,0%,18,0分钟
20211019153729,关,关,关,29°C,0%,17,0分钟
20211019153731,关,关,关,29°C,0%,18,0分钟
20211019153737,关,关,关,29°C,0%,17,0分钟
20211019153739,关,关,关,29°C,0%,18,0分钟
20211019153741,关,关,关,29°C,0%,11,0分钟
20211019153747,关,关,关,29°C,0%,0,0分钟
20211019153757,开,开,关,29°C,0%,0,25分钟
20211019153759,开,开,关,29°C,0%,43,25分钟
20211019153801,开,开,关,29°C,0%,48,25分钟
20211019153825,开,开,关,29°C,0%,50,25分钟
20211019153831,开,开,关,29°C,0%,48,25分钟
20211019153833,开,开,关,29°C,0%,51,25分钟
20211019153835,开,开,关,29°C,0%,50,25分钟
20211019153837,开,开,关,29°C,0%,48,25分钟
20211019153906,开,开,关,29°C,0%,50,25分钟
20211019153910,开,开,关,29°C,0%,51,25分钟
20211019153912,开,开,关,29°C,0%,50,25分钟
20211019153914,开,开,关,29°C,0%,51,25分钟
20211019153921,开,开,关,29°C,0%,51,25分钟
20211019153940,开,开,关,29°C,0%,50,25分钟
20211019153942,开,开,关,29°C,0%,48,25分钟
20211019153944,开,开,关,29°C,0%,51,25分钟
20211019153948,开,开,关,29°C,0%,50,25分钟
20211019153952,开,开,关,29°C,0%,51,25分钟
20211019154000,开,开,关,29°C,0%,50,25分钟
20211019154002,开,开,关,29°C,0%,51,25分钟
20211019154018,开,开,关,29°C,0%,50,25分钟
20211019154020,开,开,关,29°C,0%,51,25分钟
20211019154024,开,开,关,29°C,0%,50,25分钟
20211019154026,开,开,关,29°C,0%,42,25分钟
20211019154028,开,开,关,29°C,0%,43,25分钟
20211019154030,开,开,关,29°C,0%,42,25分钟
20211019154032,开,开,关,29°C,0%,43,25分钟
20211019154043,开,开,关,29°C,0%,42,25分钟
20211019154045,开,开,关,29°C,0%,43,25分钟
20211019154053,开,开,关,29°C,0%,42,25分钟
20211019154055,开,开,关,29°C,0%,43,25分钟
20211019154059,开,开,关,29°C,0%,42,25分钟
20211019154101,开,开,关,29°C,0%,41,25分钟
20211019154107,开,开,关,29°C,0%,42,25分钟
20211019154109,开,开,关,29°C,0%,43,25分钟
20211019154111,开,开,关,29°C,0%,41,25分钟
20211019154113,开,开,关,29°C,0%,43,25分钟
20211019154125,开,开,关,29°C,0%,42,25分钟
20211019154127,开,开,关,29°C,0%,41,25分钟
20211019154129,开,开,关,29°C,0%,42,25分钟
20211019154135,开,开,关,29°C,0%,41,25分钟
20211019154142,开,开,关,29°C,0%,42,25分钟
20211019154143,开,开,关,29°C,0%,41,25分钟
20211019154145,开,开,关,29°C,0%,43,25分钟
20211019154147,开,开,关,29°C,0%,42,25分钟
20211019154149,开,开,关,29°C,0%,43,25分钟
20211019154157,开,开,关,29°C,0%,42,25分钟
20211019154203,开,开,关,29°C,0%,43,25分钟
20211019154209,开,开,关,29°C,0%,42,25分钟
20211019154211,开,开,关,29°C,0%,43,25分钟
20211019154215,开,开,关,29°C,0%,42,25分钟
20211019154222,开,开,关,29°C,0%,43,25分钟
20211019154226,开,开,关,29°C,0%,42,25分钟
20211019154230,开,开,关,29°C,0%,43,25分钟
20211019154242,开,开,关,29°C,0%,42,25分钟
20211019154250,开,开,关,29°C,0%,43,25分钟
20211019154254,开,开,关,29°C,0%,42,25分钟
20211019154256,开,开,关,29°C,0%,42,31分钟
20211019154300,开,开,关,28°C,0%,42,31分钟
20211019154302,开,开,关,28°C,0%,42,29分钟
20211019154304,开,开,关,29°C,0%,43,29分钟
20211019154308,开,开,关,29°C,0%,42,29分钟
20211019154312,开,开,关,29°C,0%,43,29分钟
20211019154314,开,开,关,29°C,0%,42,29分钟
20211019154316,开,开,关,29°C,0%,43,29分钟
20211019154318,开,开,关,29°C,0%,42,29分钟
20211019154320,开,开,关,29°C,0%,43,29分钟
20211019154322,开,开,关,29°C,0%,42,29分钟
20211019154324,开,开,关,29°C,0%,43,29分钟
20211019154326,开,开,关,29°C,0%,42,29分钟
20211019154328,开,开,关,29°C,0%,43,29分钟
20211019154334,开,开,关,29°C,0%,42,29分钟
20211019154336,开,开,关,29°C,0%,43,29分钟
20211019154346,开,开,关,29°C,0%,42,29分钟
20211019154352,开,开,关,29°C,0%,42,28分钟
20211019154354,开,开,关,29°C,0%,43,28分钟
20211019154403,开,开,关,29°C,0%,42,28分钟
20211019154405,开,开,关,29°C,0%,43,28分钟
20211019154419,开,开,关,29°C,0%,42,28分钟
20211019154421,开,开,关,29°C,0%,43,28分钟
20211019154435,开,开,关,29°C,0%,42,28分钟
20211019154439,开,开,关,29°C,0%,43,28分钟
20211019154445,开,开,关,29°C,0%,42,28分钟
20211019154447,开,开,关,29°C,0%,43,28分钟
20211019154451,开,开,关,29°C,0%,43,27分钟
20211019154459,开,开,关,29°C,0%,42,27分钟
20211019154501,开,开,关,29°C,0%,43,27分钟
20211019154505,开,开,关,29°C,0%,42,27分钟
20211019154507,开,开,关,29°C,0%,43,27分钟
20211019154541,开,开,关,29°C,0%,42,27分钟
20211019154545,开,开,关,29°C,0%,43,27分钟
20211019154547,开,开,关,29°C,0%,42,27分钟
20211019154550,开,开,关,29°C,0%,43,26分钟
20211019154556,开,开,关,29°C,0%,42,26分钟
20211019154600,开,开,关,29°C,0%,43,26分钟
20211019154610,开,开,关,29°C,0%,42,26分钟
20211019154614,开,开,关,29°C,0%,43,26分钟
20211019154616,开,开,关,29°C,0%,42,26分钟
20211019154618,开,开,关,29°C,0%,43,26分钟
20211019154626,开,开,关,29°C,0%,42,26分钟
20211019154628,开,开,关,29°C,0%,43,26分钟
20211019154632,开,开,关,29°C,0%,42,26分钟
20211019154638,开,开,关,29°C,0%,43,26分钟
20211019154640,开,开,关,29°C,0%,42,26分钟
20211019154642,开,开,关,29°C,0%,43,26分钟
20211019154646,开,开,关,29°C,0%,42,26分钟
20211019154648,开,开,关,29°C,0%,43,26分钟
20211019154654,开,开,关,29°C,0%,42,25分钟
20211019154656,开,开,关,29°C,0%,43,25分钟
20211019154700,开,开,关,29°C,0%,42,25分钟
20211019154702,开,开,关,29°C,0%,43,25分钟
20211019154706,开,开,关,29°C,0%,42,25分钟
20211019154708,开,开,关,29°C,0%,43,25分钟
20211019154710,开,开,关,29°C,0%,42,25分钟
20211019154714,开,开,关,29°C,0%,43,25分钟
20211019154718,开,开,关,29°C,0%,42,25分钟
20211019154720,开,开,关,29°C,0%,43,25分钟
20211019154724,开,开,关,29°C,0%,42,25分钟
20211019154726,开,开,关,29°C,0%,43,25分钟
20211019154734,开,开,关,29°C,0%,42,25分钟
20211019154737,开,开,关,29°C,0%,43,25分钟
20211019154741,开,开,关,29°C,0%,42,25分钟
20211019154743,开,开,关,29°C,0%,43,25分钟
20211019154745,开,开,关,29°C,0%,42,25分钟
20211019154747,开,开,关,29°C,0%,43,25分钟
20211019154755,开,开,关,29°C,0%,42,25分钟
20211019154757,开,开,关,29°C,0%,43,25分钟
20211019154759,开,开,关,29°C,0%,42,25分钟
20211019154801,开,开,关,29°C,0%,43,25分钟
20211019154803,开,开,关,29°C,0%,42,25分钟
20211019154805,开,开,关,29°C,0%,43,25分钟
20211019154815,开,开,关,29°C,0%,42,25分钟
20211019154817,开,开,关,29°C,0%,43,25分钟
20211019154825,开,开,关,29°C,0%,42,25分钟
20211019154827,开,开,关,29°C,0%,43,25分钟
20211019154829,开,开,关,29°C,0%,42,25分钟
20211019154831,开,开,关,29°C,0%,43,25分钟
20211019154833,开,开,关,29°C,0%,42,25分钟
20211019154835,开,开,关,29°C,0%,41,25分钟
20211019154839,开,开,关,29°C,0%,42,25分钟
20211019154846,开,开,关,29°C,0%,41,25分钟
20211019155028,开,开,关,29°C,0%,0,25分钟
20211019155030,开,开,关,29°C,0%,0,28分钟
20211019155050,开,开,关,30°C,0%,0,28分钟
20211019155117,开,开,关,30°C,0%,0,27分钟
20211019155119,开,开,关,30°C,0%,0,26分钟
20211019155213,开,开,关,31°C,0%,0,26分钟
20211019155219,开,开,关,31°C,0%,0,25分钟
20211019155250,开,开,关,32°C,0%,0,25分钟
20211019155314,开,开,关,32°C,0%,0,24分钟
20211019155318,开,开,关,33°C,0%,0,24分钟
20211019155354,开,开,关,33°C,0%,0,23分钟
20211019155356,开,开,关,33°C,0%,0,22分钟
20211019155400,开,开,关,34°C,0%,0,22分钟
20211019155402,开,开,关,34°C,0%,0,24分钟
20211019155406,开,开,关,33°C,0%,0,24分钟
20211019155408,开,开,关,33°C,0%,0,22分钟
20211019155449,开,开,关,34°C,0%,0,22分钟
20211019155513,开,开,关,34°C,0%,0,21分钟
20211019155515,开,开,关,34°C,0%,52,21分钟
20211019155519,开,开,关,35°C,0%,58,21分钟
20211019155521,开,开,关,35°C,0%,58,22分钟
20211019155523,开,开,关,34°C,0%,60,22分钟
20211019155525,开,开,关,34°C,0%,58,22分钟
20211019155527,开,开,关,34°C,0%,60,21分钟
20211019155529,开,开,关,35°C,0%,38,21分钟
20211019155541,开,开,关,35°C,0%,0,21分钟
20211019155642,开,开,关,35°C,0%,0,20分钟
20211019155658,开,开,关,35°C,0%,0,19分钟
20211019155749,开,开,关,36°C,0%,0,19分钟
20211019155753,开,开,关,36°C,0%,0,18分钟
20211019155817,开,开,关,37°C,0%,0,18分钟
20211019155905,开,开,关,37°C,0%,0,17分钟
20211019155934,开,开,关,38°C,0%,0,16分钟
20211019155936,开,开,关,38°C,0%,0,15分钟
20211019155940,开,开,关,39°C,0%,0,15分钟
20211019155942,开,开,关,39°C,0%,0,17分钟
20211019155946,开,开,关,38°C,0%,0,16分钟
20211019155948,开,开,关,38°C,0%,0,15分钟
20211019160022,开,开,关,39°C,0%,0,15分钟
20211019160100,开,开,关,39°C,0%,0,14分钟
20211019160111,开,开,关,40°C,0%,0,14分钟
20211019160153,开,开,关,40°C,0%,0,13分钟
20211019160155,开,开,关,40°C,0%,0,12分钟
20211019160239,开,开,关,41°C,0%,0,12分钟
20211019160302,开,开,关,41°C,0%,0,11分钟
20211019160322,开,开,关,42°C,0%,0,11分钟
20211019160422,开,开,关,42°C,0%,0,10分钟
20211019160433,开,开,关,42°C,0%,0,9分钟
20211019160525,开,开,关,43°C,0%,0,9分钟
20211019160527,开,开,关,43°C,25%,0,8分钟
20211019160557,开,开,关,44°C,25%,0,8分钟
20211019160634,开,开,关,44°C,25%,0,7分钟
20211019160638,开,开,关,45°C,25%,0,7分钟
20211019160720,开,开,关,45°C,25%,0,6分钟
20211019160722,开,开,关,45°C,25%,0,5分钟
20211019160803,开,开,关,46°C,25%,0,5分钟
20211019160841,开,开,关,46°C,25%,0,4分钟
20211019160855,开,开,关,47°C,25%,0,4分钟
20211019160954,开,开,关,47°C,25%,0,2分钟
20211019161040,开,开,关,48°C,25%,0,2分钟
20211019161042,开,开,关,48°C,25%,0,1分钟
20211019161106,开,开,关,49°C,25%,0,1分钟
20211019161147,开,开,关,49°C,25%,0,0分钟
20211019161149,开,关,开,50°C,100%,0,0分钟
20211019172319,开,关,开,50°C,50%,0,0分钟
20211019172321,关,关,关,50°C,50%,62,0分钟
20211019172323,关,关,关,50°C,50%,63,0分钟
20211019172325,关,关,关,50°C,50%,61,0分钟
20211019172331,关,关,关,50°C,50%,62,0分钟
20211019172333,关,关,关,50°C,50%,63,0分钟
20211019172337,关,关,关,50°C,50%,62,0分钟
20211019172341,关,关,关,50°C,50%,63,0分钟
20211019172456,关,关,关,50°C,50%,0,0分钟
20211019172458,关,关,关,50°C,50%,46,0分钟
20211019172500,关,关,关,50°C,50%,50,0分钟
20211019172505,关,关,关,50°C,50%,51,0分钟
20211019172506,关,关,关,50°C,50%,50,0分钟
20211019172512,关,关,关,50°C,50%,51,0分钟
20211019172514,关,关,关,50°C,50%,40,0分钟
20211019172516,关,关,关,50°C,50%,37,0分钟
20211019172520,关,关,关,50°C,50%,36,0分钟
20211019172522,关,关,关,50°C,50%,35,0分钟
20211019172526,关,关,关,50°C,50%,36,0分钟
20211019172532,关,关,关,50°C,50%,33,0分钟
20211019172535,关,关,关,50°C,50%,35,0分钟
20211019172537,关,关,关,50°C,50%,36,0分钟
20211019172539,关,关,关,50°C,50%,33,0分钟
20211019172543,关,关,关,50°C,50%,36,0分钟
20211019172547,关,关,关,49°C,50%,35,0分钟
20211019172549,关,关,关,49°C,50%,32,0分钟
20211019172551,关,关,关,49°C,50%,31,0分钟
20211019172553,关,关,关,49°C,50%,33,0分钟
20211019172557,关,关,关,49°C,50%,32,0分钟
20211019172601,关,关,关,49°C,50%,30,0分钟
20211019172605,关,关,关,49°C,50%,28,0分钟
20211019172607,关,关,关,49°C,50%,26,0分钟
20211019172609,关,关,关,49°C,50%,27,0分钟
20211019172613,关,关,关,49°C,50%,26,0分钟
20211019172617,关,关,关,49°C,50%,27,0分钟
20211019172619,关,关,关,49°C,50%,26,0分钟
20211019172623,关,关,关,49°C,50%,27,0分钟
20211019172625,关,关,关,49°C,50%,26,0分钟
20211019172627,关,关,关,49°C,50%,27,0分钟
20211019172631,关,关,关,49°C,50%,26,0分钟
20211019172635,关,关,关,49°C,50%,27,0分钟
20211019172639,关,关,关,49°C,50%,25,0分钟
20211019172641,关,关,关,49°C,50%,23,0分钟
20211019172644,关,关,关,49°C,50%,26,0分钟
20211019172645,关,关,关,49°C,50%,27,0分钟
20211019172647,关,关,关,49°C,50%,26,0分钟
20211019172655,关,关,关,49°C,50%,27,0分钟
20211019172657,关,关,关,49°C,50%,23,0分钟
20211019172720,关,关,关,49°C,50%,27,0分钟
20211019172726,关,关,关,49°C,50%,23,0分钟
20211019172727,关,关,关,49°C,50%,22,0分钟
20211019172728,关,关,关,49°C,50%,23,0分钟
20211019172732,关,关,关,49°C,50%,25,0分钟
20211019172734,关,关,关,49°C,50%,18,0分钟
20211019172738,关,关,关,49°C,50%,22,0分钟
20211019172740,关,关,关,49°C,50%,21,0分钟
20211019172744,关,关,关,49°C,50%,23,0分钟
20211019172754,关,关,关,49°C,50%,25,0分钟
20211019172758,关,关,关,49°C,50%,23,0分钟
20211019172800,关,关,关,49°C,50%,25,0分钟
20211019172802,关,关,关,49°C,50%,23,0分钟
20211019172804,关,关,关,49°C,50%,25,0分钟
20211019172808,关,关,关,49°C,50%,23,0分钟
20211019172814,关,关,关,49°C,50%,25,0分钟
20211019172816,关,关,关,49°C,50%,23,0分钟
20211019172820,关,关,关,49°C,50%,25,0分钟
20211019172822,关,关,关,48°C,50%,25,0分钟
20211019172824,关,关,关,48°C,50%,23,0分钟
20211019172832,关,关,关,48°C,50%,22,0分钟
20211019172834,关,关,关,48°C,50%,25,0分钟
20211019172840,关,关,关,48°C,50%,23,0分钟
20211019172852,关,关,关,48°C,50%,25,0分钟
20211019172854,关,关,关,48°C,50%,23,0分钟
20211019172857,关,关,关,48°C,50%,20,0分钟
20211019172859,关,关,关,48°C,50%,25,0分钟
20211019172905,关,关,关,48°C,50%,23,0分钟
20211019172911,关,关,关,48°C,50%,25,0分钟
20211019172915,关,关,关,48°C,50%,23,0分钟
20211019172919,关,关,关,48°C,50%,25,0分钟
20211019172923,关,关,关,48°C,50%,23,0分钟
20211019172929,关,关,关,48°C,50%,25,0分钟
20211019172937,关,关,关,48°C,50%,23,0分钟
20211019172941,关,关,关,48°C,50%,25,0分钟
20211019172951,关,关,关,48°C,50%,23,0分钟
20211019172953,关,关,关,48°C,50%,23,0分钟
20211019172955,关,关,关,47°C,50%,23,0分钟
20211019173001,关,关,关,47°C,50%,25,0分钟
20211019173007,关,关,关,47°C,50%,23,0分钟
20211019173009,关,关,关,47°C,50%,25,0分钟
20211019173011,关,关,关,47°C,50%,23,0分钟
20211019173013,关,关,关,47°C,50%,25,0分钟
20211019173025,关,关,关,47°C,50%,23,0分钟
20211019173029,关,关,关,47°C,50%,21,0分钟
20211019173035,关,关,关,47°C,50%,23,0分钟
20211019173048,关,关,关,47°C,50%,25,0分钟
20211019173054,关,关,关,47°C,50%,25,0分钟
20211019173058,关,关,关,47°C,50%,23,0分钟
20211019173106,关,关,关,47°C,50%,25,0分钟
20211019173108,关,关,关,47°C,50%,23,0分钟
20211019173116,关,关,关,47°C,50%,25,0分钟
20211019173120,关,关,关,47°C,50%,23,0分钟
20211019173124,关,关,关,47°C,50%,25,0分钟
20211019173128,关,关,关,46°C,50%,20,0分钟
20211019173130,关,关,关,46°C,50%,25,0分钟
20211019173132,关,关,关,46°C,50%,18,0分钟
20211019173313,关,关,关,46°C,50%,0,0分钟
20211019173434,关,关,关,45°C,50%,0,0分钟
20211019173436,关,关,关,45°C,50%,8,0分钟
20211019173923,关,关,关,45°C,50%,0,0分钟
20211019174424,关,关,关,44°C,50%,0,0分钟
20211019174428,关,关,关,44°C,25%,0,0分钟
20211019174458,开,开,关,44°C,25%,0,8分钟
20211019174559,开,开,关,44°C,25%,0,7分钟
20211019174619,开,开,关,44°C,25%,0,6分钟
20211019174621,开,开,关,44°C,25%,48,6分钟
20211019174627,开,开,关,44°C,25%,50,6分钟
20211019174629,开,开,关,44°C,25%,51,6分钟
20211019174631,开,开,关,44°C,25%,50,6分钟
20211019174633,开,开,关,44°C,25%,51,6分钟
20211019174637,开,开,关,44°C,25%,50,6分钟
20211019174641,开,开,关,44°C,25%,51,6分钟
20211019174643,开,开,关,44°C,25%,46,6分钟
20211019174645,开,开,关,44°C,25%,50,9分钟
20211019174647,开,开,关,44°C,25%,52,9分钟
20211019174651,开,开,关,43°C,25%,51,9分钟
20211019174659,开,开,关,43°C,25%,52,9分钟
20211019174701,开,开,关,43°C,25%,51,9分钟
20211019174711,开,开,关,43°C,25%,52,9分钟
20211019174713,开,开,关,43°C,25%,51,9分钟
20211019174715,开,开,关,43°C,25%,51,11分钟
20211019174717,开,开,关,43°C,25%,52,11分钟
20211019174719,开,开,关,42°C,25%,50,11分钟
20211019174721,开,开,关,42°C,25%,42,11分钟
20211019174723,开,开,关,42°C,25%,23,11分钟
20211019174726,开,开,关,42°C,25%,17,11分钟
20211019174727,开,开,关,42°C,25%,18,11分钟
20211019174731,开,开,关,42°C,25%,22,11分钟
20211019174733,开,开,关,42°C,25%,21,11分钟
20211019174735,开,开,关,42°C,25%,22,11分钟
20211019174750,开,开,关,42°C,25%,22,10分钟
20211019174752,开,开,关,42°C,25%,23,10分钟
20211019174756,开,开,关,42°C,25%,22,10分钟
20211019174800,开,开,关,42°C,25%,22,12分钟
20211019174802,开,开,关,41°C,25%,22,12分钟
20211019174804,开,开,关,41°C,25%,21,12分钟
20211019174814,开,开,关,41°C,25%,22,12分钟
20211019174818,开,开,关,41°C,25%,23,12分钟
20211019174824,开,开,关,41°C,25%,22,12分钟
20211019174826,开,开,关,41°C,25%,23,12分钟
20211019174835,开,开,关,41°C,25%,22,12分钟
20211019174836,开,开,关,41°C,25%,23,12分钟
20211019174840,开,开,关,41°C,25%,22,12分钟
20211019174842,开,开,关,41°C,25%,23,12分钟
20211019174844,开,开,关,41°C,25%,21,11分钟
20211019174856,开,开,关,41°C,25%,22,11分钟
20211019174900,开,开,关,41°C,25%,21,11分钟
20211019174902,开,开,关,41°C,25%,23,11分钟
20211019174906,开,开,关,41°C,25%,22,11分钟
20211019174908,开,开,关,41°C,25%,23,11分钟
20211019174915,开,开,关,41°C,25%,22,11分钟
20211019174916,开,开,关,41°C,25%,21,11分钟
20211019174921,开,开,关,41°C,25%,22,11分钟
20211019174922,开,开,关,41°C,25%,21,11分钟
20211019174924,开,开,关,41°C,25%,22,11分钟
20211019174927,开,开,关,41°C,25%,21,11分钟
20211019174935,开,开,关,41°C,25%,22,11分钟
20211019174937,开,开,关,41°C,25%,17,11分钟
20211019174939,开,开,关,41°C,25%,23,11分钟
20211019174943,开,开,关,41°C,25%,22,14分钟
20211019174945,开,开,关,40°C,25%,22,14分钟
20211019174947,开,开,关,40°C,25%,22,12分钟
20211019174949,开,开,关,40°C,25%,23,12分钟
20211019174951,开,开,关,41°C,25%,23,12分钟
20211019174953,开,开,关,41°C,25%,22,14分钟
20211019174955,开,开,关,41°C,25%,23,14分钟
20211019174957,开,开,关,40°C,25%,22,14分钟
20211019174959,开,开,关,40°C,25%,23,14分钟
20211019175001,开,开,关,40°C,25%,22,14分钟
20211019175003,开,开,关,40°C,25%,17,14分钟
20211019175005,开,开,关,40°C,25%,18,13分钟
20211019175011,开,开,关,40°C,25%,23,13分钟
20211019175013,开,开,关,40°C,25%,18,13分钟
20211019175015,开,开,关,40°C,25%,25,13分钟
20211019175023,开,开,关,40°C,25%,23,13分钟
20211019175025,开,开,关,40°C,25%,22,13分钟
20211019175027,开,开,关,40°C,25%,23,13分钟
20211019175031,开,开,关,40°C,25%,22,13分钟
20211019175033,开,开,关,40°C,25%,23,13分钟
20211019175035,开,开,关,40°C,25%,22,13分钟
20211019175041,开,开,关,40°C,25%,23,13分钟
20211019175047,开,开,关,40°C,25%,22,13分钟
20211019175057,开,开,关,40°C,25%,23,13分钟
20211019175059,开,开,关,40°C,25%,22,13分钟
20211019175101,开,开,关,40°C,25%,23,13分钟
20211019175103,开,开,关,40°C,25%,22,13分钟
20211019175105,开,开,关,40°C,25%,22,15分钟
20211019175108,开,开,关,40°C,25%,23,15分钟
20211019175111,开,开,关,39°C,25%,23,15分钟
20211019175114,开,开,关,39°C,25%,22,15分钟
20211019175116,开,开,关,39°C,25%,23,15分钟
20211019175118,开,开,关,39°C,25%,22,15分钟
20211019175130,开,开,关,39°C,25%,23,15分钟
20211019175132,开,开,关,39°C,25%,22,15分钟
20211019175134,开,开,关,39°C,25%,23,15分钟
20211019175136,开,开,关,39°C,25%,22,15分钟
20211019175138,开,开,关,39°C,25%,23,15分钟
20211019175140,开,开,关,39°C,25%,21,15分钟
20211019175144,开,开,关,39°C,25%,23,14分钟
20211019175146,开,开,关,39°C,25%,22,14分钟
20211019175154,开,开,关,39°C,25%,23,14分钟
20211019175158,开,开,关,39°C,25%,22,14分钟
20211019175206,开,开,关,39°C,25%,23,14分钟
20211019175208,开,开,关,39°C,25%,22,14分钟
20211019175216,开,开,关,39°C,25%,23,14分钟
20211019175218,开,开,关,39°C,25%,22,14分钟
20211019175220,开,开,关,39°C,25%,23,14分钟
20211019175222,开,开,关,39°C,25%,22,14分钟
20211019175228,开,开,关,39°C,25%,23,14分钟
20211019175230,开,开,关,39°C,25%,23,17分钟
20211019175232,开,开,关,39°C,25%,22,16分钟
20211019175234,开,开,关,38°C,25%,23,16分钟
20211019175236,开,开,关,38°C,25%,22,16分钟
20211019175238,开,开,关,38°C,25%,23,16分钟
20211019175240,开,开,关,38°C,25%,25,16分钟
20211019175242,开,开,关,38°C,25%,22,15分钟
20211019175244,开,开,关,38°C,25%,23,15分钟
20211019175247,开,开,关,39°C,25%,22,15分钟
20211019175249,开,开,关,39°C,25%,22,17分钟
20211019175251,开,开,关,39°C,25%,22,16分钟
20211019175257,开,开,关,38°C,25%,23,16分钟
20211019175301,开,开,关,38°C,25%,22,16分钟
20211019175309,开,开,关,38°C,25%,23,16分钟
20211019175311,开,开,关,38°C,25%,22,16分钟
20211019175323,开,开,关,38°C,25%,23,16分钟
20211019175327,开,开,关,38°C,25%,23,18分钟
20211019175329,开,开,关,37°C,25%,22,18分钟
20211019175335,开,开,关,37°C,25%,23,18分钟
20211019175337,开,开,关,37°C,25%,22,18分钟
20211019175339,开,开,关,37°C,25%,23,18分钟
20211019175341,开,开,关,37°C,25%,22,18分钟
20211019175343,开,开,关,37°C,25%,23,18分钟
20211019175345,开,开,关,37°C,25%,22,18分钟
20211019175349,开,开,关,37°C,25%,23,18分钟
20211019175351,开,开,关,37°C,25%,22,17分钟
20211019175357,开,开,关,37°C,25%,23,17分钟
20211019175401,开,开,关,37°C,25%,22,17分钟
20211019175405,开,开,关,37°C,25%,22,17分钟
20211019175411,开,开,关,37°C,25%,23,17分钟
20211019175415,开,开,关,37°C,25%,23,19分钟
20211019175417,开,开,关,36°C,25%,22,19分钟
20211019175423,开,开,关,36°C,25%,23,19分钟
20211019175425,开,开,关,36°C,25%,22,19分钟
20211019175432,开,开,关,36°C,25%,23,19分钟
20211019175436,开,开,关,36°C,25%,22,19分钟
20211019175442,开,开,关,36°C,25%,23,19分钟
20211019175444,开,开,关,36°C,25%,22,21分钟
20211019175446,开,开,关,36°C,25%,23,21分钟
20211019175450,开,开,关,35°C,25%,23,21分钟
20211019175452,开,开,关,35°C,25%,22,21分钟
20211019175454,开,开,关,35°C,25%,23,21分钟
20211019175456,开,开,关,35°C,25%,22,21分钟
20211019175458,开,开,关,35°C,25%,23,21分钟
20211019175500,开,开,关,35°C,25%,22,20分钟
20211019175502,开,开,关,35°C,25%,23,20分钟
20211019175504,开,开,关,35°C,25%,17,20分钟
20211019175539,开,开,关,34°C,25%,0,22分钟
20211019175540,开,开,关,34°C,25%,0,21分钟
20211019175542,开,开,关,35°C,25%,0,21分钟
20211019175546,开,开,关,35°C,25%,0,22分钟
20211019175625,开,开,关,34°C,25%,0,22分钟
20211019175629,开,开,关,34°C,25%,0,21分钟
20211019175641,开,开,关,35°C,25%,0,21分钟
20211019175741,开,开,关,35°C,25%,0,20分钟
20211019175838,开,开,关,35°C,25%,0,19分钟
20211019175842,开,开,关,36°C,25%,0,18分钟
20211019175904,开,开,关,37°C,25%,0,18分钟
20211019175947,开,开,关,37°C,25%,0,17分钟
20211019175949,开,开,关,37°C,25%,0,16分钟
20211019180021,开,开,关,38°C,25%,0,16分钟
20211019180025,开,开,关,38°C,25%,0,15分钟
20211019180057,开,开,关,39°C,25%,0,15分钟
20211019180126,开,开,关,39°C,25%,0,14分钟
20211019180134,开,开,关,40°C,25%,0,14分钟
20211019180202,开,开,关,40°C,25%,0,13分钟
20211019180244,开,开,关,41°C,25%,0,12分钟
20211019180309,开,开,关,41°C,25%,0,11分钟
20211019180328,开,开,关,42°C,25%,0,11分钟
20211019180359,开,开,关,42°C,25%,0,10分钟
20211019180403,开,开,关,42°C,25%,0,9分钟
20211019180448,开,开,关,43°C,25%,0,9分钟
20211019180452,开,开,关,43°C,25%,0,8分钟
20211019180540,开,开,关,44°C,25%,0,8分钟
20211019180542,开,开,关,45°C,25%,0,7分钟
20211019180546,开,开,关,45°C,25%,0,8分钟
20211019180548,开,开,关,44°C,25%,0,8分钟
20211019180553,开,开,关,44°C,25%,0,7分钟
20211019180554,开,开,关,45°C,25%,0,7分钟
20211019180625,开,开,关,45°C,25%,0,6分钟
20211019180629,开,开,关,45°C,25%,0,5分钟
20211019180707,开,开,关,46°C,25%,0,5分钟
20211019180735,开,开,关,46°C,25%,0,4分钟
20211019180737,开,开,关,47°C,25%,0,4分钟
20211019180741,开,开,关,47°C,25%,0,5分钟
20211019180743,开,开,关,46°C,25%,0,5分钟
20211019180747,开,开,关,46°C,25%,0,4分钟
20211019180800,开,开,关,47°C,25%,0,4分钟
20211019180856,开,开,关,47°C,25%,0,3分钟
20211019180900,开,开,关,47°C,25%,0,2分钟
20211019180945,开,开,关,48°C,25%,0,2分钟
20211019180949,开,开,关,48°C,25%,0,1分钟
20211019181011,开,开,关,49°C,25%,0,1分钟
20211019181033,开,开,关,49°C,25%,0,0分钟
20211019181035,开,关,开,50°C,100%,0,0分钟
20211019181329,开,关,开,50°C,50%,0,0分钟
20211019181335,开,关,开,51°C,50%,0,0分钟
20211019181341,开,关,开,50°C,50%,0,0分钟
20211019181802,开,关,开,51°C,50%,0,0分钟
20211019181814,开,关,开,50°C,50%,0,0分钟
20211019181844,开,关,开,51°C,50%,0,0分钟
20211019181850,开,关,开,50°C,50%,0,0分钟
20211019181902,开,关,开,51°C,50%,0,0分钟
20211019181926,开,关,开,50°C,50%,0,0分钟
20211019181939,开,关,开,51°C,50%,0,0分钟
20211019185423,开,关,开,50°C,50%,0,0分钟
20211019195115,关,关,关,50°C,50%,0,0分钟
20211019195356,关,关,关,50°C,50%,0,0分钟
20211019195408,关,关,关,49°C,50%,0,0分钟
20211019195445,关,关,关,50°C,50%,0,0分钟
20211019195451,关,关,关,49°C,50%,0,0分钟
20211019195503,关,关,关,50°C,50%,0,0分钟
20211019195509,关,关,关,49°C,50%,0,0分钟
20211019195545,关,关,关,50°C,50%,0,0分钟
20211019195557,关,关,关,49°C,50%,0,0分钟
20211019195609,关,关,关,50°C,50%,0,0分钟
20211019195616,关,关,关,49°C,50%,0,0分钟
20211019195634,关,关,关,50°C,50%,0,0分钟
20211019195640,关,关,关,49°C,50%,0,0分钟
20211019195652,关,关,关,50°C,50%,0,0分钟
20211019195716,关,关,关,49°C,50%,0,0分钟
20211019195740,关,关,关,50°C,50%,0,0分钟
20211019195746,关,关,关,49°C,50%,0,0分钟
20211019195753,关,关,关,50°C,50%,0,0分钟
20211019200106,关,关,关,49°C,50%,0,0分钟
20211019200112,关,关,关,50°C,50%,0,0分钟
20211019212451,关,关,关,49°C,50%,0,0分钟
20211019212521,关,关,关,49°C,50%,0,0分钟
20211019212527,关,关,关,48°C,50%,0,0分钟
20211019212533,关,关,关,49°C,50%,0,0分钟
20211019212545,关,关,关,48°C,50%,0,0分钟
20211019212634,关,关,关,49°C,50%,0,0分钟
20211019212646,关,关,关,48°C,50%,0,0分钟
20211019212704,关,关,关,49°C,50%,0,0分钟
20211019212716,关,关,关,48°C,50%,0,0分钟
20211019212759,关,关,关,49°C,50%,0,0分钟
20211019212805,关,关,关,48°C,50%,0,0分钟
20211019212811,关,关,关,49°C,50%,0,0分钟
20211019212818,关,关,关,48°C,50%,0,0分钟
20211019212835,关,关,关,49°C,50%,0,0分钟
20211019212847,关,关,关,48°C,50%,0,0分钟
20211019212905,关,关,关,49°C,50%,0,0分钟
20211019212942,关,关,关,48°C,50%,0,0分钟
20211019212954,关,关,关,49°C,50%,0,0分钟
20211019213042,关,关,关,48°C,50%,0,0分钟
20211019213048,关,关,关,49°C,50%,0,0分钟
20211019213201,关,关,关,48°C,50%,0,0分钟
20211019213207,关,关,关,49°C,50%,0,0分钟
20211019213243,关,关,关,48°C,50%,0,0分钟
20211019213245,关,关,关,48°C,50%,26,0分钟
20211019213247,关,关,关,48°C,50%,47,0分钟
20211019213251,关,关,关,48°C,50%,48,0分钟
20211019213253,关,关,关,48°C,50%,50,0分钟
20211019213303,关,关,关,48°C,50%,48,0分钟
20211019213306,关,关,关,48°C,50%,51,0分钟
20211019213308,关,关,关,48°C,50%,50,0分钟
20211019213310,关,关,关,48°C,50%,51,0分钟
20211019213322,关,关,关,48°C,50%,50,0分钟
20211019213324,关,关,关,48°C,50%,51,0分钟
20211019213326,关,关,关,48°C,50%,50,0分钟
20211019213328,关,关,关,48°C,50%,42,0分钟
20211019213330,关,关,关,48°C,50%,43,0分钟
20211019213332,关,关,关,48°C,50%,47,0分钟
20211019213334,关,关,关,48°C,50%,48,0分钟
20211019213340,关,关,关,48°C,50%,47,0分钟
20211019213344,关,关,关,48°C,50%,46,0分钟
20211019213346,关,关,关,48°C,50%,47,0分钟
20211019213348,关,关,关,48°C,50%,56,0分钟
20211019213350,关,关,关,48°C,50%,42,0分钟
20211019213400,关,关,关,48°C,50%,40,0分钟
20211019213406,关,关,关,48°C,50%,37,0分钟
20211019213408,关,关,关,48°C,50%,38,0分钟
20211019213410,关,关,关,48°C,50%,36,0分钟
20211019213412,关,关,关,48°C,50%,37,0分钟
20211019213414,关,关,关,48°C,50%,36,0分钟
20211019213423,关,关,关,48°C,50%,37,0分钟
20211019213424,关,关,关,48°C,50%,36,0分钟
20211019213426,关,关,关,48°C,50%,33,0分钟
20211019213442,关,关,关,48°C,50%,35,0分钟
20211019213444,关,关,关,48°C,50%,33,0分钟
20211019213449,关,关,关,48°C,50%,35,0分钟
20211019213451,关,关,关,48°C,50%,36,0分钟
20211019213459,关,关,关,48°C,50%,35,0分钟
20211019213503,关,关,关,48°C,50%,36,0分钟
20211019213505,关,关,关,48°C,50%,35,0分钟
20211019213507,关,关,关,48°C,50%,23,0分钟
20211019213539,关,关,关,48°C,50%,0,0分钟
20211019213632,关,关,关,47°C,50%,0,0分钟
20211019213638,关,关,关,47°C,50%,35,0分钟
20211019213640,关,关,关,47°C,50%,33,0分钟
20211019213650,关,关,关,47°C,50%,35,0分钟
20211019213652,关,关,关,47°C,50%,36,0分钟
20211019213710,关,关,关,47°C,50%,35,0分钟
20211019213712,关,关,关,47°C,50%,36,0分钟
20211019213718,关,关,关,47°C,50%,35,0分钟
20211019213720,关,关,关,47°C,50%,36,0分钟
20211019213726,关,关,关,47°C,50%,35,0分钟
20211019213728,关,关,关,47°C,50%,36,0分钟
20211019213736,关,关,关,47°C,50%,35,0分钟
20211019213741,关,关,关,47°C,50%,36,0分钟
20211019213754,关,关,关,47°C,50%,35,0分钟
20211019213800,关,关,关,47°C,50%,36,0分钟
20211019213802,关,关,关,47°C,50%,35,0分钟
20211019213804,关,关,关,47°C,50%,36,0分钟
20211019213810,关,关,关,47°C,50%,35,0分钟
20211019213813,关,关,关,47°C,50%,36,0分钟
20211019213815,关,关,关,47°C,50%,35,0分钟
20211019213817,关,关,关,47°C,50%,36,0分钟
20211019213819,关,关,关,47°C,50%,35,0分钟
20211019213821,关,关,关,47°C,50%,36,0分钟
20211019213831,关,关,关,47°C,50%,35,0分钟
20211019213843,关,关,关,47°C,50%,36,0分钟
20211019213847,关,关,关,47°C,50%,35,0分钟
20211019213849,关,关,关,47°C,50%,36,0分钟
20211019213853,关,关,关,47°C,50%,35,0分钟
20211019213859,关,关,关,47°C,50%,36,0分钟
20211019213903,关,关,关,47°C,50%,35,0分钟
20211019213905,关,关,关,47°C,50%,36,0分钟
20211019213909,关,关,关,47°C,50%,35,0分钟
20211019213912,关,关,关,47°C,50%,36,0分钟
20211019213915,关,关,关,47°C,50%,35,0分钟
20211019213917,关,关,关,47°C,50%,36,0分钟
20211019213923,关,关,关,47°C,50%,35,0分钟
20211019213925,关,关,关,46°C,50%,36,0分钟
20211019213927,关,关,关,46°C,50%,35,0分钟
20211019213929,关,关,关,46°C,50%,36,0分钟
20211019213931,关,关,关,46°C,50%,35,0分钟
20211019213933,关,关,关,46°C,50%,36,0分钟
20211019213939,关,关,关,46°C,50%,35,0分钟
20211019213943,关,关,关,46°C,50%,36,0分钟
20211019213945,关,关,关,46°C,50%,35,0分钟
20211019213950,关,关,关,46°C,50%,36,0分钟
20211019213956,关,关,关,46°C,50%,35,0分钟
20211019213958,关,关,关,46°C,50%,36,0分钟
20211019214012,关,关,关,46°C,50%,35,0分钟
20211019214014,关,关,关,46°C,50%,36,0分钟
20211019214026,关,关,关,46°C,50%,35,0分钟
20211019214030,关,关,关,46°C,50%,36,0分钟
20211019214034,关,关,关,45°C,25%,36,0分钟
20211019214038,关,关,关,45°C,25%,35,0分钟
20211019214040,关,关,关,45°C,25%,36,0分钟
20211019214050,关,关,关,45°C,25%,35,0分钟
20211019214052,关,关,关,45°C,25%,36,0分钟
20211019214054,关,关,关,45°C,25%,35,0分钟
20211019214058,关,关,关,44°C,25%,36,0分钟
20211019214108,关,关,关,44°C,25%,35,0分钟
20211019214110,关,关,关,44°C,25%,36,0分钟
20211019214112,关,关,关,44°C,25%,35,0分钟
20211019214118,关,关,关,44°C,25%,36,0分钟
20211019214122,关,关,关,43°C,25%,35,0分钟
20211019214126,关,关,关,43°C,25%,36,0分钟
20211019214130,关,关,关,43°C,25%,35,0分钟
20211019214132,关,关,关,43°C,25%,36,0分钟
20211019214137,关,关,关,43°C,25%,35,0分钟
20211019214139,关,关,关,42°C,25%,36,0分钟
20211019214149,关,关,关,42°C,25%,35,0分钟
20211019214155,关,关,关,41°C,25%,35,0分钟
20211019214159,关,关,关,41°C,25%,36,0分钟
20211019214201,关,关,关,41°C,25%,20,0分钟
20211019214207,关,关,关,41°C,25%,0,0分钟
20211019214224,关,关,关,40°C,25%,0,0分钟
20211019214243,关,关,关,39°C,25%,0,0分钟
20211019214314,关,关,关,38°C,25%,0,0分钟
20211019214705,关,关,关,37°C,25%,8,0分钟
20211019215428,关,关,关,37°C,25%,0,0分钟
20211019215430,关,关,关,37°C,25%,8,0分钟
20211019215436,关,关,关,37°C,25%,0,0分钟
20211019215438,关,关,关,37°C,25%,8,0分钟
20211019215539,关,关,关,37°C,25%,0,0分钟
20211019215703,关,关,关,36°C,25%,0,0分钟
20211019215716,关,关,关,37°C,25%,0,0分钟
20211019215828,关,关,关,36°C,25%,0,0分钟
20211019215840,关,关,关,37°C,25%,0,0分钟
20211019215905,关,关,关,36°C,25%,0,0分钟
20211019215917,关,关,关,37°C,25%,0,0分钟
20211019215959,关,关,关,36°C,25%,0,0分钟
20211019220030,关,关,关,37°C,25%,0,0分钟
20211019220106,关,关,关,36°C,25%,0,0分钟
20211019220617,关,关,关,37°C,25%,0,0分钟
20211020013824,关,关,关,37°C,25%,0,0分钟
20211020014120,关,关,关,37°C,25%,0,0分钟
20211020014126,关,关,关,36°C,25%,0,0分钟
20211020014409,关,关,关,37°C,25%,0,0分钟
20211020014415,关,关,关,36°C,25%,0,0分钟
20211020014546,关,关,关,37°C,25%,0,0分钟
20211020014552,关,关,关,36°C,25%,0,0分钟
20211020014558,关,关,关,37°C,25%,0,0分钟
20211020014604,关,关,关,36°C,25%,0,0分钟
20211020014610,关,关,关,37°C,25%,0,0分钟
20211020014617,关,关,关,36°C,25%,0,0分钟
20211020014635,关,关,关,37°C,25%,0,0分钟
20211020014641,关,关,关,36°C,25%,0,0分钟
20211020014659,关,关,关,37°C,25%,0,0分钟
20211020014705,关,关,关,36°C,25%,0,0分钟
20211020014818,关,关,关,37°C,25%,0,0分钟
20211020014824,关,关,关,36°C,25%,0,0分钟
20211020014854,关,关,关,37°C,25%,0,0分钟
20211020014900,关,关,关,36°C,25%,0,0分钟
20211020014918,关,关,关,37°C,25%,0,0分钟
20211020014930,关,关,关,36°C,25%,0,0分钟
20211020014936,关,关,关,37°C,25%,0,0分钟
20211020014943,关,关,关,36°C,25%,0,0分钟
20211020015113,关,关,关,37°C,25%,0,0分钟
20211020015119,关,关,关,36°C,25%,0,0分钟
20211020015202,关,关,关,37°C,25%,0,0分钟
20211020015208,关,关,关,36°C,25%,0,0分钟
20211020015232,关,关,关,37°C,25%,0,0分钟
20211020015238,关,关,关,36°C,25%,0,0分钟
20211020015256,关,关,关,37°C,25%,0,0分钟
20211020015302,关,关,关,36°C,25%,0,0分钟
20211020015321,关,关,关,37°C,25%,0,0分钟
20211020015333,关,关,关,36°C,25%,0,0分钟
20211020015427,关,关,关,37°C,25%,0,0分钟
20211020015445,关,关,关,36°C,25%,0,0分钟
20211020015510,关,关,关,37°C,25%,0,0分钟
20211020015534,关,关,关,36°C,25%,0,0分钟
20211020015540,关,关,关,37°C,25%,0,0分钟
20211020015552,关,关,关,36°C,25%,0,0分钟
20211020015711,关,关,关,37°C,25%,0,0分钟
20211020015717,关,关,关,36°C,25%,0,0分钟
20211020015817,关,关,关,37°C,25%,0,0分钟
20211020015823,关,关,关,36°C,25%,0,0分钟
20211020015850,关,关,关,37°C,25%,0,0分钟
20211020015856,关,关,关,37°C,25%,0,0分钟
20211020015908,关,关,关,36°C,25%,0,0分钟
20211020015914,关,关,关,37°C,25%,0,0分钟
20211020015926,关,关,关,36°C,25%,0,0分钟
20211020015932,关,关,关,37°C,25%,0,0分钟
20211020015950,关,关,关,36°C,25%,0,0分钟
20211020015956,关,关,关,37°C,25%,0,0分钟
20211020020027,关,关,关,36°C,25%,0,0分钟
20211020020033,关,关,关,37°C,25%,0,0分钟
20211020020103,关,关,关,36°C,25%,0,0分钟
20211020020109,关,关,关,37°C,25%,0,0分钟
20211020020151,关,关,关,36°C,25%,0,0分钟
20211020020158,关,关,关,37°C,25%,0,0分钟
20211020020234,关,关,关,36°C,25%,0,0分钟
20211020020240,关,关,关,37°C,25%,0,0分钟
20211020020347,关,关,关,36°C,25%,0,0分钟
20211020020624,关,关,关,36°C,25%,0,0分钟
20211020020630,关,关,关,37°C,25%,0,0分钟
20211020020700,关,关,关,36°C,25%,0,0分钟
20211020020706,关,关,关,37°C,25%,0,0分钟
20211020021620,关,关,关,36°C,25%,0,0分钟
20211020064211,关,关,关,36°C,0%,0,0分钟
20211020064449,关,关,关,36°C,0%,0,0分钟
20211020064455,关,关,关,35°C,0%,0,0分钟
20211020064738,关,关,关,36°C,0%,0,0分钟
20211020064744,关,关,关,35°C,0%,0,0分钟
20211020064927,关,关,关,36°C,0%,0,0分钟
20211020064933,关,关,关,35°C,0%,0,0分钟
20211020065028,关,关,关,36°C,0%,0,0分钟
20211020065034,关,关,关,35°C,0%,0,0分钟
20211020065336,关,关,关,36°C,0%,0,0分钟
20211020065342,关,关,关,35°C,0%,0,0分钟
20211020065400,关,关,关,36°C,0%,0,0分钟
20211020065406,关,关,关,35°C,0%,0,0分钟
20211020065525,关,关,关,36°C,0%,0,0分钟
20211020065531,关,关,关,35°C,0%,0,0分钟
20211020065537,关,关,关,36°C,0%,0,0分钟
20211020065543,关,关,关,35°C,0%,0,0分钟
20211020065619,关,关,关,36°C,0%,0,0分钟
20211020065631,关,关,关,35°C,0%,0,0分钟
20211020065637,关,关,关,36°C,0%,0,0分钟
20211020065643,关,关,关,35°C,0%,0,0分钟
20211020065702,关,关,关,36°C,0%,0,0分钟
20211020065708,关,关,关,35°C,0%,0,0分钟
20211020065714,关,关,关,36°C,0%,0,0分钟
20211020065720,关,关,关,35°C,0%,0,0分钟
20211020065738,关,关,关,36°C,0%,0,0分钟
20211020065744,关,关,关,35°C,0%,0,0分钟
20211020065750,关,关,关,36°C,0%,0,0分钟
20211020065756,关,关,关,35°C,0%,0,0分钟
20211020065826,关,关,关,36°C,0%,0,0分钟
20211020065832,关,关,关,35°C,0%,0,0分钟
20211020065838,关,关,关,36°C,0%,0,0分钟
20211020065845,关,关,关,35°C,0%,0,0分钟
20211020065903,关,关,关,36°C,0%,0,0分钟
20211020065909,关,关,关,35°C,0%,0,0分钟
20211020065918,关,关,关,36°C,0%,0,0分钟
20211020065921,关,关,关,35°C,0%,0,0分钟
20211020065931,关,关,关,36°C,0%,0,0分钟
20211020065933,关,关,关,36°C,0%,8,0分钟
20211020065939,关,关,关,36°C,0%,0,0分钟
20211020065951,关,关,关,35°C,0%,0,0分钟
20211020070003,关,关,关,36°C,0%,0,0分钟
20211020070009,关,关,关,35°C,0%,0,0分钟
20211020070015,关,关,关,36°C,0%,0,0分钟
20211020070028,关,关,关,35°C,0%,0,0分钟
20211020070034,关,关,关,36°C,0%,0,0分钟
20211020070040,关,关,关,35°C,0%,0,0分钟
20211020070052,关,关,关,36°C,0%,0,0分钟
20211020070104,关,关,关,35°C,0%,0,0分钟
20211020070110,关,关,关,36°C,0%,0,0分钟
20211020070128,关,关,关,35°C,0%,0,0分钟
20211020070134,关,关,关,36°C,0%,0,0分钟
20211020070146,关,关,关,35°C,0%,0,0分钟
20211020070152,关,关,关,36°C,0%,0,0分钟
20211020070158,关,关,关,35°C,0%,0,0分钟
20211020070211,关,关,关,36°C,0%,0,0分钟
20211020070217,关,关,关,35°C,0%,0,0分钟
20211020070223,关,关,关,36°C,0%,0,0分钟
20211020070235,关,关,关,35°C,0%,0,0分钟
20211020070241,关,关,关,36°C,0%,0,0分钟
20211020070247,关,关,关,35°C,0%,0,0分钟
20211020070253,关,关,关,36°C,0%,0,0分钟
20211020070259,关,关,关,35°C,0%,0,0分钟
20211020070305,关,关,关,36°C,0%,0,0分钟
20211020070317,关,关,关,35°C,0%,0,0分钟
20211020070323,关,关,关,36°C,0%,0,0分钟
20211020070341,关,关,关,35°C,0%,0,0分钟
20211020070347,关,关,关,36°C,0%,0,0分钟
20211020070400,关,关,关,35°C,0%,0,0分钟
20211020070436,关,关,关,36°C,0%,0,0分钟
20211020070448,关,关,关,35°C,0%,0,0分钟
20211020070454,关,关,关,36°C,0%,0,0分钟
20211020070506,关,关,关,35°C,0%,0,0分钟
20211020070518,关,关,关,36°C,0%,0,0分钟
20211020070524,关,关,关,35°C,0%,0,0分钟
20211020070530,关,关,关,36°C,0%,0,0分钟
20211020070555,关,关,关,35°C,0%,0,0分钟
20211020070613,关,关,关,36°C,0%,0,0分钟
20211020070621,关,关,关,35°C,0%,0,0分钟
20211020070631,关,关,关,36°C,0%,0,0分钟
20211020070707,关,关,关,35°C,0%,0,0分钟
20211020070713,关,关,关,36°C,0%,0,0分钟
20211020070732,关,关,关,35°C,0%,0,0分钟
20211020070738,关,关,关,36°C,0%,0,0分钟
20211020070744,关,关,关,35°C,0%,0,0分钟
20211020070756,关,关,关,36°C,0%,0,0分钟
20211020070808,关,关,关,35°C,0%,0,0分钟
20211020070820,关,关,关,36°C,0%,0,0分钟
20211020070844,关,关,关,35°C,0%,0,0分钟
20211020070856,关,关,关,36°C,0%,0,0分钟
20211020070921,关,关,关,35°C,0%,0,0分钟
20211020070927,关,关,关,36°C,0%,0,0分钟
20211020071009,关,关,关,35°C,0%,0,0分钟
20211020071027,关,关,关,36°C,0%,0,0分钟
20211020071033,关,关,关,35°C,0%,0,0分钟
20211020071039,关,关,关,36°C,0%,0,0分钟
20211020071058,关,关,关,35°C,0%,0,0分钟
20211020071110,关,关,关,36°C,0%,0,0分钟
20211020071140,关,关,关,35°C,0%,0,0分钟
20211020071146,关,关,关,36°C,0%,0,0分钟
20211020071229,关,关,关,35°C,0%,0,0分钟
20211020071241,关,关,关,36°C,0%,0,0分钟
20211020071259,关,关,关,35°C,0%,0,0分钟
20211020071305,关,关,关,36°C,0%,0,0分钟
20211020071359,关,关,关,35°C,0%,0,0分钟
20211020071405,关,关,关,36°C,0%,0,0分钟
20211020071418,关,关,关,35°C,0%,0,0分钟
20211020071424,关,关,关,36°C,0%,0,0分钟
20211020071430,关,关,关,35°C,0%,0,0分钟
20211020071436,关,关,关,36°C,0%,0,0分钟
20211020071442,关,关,关,35°C,0%,0,0分钟
20211020071448,关,关,关,36°C,0%,0,0分钟
20211020071506,关,关,关,35°C,0%,0,0分钟
20211020071512,关,关,关,36°C,0%,0,0分钟
20211020071518,关,关,关,35°C,0%,0,0分钟
20211020071530,关,关,关,36°C,0%,0,0分钟
20211020071545,关,关,关,35°C,0%,0,0分钟
20211020071548,关,关,关,36°C,0%,0,0分钟
20211020071725,关,关,关,35°C,0%,0,0分钟
20211020071731,关,关,关,36°C,0%,0,0分钟
20211020071826,关,关,关,35°C,0%,0,0分钟
20211020071838,关,关,关,36°C,0%,0,0分钟
20211020071951,关,关,关,35°C,0%,0,0分钟
20211020071957,关,关,关,36°C,0%,0,0分钟
20211020072252,关,关,关,35°C,0%,0,0分钟
20211020072254,关,关,关,35°C,0%,33,0分钟
20211020072518,关,关,关,35°C,0%,0,0分钟
20211020072520,关,关,关,35°C,0%,65,0分钟
20211020072522,关,关,关,35°C,0%,21,0分钟
20211020072558,关,关,关,35°C,0%,0,0分钟
20211020072600,关,关,关,35°C,0%,22,0分钟
20211020072602,关,关,关,35°C,0%,10,0分钟
20211020072620,关,关,关,35°C,0%,0,0分钟
20211020072622,关,关,关,35°C,0%,17,0分钟
20211020072627,关,关,关,35°C,0%,31,0分钟
20211020072741,关,关,关,35°C,0%,0,0分钟
20211020072743,关,关,关,35°C,0%,40,0分钟
20211020072747,关,关,关,35°C,0%,56,0分钟
20211020072749,关,关,关,35°C,0%,57,0分钟
20211020072751,关,关,关,35°C,0%,56,0分钟
20211020072755,关,关,关,35°C,0%,57,0分钟
20211020072759,关,关,关,35°C,0%,66,0分钟
20211020072809,关,关,关,35°C,0%,65,0分钟
20211020072818,关,关,关,35°C,0%,63,0分钟
20211020072820,关,关,关,35°C,0%,66,0分钟
20211020072822,关,关,关,35°C,0%,65,0分钟
20211020072824,关,关,关,35°C,0%,25,0分钟
20211020072840,关,关,关,35°C,0%,0,0分钟
20211020072842,关,关,关,35°C,0%,56,0分钟
20211020072844,关,关,关,35°C,0%,46,0分钟
20211020072902,关,关,关,35°C,0%,0,0分钟
20211020072904,关,关,关,35°C,0%,53,0分钟
20211020072906,关,关,关,35°C,0%,56,0分钟
20211020072908,关,关,关,35°C,0%,60,0分钟
20211020072916,关,关,关,35°C,0%,62,0分钟
20211020072920,关,关,关,35°C,0%,61,0分钟
20211020073017,关,关,关,35°C,0%,0,0分钟
20211020073019,关,关,关,35°C,0%,43,0分钟
20211020073027,关,关,关,35°C,0%,57,0分钟
20211020073029,关,关,关,35°C,0%,58,0分钟
20211020073035,关,关,关,35°C,0%,57,0分钟
20211020073041,关,关,关,35°C,0%,58,0分钟
20211020073043,关,关,关,35°C,0%,57,0分钟
20211020073045,关,关,关,35°C,0%,56,0分钟
20211020073047,关,关,关,35°C,0%,58,0分钟
20211020073051,关,关,关,35°C,0%,57,0分钟
20211020073053,关,关,关,35°C,0%,58,0分钟
20211020073308,关,关,关,35°C,0%,0,0分钟
20211020073310,关,关,关,35°C,0%,22,0分钟
20211020073312,关,关,关,35°C,0%,61,0分钟
20211020073325,关,关,关,35°C,0%,62,0分钟
20211020073326,关,关,关,35°C,0%,61,0分钟
20211020073329,关,关,关,35°C,0%,62,0分钟
20211020073331,关,关,关,35°C,0%,61,0分钟
20211020073339,关,关,关,35°C,0%,62,0分钟
20211020073341,关,关,关,35°C,0%,63,0分钟
20211020073405,关,关,关,35°C,0%,62,0分钟
20211020073407,关,关,关,35°C,0%,61,0分钟
20211020073415,关,关,关,35°C,0%,62,0分钟
20211020073417,关,关,关,35°C,0%,63,0分钟
20211020073419,关,关,关,34°C,0%,63,0分钟
20211020073435,关,关,关,34°C,0%,62,0分钟
20211020073437,关,关,关,34°C,0%,61,0分钟
20211020073445,关,关,关,34°C,0%,62,0分钟
20211020073447,关,关,关,34°C,0%,63,0分钟
20211020073451,关,关,关,34°C,0%,62,0分钟
20211020073453,关,关,关,34°C,0%,63,0分钟
20211020073455,关,关,关,33°C,0%,63,0分钟
20211020073457,关,关,关,33°C,0%,62,0分钟
20211020073501,关,关,关,33°C,0%,63,0分钟
20211020073508,关,关,关,33°C,0%,62,0分钟
20211020073509,关,关,关,33°C,0%,63,0分钟
20211020073512,关,关,关,33°C,0%,62,0分钟
20211020073514,关,关,关,32°C,0%,62,0分钟
20211020073524,关,关,关,32°C,0%,63,0分钟
20211020073526,关,关,关,32°C,0%,62,0分钟
20211020073530,关,关,关,32°C,0%,63,0分钟
20211020073536,关,关,关,32°C,0%,62,0分钟
20211020073544,关,关,关,31°C,0%,62,0分钟
20211020073546,关,关,关,31°C,0%,65,0分钟
20211020073548,关,关,关,31°C,0%,62,0分钟
20211020073550,关,关,关,31°C,0%,63,0分钟
20211020073552,关,关,关,31°C,0%,42,0分钟
20211020073846,关,关,关,31°C,0%,0,0分钟
20211020073848,关,关,关,31°C,0%,8,0分钟
20211020112838,关,关,关,31°C,0%,0,0分钟
20211020112843,关,关,关,31°C,0%,0,0分钟
20211020112848,关,关,关,31°C,0%,0,0分钟
20211020112853,关,关,关,31°C,0%,0,0分钟
20211020112859,关,关,关,31°C,0%,0,0分钟
20211020112904,关,关,关,31°C,0%,0,0分钟
20211020112909,关,关,关,31°C,0%,0,0分钟
20211020112914,关,关,关,31°C,0%,0,0分钟
20211020112919,关,关,关,31°C,0%,0,0分钟
20211020112924,关,关,关,31°C,0%,0,0分钟
20211020112929,关,关,关,31°C,0%,0,0分钟
20211020112934,关,关,关,31°C,0%,0,0分钟
20211020112939,关,关,关,31°C,0%,0,0分钟
20211020112944,关,关,关,31°C,0%,0,0分钟
20211020112949,关,关,关,31°C,0%,0,0分钟
20211020112954,关,关,关,31°C,0%,0,0分钟
20211020112959,关,关,关,31°C,0%,0,0分钟
20211020113004,关,关,关,31°C,0%,0,0分钟
20211020133348,关,关,关,31°C,0%,0,0分钟
20211020133354,关,关,关,31°C,0%,12,0分钟
20211020133356,关,关,关,31°C,0%,11,0分钟
20211020190249,关,关,关,31°C,0%,0,0分钟
20211020190253,开,开,关,31°C,0%,0,24分钟
20211020190325,开,开,关,32°C,0%,0,25分钟
20211020190339,开,开,关,32°C,0%,0,24分钟
20211020190341,开,开,关,32°C,0%,43,24分钟
20211020190343,开,开,关,33°C,0%,45,24分钟
20211020190347,开,开,关,33°C,0%,46,24分钟
20211020190349,开,开,关,33°C,0%,52,23分钟
20211020190351,开,开,关,33°C,0%,46,23分钟
20211020190355,开,开,关,33°C,0%,51,23分钟
20211020190357,开,开,关,33°C,0%,43,23分钟
20211020190359,开,开,关,33°C,0%,52,23分钟
20211020190405,开,开,关,33°C,0%,51,23分钟
20211020190407,开,开,关,33°C,0%,52,23分钟
20211020190409,开,开,关,33°C,0%,15,23分钟
20211020190448,开,开,关,33°C,0%,0,23分钟
20211020190530,开,开,关,34°C,0%,0,22分钟
20211020190600,开,开,关,34°C,0%,0,21分钟
20211020190617,开,开,关,35°C,0%,0,21分钟
20211020190717,开,开,关,35°C,0%,0,20分钟
20211020190719,开,开,关,35°C,0%,0,19分钟
20211020190812,开,开,关,36°C,0%,0,19分钟
20211020190814,开,开,关,36°C,0%,0,18分钟
20211020190840,开,开,关,37°C,0%,0,18分钟
20211020190920,开,开,关,37°C,0%,0,17分钟
20211020190922,开,开,关,38°C,0%,0,17分钟
20211020190957,开,开,关,38°C,0%,0,16分钟
20211020191033,开,开,关,39°C,0%,0,15分钟
20211020191051,开,开,关,39°C,0%,0,14分钟
20211020191103,开,开,关,40°C,0%,0,14分钟
20211020191146,开,开,关,40°C,0%,0,13分钟
20211020191232,开,开,关,41°C,0%,0,12分钟
20211020191258,开,开,关,41°C,0%,0,11分钟
20211020191321,开,开,关,42°C,0%,0,11分钟
20211020191343,开,开,关,42°C,0%,0,10分钟
20211020191345,开,开,关,42°C,0%,30,10分钟
20211020191351,开,开,关,42°C,0%,23,10分钟
20211020191353,开,开,关,42°C,0%,25,10分钟
20211020191357,开,开,关,42°C,0%,23,10分钟
20211020191359,开,开,关,42°C,0%,25,10分钟
20211020191403,开,开,关,42°C,0%,23,10分钟
20211020191405,开,开,关,42°C,0%,25,10分钟
20211020191407,开,开,关,42°C,0%,30,10分钟
20211020191421,开,开,关,42°C,0%,28,10分钟
20211020191427,开,开,关,42°C,0%,28,9分钟
20211020191433,开,开,关,42°C,0%,32,9分钟
20211020191435,开,开,关,42°C,0%,33,9分钟
20211020191448,开,开,关,42°C,0%,32,9分钟
20211020191452,开,开,关,42°C,0%,33,9分钟
20211020191504,开,开,关,42°C,0%,32,9分钟
20211020191506,开,开,关,42°C,0%,26,9分钟
20211020191510,开,开,关,43°C,0%,27,9分钟
20211020191512,开,开,关,43°C,0%,28,9分钟
20211020191514,开,开,关,43°C,0%,31,9分钟
20211020191518,开,开,关,43°C,0%,32,9分钟
20211020191520,开,开,关,42°C,0%,32,11分钟
20211020191522,开,开,关,42°C,0%,33,11分钟
20211020191526,开,开,关,42°C,0%,32,11分钟
20211020191528,开,开,关,42°C,0%,33,11分钟
20211020191530,开,开,关,42°C,0%,32,11分钟
20211020191532,开,开,关,43°C,0%,32,9分钟
20211020191534,开,开,关,43°C,0%,33,9分钟
20211020191538,开,开,关,43°C,0%,32,9分钟
20211020191550,开,开,关,43°C,0%,27,9分钟
20211020191552,开,开,关,43°C,0%,31,9分钟
20211020191554,开,开,关,43°C,0%,33,9分钟
20211020191602,开,开,关,43°C,0%,32,9分钟
20211020191604,开,开,关,43°C,0%,33,9分钟
20211020191606,开,开,关,43°C,0%,32,9分钟
20211020191610,开,开,关,43°C,0%,33,9分钟
20211020191626,开,开,关,43°C,0%,32,9分钟
20211020191629,开,开,关,43°C,0%,32,8分钟
20211020191631,开,开,关,43°C,0%,33,8分钟
20211020191633,开,开,关,43°C,0%,32,8分钟
20211020191635,开,开,关,43°C,0%,31,8分钟
20211020191641,开,开,关,43°C,0%,33,8分钟
20211020191645,开,开,关,43°C,0%,32,8分钟
20211020191649,开,开,关,43°C,0%,33,8分钟
20211020191657,开,开,关,43°C,0%,32,8分钟
20211020191659,开,开,关,43°C,0%,33,8分钟
20211020191701,开,开,关,43°C,0%,32,8分钟
20211020191703,开,开,关,43°C,0%,33,8分钟
20211020191705,开,开,关,43°C,0%,32,8分钟
20211020191707,开,开,关,43°C,0%,33,8分钟
20211020191727,开,开,关,43°C,0%,32,8分钟
20211020191749,开,开,关,43°C,0%,32,7分钟
20211020191751,开,开,关,43°C,0%,13,7分钟
20211020191828,开,开,关,43°C,0%,0,7分钟
20211020191928,开,开,关,43°C,0%,0,6分钟
20211020191938,开,开,关,43°C,0%,0,5分钟
20211020191946,开,开,关,42°C,0%,0,11分钟
20211020191957,开,开,关,43°C,0%,0,9分钟
20211020192003,开,开,关,42°C,0%,0,11分钟
20211020192009,开,开,关,43°C,0%,0,9分钟
20211020192015,开,开,关,42°C,0%,0,11分钟
20211020192021,开,开,关,43°C,0%,0,9分钟
20211020192039,开,开,关,42°C,0%,0,11分钟
20211020192045,开,开,关,43°C,0%,0,9分钟
20211020192057,开,开,关,42°C,0%,0,11分钟
20211020192154,开,开,关,43°C,0%,0,9分钟
20211020192216,开,开,关,43°C,0%,0,8分钟
20211020192248,开,开,关,44°C,25%,0,8分钟
20211020192329,开,开,关,44°C,25%,0,7分钟
20211020192335,开,开,关,45°C,25%,0,7分钟
20211020192417,开,开,关,45°C,25%,0,6分钟
20211020192500,开,开,关,46°C,25%,0,5分钟
20211020192530,开,开,关,46°C,25%,0,4分钟
20211020192546,开,开,关,47°C,25%,0,4分钟
20211020192649,开,开,关,47°C,25%,0,2分钟
20211020192737,开,开,关,48°C,25%,0,2分钟
20211020192804,开,开,关,49°C,25%,0,1分钟
20211020192838,开,开,关,49°C,25%,0,0分钟
20211020192840,开,关,开,50°C,100%,0,0分钟
20211020193109,开,关,开,50°C,50%,0,0分钟
20211020193115,开,关,开,51°C,50%,0,0分钟
20211020193134,开,关,开,50°C,50%,0,0分钟
20211020193808,开,关,开,51°C,50%,0,0分钟
20211020193820,开,关,开,50°C,50%,0,0分钟
20211020193834,开,关,开,51°C,50%,0,0分钟
20211020193838,开,关,开,50°C,50%,0,0分钟
20211020193844,开,关,开,51°C,50%,0,0分钟
20211020193932,开,关,开,50°C,50%,0,0分钟
20211020193938,开,关,开,51°C,50%,0,0分钟
20211020194657,开,关,开,50°C,50%,0,0分钟
20211020194758,关,关,关,50°C,50%,0,0分钟
20211020194759,关,关,关,50°C,50%,23,0分钟
20211020194801,关,关,关,50°C,50%,58,0分钟
20211020194803,关,关,关,50°C,50%,61,0分钟
20211020194805,关,关,关,50°C,50%,62,0分钟
20211020194808,关,关,关,50°C,50%,61,0分钟
20211020194809,关,关,关,50°C,50%,8,0分钟
20211020194812,关,关,关,50°C,50%,0,0分钟
20211020194814,关,关,关,50°C,50%,11,0分钟
20211020194816,关,关,关,50°C,50%,60,0分钟
20211020194822,关,关,关,50°C,50%,61,0分钟
20211020194950,关,关,关,50°C,50%,0,0分钟
20211020194955,关,关,关,50°C,50%,48,0分钟
20211020194957,关,关,关,50°C,50%,50,0分钟
20211020194959,关,关,关,50°C,50%,51,0分钟
20211020195003,关,关,关,50°C,50%,50,0分钟
20211020195005,关,关,关,50°C,50%,51,0分钟
20211020195007,关,关,关,50°C,50%,50,0分钟
20211020195009,关,关,关,50°C,50%,51,0分钟
20211020195011,关,关,关,50°C,50%,36,0分钟
20211020195013,关,关,关,50°C,50%,26,0分钟
20211020195023,关,关,关,50°C,50%,25,0分钟
20211020195025,关,关,关,50°C,50%,26,0分钟
20211020195027,关,关,关,50°C,50%,25,0分钟
20211020195029,关,关,关,50°C,50%,26,0分钟
20211020195031,关,关,关,50°C,50%,25,0分钟
20211020195033,关,关,关,50°C,50%,26,0分钟
20211020195049,关,关,关,50°C,50%,25,0分钟
20211020195051,关,关,关,50°C,50%,26,0分钟
20211020195057,关,关,关,50°C,50%,25,0分钟
20211020195059,关,关,关,50°C,50%,26,0分钟
20211020195105,关,关,关,50°C,50%,25,0分钟
20211020195107,关,关,关,50°C,50%,26,0分钟
20211020195111,关,关,关,50°C,50%,25,0分钟
20211020195113,关,关,关,50°C,50%,26,0分钟
20211020195117,关,关,关,50°C,50%,25,0分钟
20211020195119,关,关,关,50°C,50%,18,0分钟
20211020195121,关,关,关,50°C,50%,21,0分钟
20211020195125,关,关,关,50°C,50%,20,0分钟
20211020195136,关,关,关,50°C,50%,21,0分钟
20211020195138,关,关,关,50°C,50%,20,0分钟
20211020195142,关,关,关,50°C,50%,21,0分钟
20211020195144,关,关,关,50°C,50%,20,0分钟
20211020195150,关,关,关,50°C,50%,21,0分钟
20211020195152,关,关,关,50°C,50%,20,0分钟
20211020195156,关,关,关,50°C,50%,21,0分钟
20211020195158,关,关,关,50°C,50%,20,0分钟
20211020195208,关,关,关,50°C,50%,21,0分钟
20211020195210,关,关,关,50°C,50%,20,0分钟
20211020195226,关,关,关,50°C,50%,21,0分钟
20211020195228,关,关,关,50°C,50%,20,0分钟
20211020195248,关,关,关,50°C,50%,21,0分钟
20211020195250,关,关,关,50°C,50%,20,0分钟
20211020195254,关,关,关,50°C,50%,21,0分钟
20211020195256,关,关,关,50°C,50%,20,0分钟
20211020195258,关,关,关,50°C,50%,21,0分钟
20211020195300,关,关,关,50°C,50%,20,0分钟
20211020195310,关,关,关,50°C,50%,21,0分钟
20211020195313,关,关,关,50°C,50%,20,0分钟
20211020195319,关,关,关,50°C,50%,21,0分钟
20211020195321,关,关,关,50°C,50%,20,0分钟
20211020195333,关,关,关,50°C,50%,21,0分钟
20211020195335,关,关,关,50°C,50%,20,0分钟
20211020195956,关,关,关,50°C,50%,0,0分钟
20211020200008,关,关,关,49°C,50%,0,0分钟
20211020200015,关,关,关,50°C,50%,0,0分钟
20211020200033,关,关,关,49°C,50%,0,0分钟
20211020200047,开,开,关,49°C,50%,0,1分钟
20211020201652,关,关,关,49°C,50%,0,0分钟
20211020201658,关,关,关,49°C,50%,0,0分钟
20211020201809,关,关,关,48°C,50%,0,0分钟
20211020201811,关,关,关,48°C,50%,8,0分钟
20211020203835,关,关,关,48°C,50%,0,0分钟
20211020203929,关,关,关,47°C,50%,0,0分钟
20211020203940,关,关,关,48°C,50%,0,0分钟
20211020205444,关,关,关,47°C,50%,0,0分钟
20211020212107,关,关,关,47°C,50%,0,0分钟
20211020212125,关,关,关,47°C,50%,0,0分钟
20211020212131,关,关,关,46°C,50%,0,0分钟
20211020212150,关,关,关,47°C,50%,0,0分钟
20211020212202,关,关,关,46°C,50%,0,0分钟
20211020212208,关,关,关,47°C,50%,0,0分钟
20211020212214,关,关,关,46°C,50%,0,0分钟
20211020212220,关,关,关,47°C,50%,0,0分钟
20211020212232,关,关,关,46°C,50%,0,0分钟
20211020212238,关,关,关,47°C,50%,0,0分钟
20211020212320,关,关,关,46°C,50%,0,0分钟
20211020212327,关,关,关,47°C,50%,0,0分钟
20211020214618,关,关,关,46°C,50%,0,0分钟
20211020214622,关,关,关,46°C,50%,50,0分钟
20211020214624,关,关,关,46°C,50%,51,0分钟
20211020214628,关,关,关,46°C,50%,50,0分钟
20211020214632,关,关,关,46°C,50%,51,0分钟
20211020214634,关,关,关,46°C,50%,50,0分钟
20211020214644,关,关,关,46°C,50%,51,0分钟
20211020214646,关,关,关,46°C,50%,47,0分钟
20211020214648,关,关,关,46°C,50%,45,0分钟
20211020214650,关,关,关,46°C,50%,46,0分钟
20211020214652,关,关,关,46°C,50%,45,0分钟
20211020214654,关,关,关,46°C,50%,46,0分钟
20211020214656,关,关,关,46°C,50%,45,0分钟
20211020214658,关,关,关,46°C,50%,46,0分钟
20211020214702,关,关,关,46°C,50%,45,0分钟
20211020214708,关,关,关,46°C,50%,46,0分钟
20211020214710,关,关,关,46°C,50%,45,0分钟
20211020214716,关,关,关,46°C,50%,32,0分钟
20211020214718,关,关,关,46°C,50%,30,0分钟
20211020214720,关,关,关,46°C,50%,31,0分钟
20211020214726,关,关,关,46°C,50%,37,0分钟
20211020214728,关,关,关,46°C,50%,36,0分钟
20211020214730,关,关,关,45°C,50%,36,0分钟
20211020214732,关,关,关,45°C,50%,33,0分钟
20211020214734,关,关,关,45°C,50%,35,0分钟
20211020214740,关,关,关,45°C,50%,33,0分钟
20211020214747,关,关,关,45°C,50%,32,0分钟
20211020214748,关,关,关,45°C,50%,36,0分钟
20211020214807,关,关,关,45°C,50%,37,0分钟
20211020214809,关,关,关,45°C,50%,36,0分钟
20211020214817,关,关,关,45°C,50%,37,0分钟
20211020214829,关,关,关,44°C,25%,37,0分钟
20211020214831,关,关,关,44°C,25%,38,0分钟
20211020214833,关,关,关,44°C,25%,40,0分钟
20211020214835,关,关,关,44°C,25%,32,0分钟
20211020214837,关,关,关,44°C,25%,31,0分钟
20211020214839,关,关,关,44°C,25%,32,0分钟
20211020214847,关,关,关,44°C,25%,31,0分钟
20211020214851,关,关,关,44°C,25%,32,0分钟
20211020214853,关,关,关,44°C,25%,31,0分钟
20211020214855,关,关,关,44°C,25%,32,0分钟
20211020214857,关,关,关,44°C,25%,25,0分钟
20211020214903,关,关,关,44°C,25%,27,0分钟
20211020214907,关,关,关,44°C,25%,31,0分钟
20211020214911,关,关,关,44°C,25%,32,0分钟
20211020214923,关,关,关,43°C,25%,32,0分钟
20211020214929,关,关,关,43°C,25%,28,0分钟
20211020214932,关,关,关,43°C,25%,27,0分钟
20211020214933,关,关,关,43°C,25%,28,0分钟
20211020214942,关,关,关,43°C,25%,32,0分钟
20211020214944,关,关,关,43°C,25%,31,0分钟
20211020214948,关,关,关,43°C,25%,32,0分钟
20211020214958,关,关,关,42°C,25%,32,0分钟
20211020215000,关,关,关,42°C,25%,20,0分钟
20211020215106,关,关,关,42°C,25%,0,0分钟
20211020215159,关,关,关,41°C,25%,0,0分钟
20211020215201,关,关,关,41°C,25%,27,0分钟
20211020215211,关,关,关,41°C,25%,30,0分钟
20211020215213,关,关,关,41°C,25%,31,0分钟
20211020215219,关,关,关,41°C,25%,30,0分钟
20211020215221,关,关,关,41°C,25%,31,0分钟
20211020215231,关,关,关,41°C,25%,30,0分钟
20211020215233,关,关,关,41°C,25%,31,0分钟
20211020215243,关,关,关,41°C,25%,30,0分钟
20211020215245,关,关,关,41°C,25%,31,0分钟
20211020215249,关,关,关,41°C,25%,30,0分钟
20211020215251,关,关,关,41°C,25%,31,0分钟
20211020215253,关,关,关,41°C,25%,30,0分钟
20211020215255,关,关,关,41°C,25%,31,0分钟
20211020215257,关,关,关,41°C,25%,30,0分钟
20211020215300,关,关,关,41°C,25%,31,0分钟
20211020215304,关,关,关,41°C,25%,30,0分钟
20211020215306,关,关,关,41°C,25%,31,0分钟
20211020215318,关,关,关,41°C,25%,30,0分钟
20211020215320,关,关,关,41°C,25%,31,0分钟
20211020215326,关,关,关,40°C,25%,31,0分钟
20211020215328,关,关,关,40°C,25%,30,0分钟
20211020215330,关,关,关,40°C,25%,31,0分钟
20211020215334,关,关,关,40°C,25%,30,0分钟
20211020215338,关,关,关,40°C,25%,31,0分钟
20211020215344,关,关,关,40°C,25%,30,0分钟
20211020215346,关,关,关,40°C,25%,31,0分钟
20211020215356,关,关,关,40°C,25%,30,0分钟
20211020215358,关,关,关,40°C,25%,31,0分钟
20211020215400,关,关,关,40°C,25%,30,0分钟
20211020215402,关,关,关,40°C,25%,31,0分钟
20211020215404,关,关,关,39°C,25%,31,0分钟
20211020215406,关,关,关,39°C,25%,30,0分钟
20211020215408,关,关,关,39°C,25%,31,0分钟
20211020215420,关,关,关,39°C,25%,30,0分钟
20211020215424,关,关,关,39°C,25%,31,0分钟
20211020215428,关,关,关,39°C,25%,30,0分钟
20211020215430,关,关,关,39°C,25%,31,0分钟
20211020215438,关,关,关,39°C,25%,30,0分钟
20211020215440,关,关,关,39°C,25%,31,0分钟
20211020215450,关,关,关,39°C,25%,30,0分钟
20211020215451,关,关,关,39°C,25%,30,0分钟
20211020215459,关,关,关,38°C,25%,30,0分钟
20211020215501,关,关,关,38°C,25%,28,0分钟
20211020215505,关,关,关,38°C,25%,30,0分钟
20211020215507,关,关,关,38°C,25%,28,0分钟
20211020215509,关,关,关,38°C,25%,30,0分钟
20211020215511,关,关,关,38°C,25%,22,0分钟
20211020215521,关,关,关,38°C,25%,0,0分钟
20211020215658,关,关,关,37°C,25%,0,0分钟
20211020212552,关,关,关,36°C,25%,0,0分钟
20211020212617,关,关,关,36°C,25%,0,0分钟
20211020212623,关,关,关,35°C,25%,0,0分钟
20211020212647,关,关,关,36°C,25%,0,0分钟
20211020212653,关,关,关,35°C,25%,0,0分钟
20211020212806,关,关,关,36°C,25%,0,0分钟
20211020212812,关,关,关,35°C,25%,0,0分钟
20211020212824,关,关,关,36°C,25%,0,0分钟
20211020212830,关,关,关,35°C,25%,0,0分钟
20211020212836,关,关,关,36°C,25%,0,0分钟
20211020212842,关,关,关,35°C,25%,0,0分钟
20211020212848,关,关,关,36°C,25%,0,0分钟
20211020212854,关,关,关,35°C,25%,0,0分钟
20211020212912,关,关,关,36°C,25%,0,0分钟
20211020212918,关,关,关,35°C,25%,0,0分钟
20211020212924,关,关,关,36°C,25%,0,0分钟
20211020212930,关,关,关,35°C,25%,0,0分钟
20211020212943,关,关,关,36°C,25%,0,0分钟
20211020212949,关,关,关,35°C,25%,0,0分钟
20211020213013,关,关,关,36°C,25%,0,0分钟
20211020213019,关,关,关,35°C,25%,0,0分钟
20211020213031,关,关,关,36°C,25%,0,0分钟
20211020213049,关,关,关,35°C,25%,0,0分钟
20211020213113,关,关,关,36°C,25%,0,0分钟
20211020213126,关,关,关,35°C,25%,0,0分钟
20211020213156,关,关,关,36°C,25%,0,0分钟
20211020213208,关,关,关,35°C,25%,0,0分钟
20211020213214,关,关,关,36°C,25%,0,0分钟
20211020213220,关,关,关,35°C,25%,0,0分钟
20211020213232,关,关,关,36°C,25%,0,0分钟
20211020213244,关,关,关,35°C,25%,0,0分钟
20211020213250,关,关,关,36°C,25%,0,0分钟
20211020213256,关,关,关,35°C,25%,0,0分钟
20211020213302,关,关,关,36°C,25%,0,0分钟
20211020213315,关,关,关,35°C,25%,0,0分钟
20211020213321,关,关,关,36°C,25%,0,0分钟
20211020213339,关,关,关,35°C,25%,0,0分钟
20211020213351,关,关,关,36°C,25%,0,0分钟
20211020213357,关,关,关,35°C,25%,0,0分钟
20211020213403,关,关,关,36°C,25%,0,0分钟
20211020213421,关,关,关,35°C,25%,0,0分钟
20211020213427,关,关,关,36°C,25%,0,0分钟
20211020213439,关,关,关,35°C,25%,0,0分钟
20211020213458,关,关,关,36°C,25%,0,0分钟
20211020213546,关,关,关,35°C,25%,0,0分钟
20211020213604,关,关,关,36°C,25%,0,0分钟
20211020213610,关,关,关,35°C,25%,0,0分钟
20211020213641,关,关,关,36°C,25%,0,0分钟
20211020213711,关,关,关,35°C,25%,0,0分钟
20211020213717,关,关,关,36°C,25%,0,0分钟
20211020213723,关,关,关,35°C,25%,0,0分钟
20211020213741,关,关,关,36°C,25%,0,0分钟
20211020213753,关,关,关,35°C,25%,0,0分钟
20211020213759,关,关,关,36°C,25%,0,0分钟
20211020213805,关,关,关,35°C,25%,0,0分钟
20211020213811,关,关,关,36°C,25%,0,0分钟
20211020213842,关,关,关,35°C,25%,0,0分钟
20211020213848,关,关,关,36°C,25%,0,0分钟
20211020213900,关,关,关,35°C,25%,0,0分钟
20211020213912,关,关,关,36°C,25%,0,0分钟
20211020213924,关,关,关,35°C,25%,0,0分钟
20211020213936,关,关,关,36°C,25%,0,0分钟
20211020213948,关,关,关,35°C,25%,0,0分钟
20211020213954,关,关,关,36°C,25%,0,0分钟
20211020214037,关,关,关,35°C,25%,0,0分钟
20211020214043,关,关,关,36°C,25%,0,0分钟
20211020214238,关,关,关,35°C,25%,0,0分钟
20211020214244,关,关,关,36°C,25%,0,0分钟
20211020214339,关,关,关,35°C,25%,0,0分钟
20211020214345,关,关,关,36°C,25%,0,0分钟
20211020214351,关,关,关,35°C,25%,0,0分钟
20211020214357,关,关,关,36°C,25%,0,0分钟
20211020214412,关,关,关,35°C,25%,0,0分钟
20211020214415,关,关,关,36°C,25%,0,0分钟
20211020214421,关,关,关,35°C,25%,0,0分钟
20211020214427,关,关,关,36°C,25%,0,0分钟
20211020214439,关,关,关,35°C,25%,0,0分钟
20211020214445,关,关,关,36°C,25%,0,0分钟
20211020214451,关,关,关,35°C,25%,0,0分钟
20211020214457,关,关,关,36°C,25%,0,0分钟
20211020214534,关,关,关,35°C,25%,0,0分钟
20211020214540,关,关,关,36°C,25%,0,0分钟
20211020214546,关,关,关,35°C,25%,0,0分钟
20211020214552,关,关,关,36°C,25%,0,0分钟
20211020214604,关,关,关,35°C,25%,0,0分钟
20211020214616,关,关,关,36°C,25%,0,0分钟
20211020214640,关,关,关,35°C,25%,0,0分钟
20211020214646,关,关,关,36°C,25%,0,0分钟
20211020214717,关,关,关,35°C,25%,0,0分钟
20211020214723,关,关,关,36°C,25%,0,0分钟
20211020214729,关,关,关,35°C,25%,0,0分钟
20211020214741,关,关,关,36°C,25%,0,0分钟
20211020214817,关,关,关,35°C,25%,0,0分钟
20211020214823,关,关,关,36°C,25%,0,0分钟
20211020214829,关,关,关,35°C,25%,0,0分钟
20211020214835,关,关,关,36°C,25%,0,0分钟
20211020214842,关,关,关,35°C,25%,0,0分钟
20211020214848,关,关,关,36°C,25%,0,0分钟
20211020214900,关,关,关,35°C,25%,0,0分钟
20211020214906,关,关,关,36°C,25%,0,0分钟
20211020215006,关,关,关,35°C,25%,0,0分钟
20211020215012,关,关,关,36°C,25%,0,0分钟
20211020215037,关,关,关,35°C,25%,0,0分钟
20211020215043,关,关,关,36°C,25%,0,0分钟
20211020215055,关,关,关,35°C,25%,0,0分钟
20211020215101,关,关,关,36°C,25%,0,0分钟
20211020215137,关,关,关,35°C,25%,0,0分钟
20211020215143,关,关,关,36°C,25%,0,0分钟
20211020215213,关,关,关,35°C,25%,0,0分钟
20211020215220,关,关,关,36°C,25%,0,0分钟
20211020215503,关,关,关,35°C,25%,0,0分钟
20211020215509,关,关,关,36°C,25%,0,0分钟
20211020230211,关,关,关,35°C,25%,0,0分钟
20211020230213,关,关,关,35°C,25%,8,0分钟
20211021062021,关,关,关,35°C,25%,0,0分钟
20211021064335,关,关,关,35°C,0%,0,0分钟
20211021064337,关,关,关,35°C,0%,8,0分钟
20211021074901,关,关,关,35°C,0%,0,0分钟
20211021074907,关,关,关,35°C,0%,15,0分钟
20211021074911,关,关,关,35°C,0%,16,0分钟
20211021074913,关,关,关,35°C,0%,12,0分钟
20211021074935,关,关,关,35°C,0%,0,0分钟
20211021074941,关,关,关,34°C,0%,0,0分钟
20211021075255,关,关,关,35°C,0%,0,0分钟
20211021075301,关,关,关,34°C,0%,0,0分钟
20211021075349,关,关,关,35°C,0%,0,0分钟
20211021075355,关,关,关,34°C,0%,0,0分钟
20211021075402,关,关,关,35°C,0%,0,0分钟
20211021075407,关,关,关,34°C,0%,0,0分钟
20211021075432,关,关,关,35°C,0%,0,0分钟
20211021075438,关,关,关,34°C,0%,0,0分钟
20211021075444,关,关,关,35°C,0%,0,0分钟
20211021075450,关,关,关,34°C,0%,0,0分钟
20211021075456,关,关,关,35°C,0%,0,0分钟
20211021075502,关,关,关,34°C,0%,0,0分钟
20211021075520,关,关,关,35°C,0%,0,0分钟
20211021075526,关,关,关,34°C,0%,0,0分钟
20211021075532,关,关,关,35°C,0%,0,0分钟
20211021075538,关,关,关,34°C,0%,0,0分钟
20211021075603,关,关,关,35°C,0%,0,0分钟
20211021075615,关,关,关,34°C,0%,0,0分钟
20211021075622,关,关,关,35°C,0%,0,0分钟
20211021075627,关,关,关,34°C,0%,0,0分钟
20211021075709,关,关,关,35°C,0%,0,0分钟
20211021075758,关,关,关,34°C,0%,0,0分钟
20211021075804,关,关,关,34°C,0%,0,0分钟
20211021075940,关,关,关,35°C,0%,0,0分钟
20211021075947,关,关,关,34°C,0%,0,0分钟
20211021080035,关,关,关,35°C,0%,0,0分钟
20211021080041,关,关,关,34°C,0%,0,0分钟
20211021080053,关,关,关,35°C,0%,0,0分钟
20211021080059,关,关,关,34°C,0%,0,0分钟
20211021080218,关,关,关,35°C,0%,0,0分钟
20211021080230,关,关,关,34°C,0%,0,0分钟
20211021080236,关,关,关,35°C,0%,0,0分钟
20211021080242,关,关,关,34°C,0%,0,0分钟
20211021080248,关,关,关,35°C,0%,0,0分钟
20211021080300,关,关,关,34°C,0%,0,0分钟
20211021080325,关,关,关,35°C,0%,0,0分钟
20211021080331,关,关,关,34°C,0%,0,0分钟
20211021080401,关,关,关,35°C,0%,0,0分钟
20211021080407,关,关,关,34°C,0%,0,0分钟
20211021080413,关,关,关,35°C,0%,0,0分钟
20211021080419,关,关,关,34°C,0%,0,0分钟
20211021080431,关,关,关,35°C,0%,0,0分钟
20211021080437,关,关,关,34°C,0%,0,0分钟
20211021080455,关,关,关,35°C,0%,0,0分钟
20211021080501,关,关,关,34°C,0%,0,0分钟
20211021080514,关,关,关,35°C,0%,0,0分钟
20211021080526,关,关,关,34°C,0%,0,0分钟
20211021080532,关,关,关,35°C,0%,0,0分钟
20211021080556,关,关,关,34°C,0%,0,0分钟
20211021080608,关,关,关,35°C,0%,0,0分钟
20211021080620,关,关,关,34°C,0%,0,0分钟
20211021080656,关,关,关,35°C,0%,0,0分钟
20211021080715,关,关,关,34°C,0%,0,0分钟
20211021080727,关,关,关,35°C,0%,0,0分钟
20211021080733,关,关,关,34°C,0%,0,0分钟
20211021080751,关,关,关,35°C,0%,0,0分钟
20211021080807,关,关,关,34°C,0%,0,0分钟
20211021080809,关,关,关,35°C,0%,0,0分钟
20211021080815,关,关,关,34°C,0%,0,0分钟
20211021080821,关,关,关,35°C,0%,0,0分钟
20211021080827,关,关,关,34°C,0%,0,0分钟
20211021080833,关,关,关,35°C,0%,0,0分钟
20211021080845,关,关,关,34°C,0%,0,0分钟
20211021080852,关,关,关,35°C,0%,0,0分钟
20211021080910,关,关,关,34°C,0%,0,0分钟
20211021080934,关,关,关,35°C,0%,0,0分钟
20211021080958,关,关,关,34°C,0%,0,0分钟
20211021081016,关,关,关,35°C,0%,0,0分钟
20211021081028,关,关,关,34°C,0%,0,0分钟
20211021081034,关,关,关,35°C,0%,0,0分钟
20211021081041,关,关,关,34°C,0%,0,0分钟
20211021081047,关,关,关,35°C,0%,0,0分钟
20211021081053,关,关,关,34°C,0%,0,0分钟
20211021081059,关,关,关,35°C,0%,0,0分钟
20211021081123,关,关,关,34°C,0%,0,0分钟
20211021081205,关,关,关,35°C,0%,0,0分钟
20211021081217,关,关,关,34°C,0%,0,0分钟
20211021081324,关,关,关,35°C,0%,0,0分钟
20211021081330,关,关,关,34°C,0%,0,0分钟
20211021081342,关,关,关,35°C,0%,0,0分钟
20211021081348,关,关,关,34°C,0%,0,0分钟
20211021081400,关,关,关,35°C,0%,0,0分钟
20211021081418,关,关,关,34°C,0%,0,0分钟
20211021081425,关,关,关,35°C,0%,0,0分钟
20211021081525,关,关,关,34°C,0%,0,0分钟
20211021081531,关,关,关,35°C,0%,0,0分钟
20211021081549,关,关,关,34°C,0%,0,0分钟
20211021081555,关,关,关,35°C,0%,0,0分钟
20211021081632,关,关,关,34°C,0%,0,0分钟
20211021081638,关,关,关,35°C,0%,0,0分钟
20211021081714,关,关,关,34°C,0%,0,0分钟
20211021081720,关,关,关,35°C,0%,0,0分钟
20211021081732,关,关,关,34°C,0%,0,0分钟
20211021081738,关,关,关,35°C,0%,0,0分钟
20211021081744,关,关,关,34°C,0%,0,0分钟
20211021081750,关,关,关,35°C,0%,0,0分钟
20211021081756,关,关,关,34°C,0%,0,0分钟
20211021081803,关,关,关,35°C,0%,0,0分钟
20211021081827,关,关,关,34°C,0%,0,0分钟
20211021081833,关,关,关,35°C,0%,0,0分钟
20211021081927,关,关,关,34°C,0%,0,0分钟
20211021081958,关,关,关,35°C,0%,0,0分钟
20211021082016,关,关,关,34°C,0%,0,0分钟
20211021082021,关,关,关,35°C,0%,0,0分钟
20211021082028,关,关,关,34°C,0%,0,0分钟
20211021082034,关,关,关,35°C,0%,0,0分钟
20211021082134,关,关,关,34°C,0%,0,0分钟
20211021082141,关,关,关,35°C,0%,0,0分钟
20211021082159,关,关,关,34°C,0%,0,0分钟
20211021082205,关,关,关,35°C,0%,0,0分钟
20211021082253,关,关,关,34°C,0%,0,0分钟
20211021082259,关,关,关,35°C,0%,0,0分钟
20211021114221,关,关,关,34°C,0%,0,0分钟
20211021114226,关,关,关,34°C,0%,0,0分钟
20211021114231,关,关,关,34°C,0%,0,0分钟
20211021114236,关,关,关,34°C,0%,0,0分钟
20211021114241,关,关,关,34°C,0%,0,0分钟
20211021114246,关,关,关,34°C,0%,0,0分钟
20211021114251,关,关,关,34°C,0%,0,0分钟
20211021114257,关,关,关,34°C,0%,0,0分钟
20211021114302,关,关,关,34°C,0%,0,0分钟
20211021114307,关,关,关,34°C,0%,0,0分钟
20211021114312,关,关,关,34°C,0%,0,0分钟
20211021114317,关,关,关,34°C,0%,0,0分钟
20211021114322,关,关,关,34°C,0%,0,0分钟
20211021114327,关,关,关,34°C,0%,0,0分钟
20211021114332,关,关,关,34°C,0%,0,0分钟
20211021114337,关,关,关,34°C,0%,0,0分钟
20211021114342,关,关,关,34°C,0%,0,0分钟
20211021114347,关,关,关,34°C,0%,0,0分钟
20211021152938,关,关,关,34°C,0%,0,0分钟
20211021152948,开,开,关,34°C,0%,0,20分钟
20211021152950,开,开,关,34°C,0%,0,21分钟
20211021153004,开,开,关,35°C,0%,0,21分钟
20211021153054,开,开,关,35°C,0%,0,20分钟
20211021153056,开,开,关,35°C,0%,0,19分钟
20211021153101,开,开,关,36°C,0%,0,19分钟
20211021153102,开,开,关,36°C,0%,0,21分钟
20211021153106,开,开,关,35°C,0%,0,21分钟
20211021153108,开,开,关,35°C,0%,0,19分钟
20211021153155,开,开,关,36°C,0%,0,19分钟
20211021153157,开,开,关,36°C,0%,0,18分钟
20211021153221,开,开,关,37°C,0%,0,18分钟
20211021153303,开,开,关,37°C,0%,0,17分钟
20211021153402,开,开,关,38°C,0%,0,16分钟
20211021153404,开,开,关,38°C,0%,0,15分钟
20211021153438,开,开,关,39°C,0%,0,15分钟
20211021153529,开,开,关,39°C,0%,0,14分钟
20211021153543,开,开,关,40°C,0%,0,14分钟
20211021153603,开,开,关,40°C,0%,0,13分钟
20211021153605,开,开,关,40°C,0%,0,12分钟
20211021153650,开,开,关,41°C,0%,0,12分钟
20211021153712,开,开,关,41°C,0%,0,11分钟
20211021153732,开,开,关,42°C,0%,0,11分钟
20211021153829,开,开,关,42°C,0%,0,10分钟
20211021153831,开,开,关,42°C,0%,0,9分钟
20211021153917,开,开,关,43°C,0%,0,9分钟
20211021153919,开,开,关,43°C,25%,0,8分钟
20211021153949,开,开,关,44°C,25%,0,8分钟
20211021154038,开,开,关,44°C,25%,0,7分钟
20211021154042,开,开,关,45°C,25%,0,7分钟
20211021154118,开,开,关,45°C,25%,0,6分钟
20211021154120,开,开,关,45°C,25%,0,5分钟
20211021154124,开,开,关,46°C,25%,0,5分钟
20211021154126,开,开,关,46°C,25%,0,7分钟
20211021154130,开,开,关,45°C,25%,0,7分钟
20211021154132,开,开,关,45°C,25%,0,5分钟
20211021154213,开,开,关,46°C,25%,0,5分钟
20211021154233,开,开,关,46°C,25%,0,4分钟
20211021154247,开,开,关,47°C,25%,0,4分钟
20211021154348,开,开,关,47°C,25%,0,3分钟
20211021154352,开,开,关,47°C,25%,0,2分钟
20211021154356,开,开,关,48°C,25%,0,2分钟
20211021154358,开,开,关,48°C,25%,0,4分钟
20211021154402,开,开,关,47°C,25%,0,4分钟
20211021154404,开,开,关,47°C,25%,0,2分钟
20211021154444,开,开,关,48°C,25%,0,2分钟
20211021154446,开,开,关,48°C,25%,0,1分钟
20211021154510,开,开,关,49°C,25%,0,1分钟
20211021154545,开,开,关,49°C,25%,0,0分钟
20211021154547,开,关,开,50°C,100%,0,0分钟
20211021160415,开,关,开,50°C,50%,0,0分钟
20211021160418,开,开,关,50°C,50%,38,0分钟
20211021160422,开,开,关,50°C,50%,25,0分钟
20211021160424,开,开,关,50°C,50%,26,0分钟
20211021160426,开,开,关,50°C,50%,25,0分钟
20211021160428,开,开,关,50°C,50%,32,0分钟
20211021160432,开,开,关,50°C,50%,47,0分钟
20211021160434,开,开,关,50°C,50%,46,0分钟
20211021160440,开,开,关,50°C,50%,47,0分钟
20211021160442,开,开,关,50°C,50%,51,0分钟
20211021160448,开,开,关,50°C,50%,50,0分钟
20211021160450,开,开,关,50°C,50%,51,0分钟
20211021160452,开,开,关,50°C,50%,50,0分钟
20211021160454,开,开,关,50°C,50%,20,0分钟
20211021160456,开,开,关,50°C,50%,51,0分钟
20211021160500,开,开,关,50°C,50%,50,0分钟
20211021160506,开,开,关,50°C,50%,51,0分钟
20211021160508,开,开,关,50°C,50%,48,0分钟
20211021160514,开,开,关,50°C,50%,40,0分钟
20211021160522,开,开,关,50°C,50%,41,0分钟
20211021160524,开,开,关,50°C,50%,40,0分钟
20211021160526,开,开,关,50°C,50%,22,0分钟
20211021160528,开,开,关,50°C,50%,21,0分钟
20211021160534,开,开,关,50°C,50%,22,0分钟
20211021160536,开,开,关,50°C,50%,21,0分钟
20211021160540,开,开,关,50°C,50%,22,0分钟
20211021160542,开,开,关,50°C,50%,21,0分钟
20211021160546,开,开,关,50°C,50%,22,0分钟
20211021160548,开,开,关,50°C,50%,21,0分钟
20211021160554,开,开,关,50°C,50%,22,0分钟
20211021160556,开,开,关,50°C,50%,21,0分钟
20211021160627,开,开,关,50°C,50%,22,0分钟
20211021160629,开,开,关,50°C,50%,21,0分钟
20211021160647,开,开,关,50°C,50%,22,0分钟
20211021160649,开,开,关,50°C,50%,21,0分钟
20211021160655,开,开,关,50°C,50%,22,0分钟
20211021160659,开,开,关,50°C,50%,21,0分钟
20211021160707,开,开,关,50°C,50%,22,0分钟
20211021160709,开,开,关,50°C,50%,21,0分钟
20211021160715,开,开,关,50°C,50%,22,0分钟
20211021160717,开,开,关,50°C,50%,21,0分钟
20211021160740,开,开,关,50°C,50%,22,0分钟
20211021160741,开,开,关,50°C,50%,21,0分钟
20211021160754,开,开,关,50°C,50%,22,0分钟
20211021160756,开,开,关,50°C,50%,23,0分钟
20211021160804,开,开,关,50°C,50%,22,0分钟
20211021160806,开,开,关,50°C,50%,23,0分钟
20211021160828,开,开,关,50°C,50%,22,0分钟
20211021160830,开,开,关,50°C,50%,21,0分钟
20211021160842,开,开,关,50°C,50%,22,0分钟
20211021160844,开,开,关,50°C,50%,23,0分钟
20211021160852,开,开,关,50°C,50%,22,0分钟
20211021160854,开,开,关,50°C,50%,21,0分钟
20211021160856,开,开,关,50°C,50%,22,0分钟
20211021160858,开,开,关,50°C,50%,23,0分钟
20211021160900,开,开,关,50°C,50%,22,0分钟
20211021160902,开,开,关,50°C,50%,21,0分钟
20211021160904,开,开,关,50°C,50%,22,0分钟
20211021160908,开,开,关,50°C,50%,18,0分钟
20211021160918,开,开,关,50°C,50%,20,0分钟
20211021160920,开,开,关,50°C,50%,18,0分钟
20211021160927,开,开,关,50°C,50%,20,0分钟
20211021160929,开,开,关,50°C,50%,18,0分钟
20211021160931,开,开,关,50°C,50%,20,0分钟
20211021160939,开,开,关,50°C,50%,23,0分钟
20211021160941,开,开,关,50°C,50%,22,0分钟
20211021160943,开,开,关,50°C,50%,23,0分钟
20211021160949,开,开,关,50°C,50%,22,0分钟
20211021160951,开,开,关,50°C,50%,23,0分钟
20211021160953,开,开,关,50°C,50%,22,0分钟
20211021160957,开,开,关,50°C,50%,23,0分钟
20211021160959,开,开,关,50°C,50%,22,0分钟
20211021161001,开,开,关,50°C,50%,22,1分钟
20211021161005,开,开,关,49°C,50%,23,1分钟
20211021161011,开,开,关,49°C,50%,22,1分钟
20211021161013,开,开,关,49°C,50%,22,0分钟
20211021161015,开,开,关,50°C,50%,23,0分钟
20211021161029,开,开,关,50°C,50%,22,0分钟
20211021161031,开,开,关,50°C,50%,23,1分钟
20211021161033,开,开,关,49°C,50%,23,1分钟
20211021161039,开,开,关,49°C,50%,22,1分钟
20211021161043,开,开,关,49°C,50%,23,1分钟
20211021161058,开,开,关,49°C,50%,23,0分钟
20211021161059,开,开,关,49°C,50%,22,0分钟
20211021161101,开,开,关,49°C,50%,23,0分钟
20211021161105,开,开,关,49°C,50%,22,0分钟
20211021161107,开,开,关,49°C,50%,23,0分钟
20211021161112,开,开,关,49°C,50%,22,0分钟
20211021161114,开,开,关,49°C,50%,23,0分钟
20211021161122,开,开,关,49°C,50%,22,0分钟
20211021161126,开,开,关,49°C,50%,23,0分钟
20211021161128,开,开,关,49°C,50%,22,0分钟
20211021161132,开,开,关,49°C,50%,23,0分钟
20211021161134,开,开,关,49°C,50%,22,0分钟
20211021161136,开,开,关,49°C,50%,23,0分钟
20211021161142,开,开,关,49°C,50%,22,0分钟
20211021161144,开,开,关,49°C,50%,16,2分钟
20211021161146,开,关,开,48°C,50%,8,0分钟
20211021161148,开,关,开,48°C,50%,0,0分钟
20211021161152,开,关,开,48°C,50%,12,0分钟
20211021161154,开,关,开,48°C,50%,11,0分钟
20211021161156,开,关,开,48°C,50%,12,0分钟
20211021161202,开,关,开,50°C,50%,12,0分钟
20211021161204,开,关,开,48°C,50%,12,0分钟
20211021161206,开,关,开,48°C,50%,0,0分钟
20211021161208,开,关,开,48°C,50%,8,0分钟
20211021161216,开,关,开,48°C,50%,0,0分钟
20211021161218,开,关,开,48°C,50%,12,0分钟
20211021161222,开,关,开,48°C,50%,11,0分钟
20211021161224,开,关,开,48°C,50%,10,0分钟
20211021161232,开,关,开,48°C,50%,11,0分钟
20211021161234,开,关,开,48°C,50%,10,0分钟
20211021161236,开,关,开,48°C,50%,11,0分钟
20211021161238,开,关,开,48°C,50%,8,0分钟
20211021161240,开,关,开,48°C,50%,0,0分钟
20211021161244,开,关,开,48°C,50%,10,0分钟
20211021161251,开,关,开,47°C,50%,10,0分钟
20211021161252,开,关,开,47°C,50%,8,0分钟
20211021161257,开,关,开,47°C,50%,10,0分钟
20211021161259,开,关,开,47°C,50%,8,0分钟
20211021161303,开,关,开,47°C,50%,10,0分钟
20211021161305,开,关,开,47°C,50%,13,0分钟
20211021161307,开,关,开,47°C,50%,11,0分钟
20211021161319,开,关,开,47°C,50%,10,0分钟
20211021161325,开,关,开,47°C,50%,11,0分钟
20211021161327,开,关,开,47°C,50%,10,0分钟
20211021161329,开,关,开,47°C,50%,11,0分钟
20211021161333,开,关,开,47°C,50%,10,0分钟
20211021161335,开,关,开,47°C,50%,12,0分钟
20211021161337,开,关,开,47°C,50%,11,0分钟
20211021161339,开,关,开,47°C,50%,10,0分钟
20211021161345,开,关,开,47°C,50%,11,0分钟
20211021161347,开,关,开,47°C,50%,10,0分钟
20211021161353,开,关,开,47°C,50%,11,0分钟
20211021161355,开,关,开,47°C,50%,10,0分钟
20211021161357,开,关,开,47°C,50%,11,0分钟
20211021161401,开,关,开,47°C,50%,10,0分钟
20211021161405,开,关,开,47°C,50%,11,0分钟
20211021161409,开,关,开,47°C,50%,10,0分钟
20211021161411,开,关,开,47°C,50%,11,0分钟
20211021161413,开,关,开,47°C,50%,12,0分钟
20211021161415,开,关,开,47°C,50%,0,0分钟
20211021161614,开,关,开,46°C,50%,0,0分钟
20211021161621,开,开,关,45°C,50%,0,7分钟
20211021161721,开,开,关,45°C,50%,0,6分钟
20211021161804,开,开,关,45°C,50%,0,5分钟
20211021161836,开,开,关,44°C,50%,0,8分钟
20211021161936,开,开,关,44°C,50%,0,7分钟
20211021162123,开,开,关,44°C,50%,0,6分钟
20211021162130,开,开,关,45°C,50%,0,7分钟
20211021162206,开,开,关,45°C,50%,0,6分钟
20211021162248,开,开,关,46°C,50%,0,5分钟
20211021162304,开,开,关,46°C,50%,0,4分钟
20211021162307,开,开,关,46°C,50%,46,4分钟
20211021162311,开,开,关,47°C,50%,41,4分钟
20211021162313,开,开,关,47°C,50%,42,4分钟
20211021162315,开,开,关,46°C,50%,42,5分钟
20211021162317,开,开,关,46°C,50%,41,5分钟
20211021162319,开,开,关,46°C,50%,42,5分钟
20211021162323,开,开,关,47°C,50%,41,4分钟
20211021162325,开,开,关,47°C,50%,38,4分钟
20211021162327,开,开,关,47°C,50%,33,4分钟
20211021162329,开,开,关,47°C,50%,31,4分钟
20211021162331,开,开,关,47°C,50%,25,4分钟
20211021162333,开,开,关,47°C,50%,22,4分钟
20211021162335,开,开,关,47°C,50%,20,4分钟
20211021162339,开,开,关,47°C,50%,20,3分钟
20211021162341,开,开,关,47°C,50%,21,3分钟
20211021162347,开,开,关,47°C,50%,20,3分钟
20211021162351,开,开,关,47°C,50%,21,3分钟
20211021162355,开,开,关,47°C,50%,20,3分钟
20211021162357,开,开,关,47°C,50%,22,3分钟
20211021162359,开,开,关,47°C,50%,31,3分钟
20211021162403,开,开,关,47°C,50%,30,3分钟
20211021162405,开,开,关,47°C,50%,28,3分钟
20211021162409,开,开,关,47°C,50%,30,3分钟
20211021162411,开,开,关,47°C,50%,28,3分钟
20211021162415,开,开,关,47°C,50%,30,3分钟
20211021162417,开,开,关,47°C,50%,28,3分钟
20211021162425,开,开,关,47°C,50%,30,3分钟
20211021162431,开,开,关,47°C,50%,28,3分钟
20211021162433,开,开,关,47°C,50%,30,3分钟
20211021162435,开,开,关,47°C,50%,26,3分钟
20211021162444,开,开,关,47°C,50%,25,2分钟
20211021162445,开,开,关,47°C,50%,26,2分钟
20211021162514,开,开,关,47°C,50%,25,2分钟
20211021162516,开,关,开,47°C,100%,0,0分钟
20211021162818,开,关,开,47°C,50%,0,0分钟
20211021162820,开,关,开,47°C,50%,10,0分钟
20211021162822,开,关,开,47°C,50%,18,0分钟
20211021162826,开,开,关,47°C,50%,18,0分钟
20211021162832,开,开,关,47°C,50%,22,0分钟
20211021162834,开,开,关,47°C,50%,21,0分钟
20211021162838,开,开,关,47°C,50%,22,0分钟
20211021162840,开,开,关,47°C,50%,21,0分钟
20211021162842,开,开,关,47°C,50%,22,0分钟
20211021162844,开,开,关,47°C,50%,21,0分钟
20211021162852,开,开,关,47°C,50%,22,0分钟
20211021162854,开,开,关,47°C,50%,21,0分钟
20211021162904,开,开,关,47°C,50%,22,0分钟
20211021162906,开,开,关,47°C,50%,21,0分钟
20211021162912,开,开,关,47°C,50%,22,0分钟
20211021162914,开,开,关,47°C,50%,21,0分钟
20211021162920,开,开,关,47°C,50%,22,0分钟
20211021162922,开,开,关,47°C,50%,23,0分钟
20211021162924,开,开,关,47°C,50%,22,0分钟
20211021162926,开,开,关,47°C,50%,21,0分钟
20211021162932,开,开,关,47°C,50%,22,0分钟
20211021162934,开,开,关,47°C,50%,21,0分钟
20211021162940,开,开,关,47°C,50%,22,0分钟
20211021162945,开,开,关,47°C,50%,23,0分钟
20211021163027,开,开,关,47°C,50%,22,0分钟
20211021163029,开,开,关,47°C,50%,21,0分钟
20211021163049,开,开,关,47°C,50%,22,0分钟
20211021163051,开,开,关,47°C,50%,23,0分钟
20211021163053,开,关,开,47°C,100%,0,0分钟
20211021163127,开,关,开,47°C,50%,0,0分钟
20211021163216,开,关,开,46°C,50%,0,0分钟
20211021163222,开,关,开,47°C,50%,0,0分钟
20211021163234,开,关,开,46°C,50%,0,0分钟
20211021163240,开,关,开,47°C,50%,0,0分钟
20211021163343,开,关,开,46°C,50%,0,0分钟
20211021163345,开,开,关,46°C,50%,33,5分钟
20211021163349,开,开,关,46°C,50%,35,5分钟
20211021163351,开,开,关,46°C,50%,33,5分钟
20211021163359,开,开,关,46°C,50%,35,5分钟
20211021163401,开,开,关,46°C,50%,26,5分钟
20211021163403,开,关,开,46°C,100%,13,0分钟
20211021163405,开,关,开,46°C,50%,0,0分钟
20211021163407,开,关,开,46°C,50%,17,0分钟
20211021163409,开,开,关,46°C,50%,20,5分钟
20211021163427,开,开,关,46°C,50%,18,4分钟
20211021163433,开,开,关,46°C,50%,20,4分钟
20211021163437,开,开,关,46°C,50%,18,4分钟
20211021163453,开,开,关,46°C,50%,20,4分钟
20211021163456,开,开,关,46°C,50%,18,4分钟
20211021163500,开,开,关,46°C,50%,20,4分钟
20211021163502,开,开,关,46°C,50%,18,4分钟
20211021163508,开,开,关,46°C,50%,20,4分钟
20211021163510,开,开,关,46°C,50%,18,4分钟
20211021163514,开,开,关,46°C,50%,20,4分钟
20211021163516,开,开,关,46°C,50%,18,4分钟
20211021163518,开,开,关,46°C,50%,20,4分钟
20211021163520,开,开,关,46°C,50%,18,4分钟
20211021163522,开,开,关,46°C,50%,20,4分钟
20211021163524,开,开,关,46°C,50%,18,4分钟
20211021163526,开,开,关,46°C,50%,20,3分钟
20211021163530,开,开,关,46°C,50%,18,3分钟
20211021163534,开,开,关,46°C,50%,20,3分钟
20211021163536,开,开,关,46°C,50%,18,3分钟
20211021163540,开,开,关,46°C,50%,20,3分钟
20211021163544,开,开,关,46°C,50%,18,3分钟
20211021163546,开,开,关,46°C,50%,20,3分钟
20211021163552,开,开,关,46°C,50%,18,3分钟
20211021163608,开,开,关,46°C,50%,20,3分钟
20211021163610,开,开,关,45°C,50%,20,7分钟
20211021163612,开,开,关,45°C,50%,18,7分钟
20211021163614,开,开,关,45°C,50%,20,7分钟
20211021163626,开,开,关,45°C,50%,20,6分钟
20211021163633,开,开,关,46°C,50%,20,5分钟
20211021163635,开,开,关,45°C,50%,18,7分钟
20211021163639,开,开,关,45°C,50%,20,7分钟
20211021163641,开,开,关,45°C,50%,18,6分钟
20211021163648,开,开,关,45°C,50%,20,6分钟
20211021163649,开,开,关,45°C,50%,18,6分钟
20211021163655,开,开,关,45°C,50%,20,6分钟
20211021163657,开,开,关,45°C,50%,18,6分钟
20211021163659,开,开,关,45°C,50%,20,6分钟
20211021163701,开,开,关,45°C,50%,18,6分钟
20211021163703,开,开,关,45°C,50%,20,6分钟
20211021163709,开,开,关,45°C,50%,18,6分钟
20211021163711,开,开,关,44°C,50%,20,8分钟
20211021163715,开,开,关,44°C,50%,18,8分钟
20211021163721,开,开,关,45°C,50%,20,7分钟
20211021163727,开,开,关,44°C,50%,20,8分钟
20211021163731,开,开,关,44°C,50%,18,8分钟
20211021163733,开,开,关,44°C,50%,20,8分钟
20211021163741,开,开,关,44°C,50%,18,8分钟
20211021163743,开,开,关,44°C,50%,20,8分钟
20211021163745,开,开,关,44°C,50%,18,8分钟
20211021163747,开,开,关,44°C,50%,20,8分钟
20211021163749,开,开,关,44°C,50%,21,8分钟
20211021163751,开,开,关,44°C,50%,20,8分钟
20211021163753,开,开,关,44°C,50%,18,8分钟
20211021163803,开,开,关,44°C,50%,20,7分钟
20211021163805,开,开,关,44°C,50%,18,7分钟
20211021163807,开,开,关,44°C,50%,21,7分钟
20211021163809,开,开,关,44°C,50%,18,7分钟
20211021163812,开,开,关,43°C,25%,18,9分钟
20211021163815,开,开,关,43°C,25%,20,9分钟
20211021163818,开,开,关,43°C,25%,18,9分钟
20211021163824,开,开,关,43°C,25%,20,9分钟
20211021163826,开,开,关,43°C,25%,18,9分钟
20211021163828,开,开,关,43°C,25%,20,9分钟
20211021163830,开,开,关,43°C,25%,18,9分钟
20211021163842,开,开,关,43°C,25%,20,9分钟
20211021163846,开,开,关,43°C,25%,18,9分钟
20211021163902,开,开,关,42°C,25%,20,11分钟
20211021163909,开,开,关,42°C,25%,20,11分钟
20211021163926,关,关,关,42°C,25%,20,0分钟
20211021163932,关,关,关,41°C,25%,20,0分钟
20211021163938,开,开,关,41°C,25%,20,12分钟
20211021163953,关,关,关,41°C,25%,20,0分钟
20211021163954,关,关,关,41°C,25%,21,0分钟
20211021164003,关,关,关,41°C,25%,20,0分钟
20211021164009,关,关,关,40°C,25%,20,0分钟
20211021164011,关,关,关,40°C,25%,18,0分钟
20211021164021,关,关,关,40°C,25%,20,0分钟
20211021164023,关,关,关,40°C,25%,18,0分钟
20211021164027,关,关,关,40°C,25%,20,0分钟
20211021164039,关,关,关,39°C,25%,20,0分钟
20211021164043,关,关,关,39°C,25%,18,0分钟
20211021164101,关,关,关,39°C,25%,20,0分钟
20211021164103,关,关,关,39°C,25%,18,0分钟
20211021164111,关,关,关,38°C,25%,20,0分钟
20211021164130,关,关,关,38°C,25%,0,0分钟
20211021164228,关,关,关,37°C,25%,0,0分钟
20211021172614,关,关,关,36°C,25%,0,0分钟
20211021173754,关,关,关,36°C,25%,8,0分钟
20211021181041,关,关,关,36°C,25%,0,0分钟
20211021181242,关,关,关,36°C,25%,0,0分钟
20211021181248,关,关,关,37°C,25%,0,0分钟
20211021181300,关,关,关,36°C,25%,0,0分钟
20211021181319,关,关,关,37°C,25%,0,0分钟
20211021181343,关,关,关,36°C,25%,0,0分钟
20211021181407,关,关,关,37°C,25%,0,0分钟
20211021181419,关,关,关,36°C,25%,0,0分钟
20211021181425,关,关,关,37°C,25%,0,0分钟
20211021181443,关,关,关,36°C,25%,0,0分钟
20211021181449,关,关,关,37°C,25%,0,0分钟
20211021181502,关,关,关,36°C,25%,0,0分钟
20211021181508,关,关,关,37°C,25%,0,0分钟
20211021181602,关,关,关,36°C,25%,0,0分钟
20211021181614,关,关,关,37°C,25%,0,0分钟
20211021181626,关,关,关,36°C,25%,0,0分钟
20211021181632,关,关,关,37°C,25%,0,0分钟
20211021181645,关,关,关,36°C,25%,0,0分钟
20211021181651,关,关,关,37°C,25%,0,0分钟
20211021181739,关,关,关,36°C,25%,0,0分钟
20211021181751,关,关,关,37°C,25%,0,0分钟
20211021181757,关,关,关,36°C,25%,0,0分钟
20211021181904,关,关,关,37°C,25%,0,0分钟
20211021181910,关,关,关,36°C,25%,0,0分钟
20211021182017,关,关,关,37°C,25%,0,0分钟
20211021182023,关,关,关,36°C,25%,0,0分钟
20211021182029,关,关,关,37°C,25%,0,0分钟
20211021182035,关,关,关,36°C,25%,0,0分钟
20211021182047,关,关,关,37°C,25%,0,0分钟
20211021182053,关,关,关,36°C,25%,0,0分钟
20211021182212,关,关,关,37°C,25%,0,0分钟
20211021182218,关,关,关,36°C,25%,0,0分钟
20211021182246,关,关,关,37°C,25%,0,0分钟
20211021182252,开,开,关,37°C,25%,0,18分钟
20211021182334,开,开,关,36°C,25%,0,19分钟
20211021182401,开,开,关,37°C,25%,0,18分钟
20211021182501,开,开,关,37°C,25%,0,17分钟
20211021182523,开,开,关,37°C,25%,0,16分钟
20211021182525,开,开,关,38°C,25%,0,17分钟
20211021182606,开,开,关,38°C,25%,0,16分钟
20211021182642,开,开,关,39°C,25%,0,15分钟
20211021182706,开,开,关,39°C,25%,0,14分钟
20211021182719,开,开,关,40°C,25%,0,14分钟
20211021182743,开,开,关,40°C,25%,0,13分钟
20211021182829,开,开,关,41°C,25%,0,12分钟
20211021182855,开,开,关,41°C,25%,0,11分钟
20211021182918,开,开,关,42°C,25%,0,11分钟
20211021183014,开,开,关,42°C,25%,0,10分钟
20211021183109,开,开,关,43°C,25%,0,9分钟
20211021183141,开,开,关,44°C,25%,0,8分钟
20211021183215,开,开,关,44°C,25%,0,7分钟
20211021183222,开,开,关,45°C,25%,0,7分钟
20211021183258,开,开,关,45°C,25%,0,6分钟
20211021183340,开,开,关,46°C,25%,0,5分钟
20211021183418,开,开,关,46°C,25%,0,4分钟
20211021183423,开,开,关,47°C,25%,0,4分钟
20211021183429,开,开,关,46°C,25%,0,5分钟
20211021183445,开,开,关,47°C,25%,0,4分钟
20211021183517,开,开,关,47°C,25%,0,3分钟
20211021183610,开,开,关,48°C,25%,0,2分钟
20211021183612,开,开,关,48°C,25%,0,1分钟
20211021183639,开,开,关,49°C,25%,0,1分钟
20211021183706,开,开,关,49°C,25%,0,0分钟
20211021183708,开,关,开,50°C,100%,0,0分钟
20211021183755,开,关,开,50°C,50%,0,0分钟
20211021183757,开,关,开,50°C,50%,8,0分钟
20211021183900,开,关,开,50°C,50%,0,0分钟
20211021184940,关,关,关,50°C,50%,0,0分钟
20211021184942,关,关,关,50°C,50%,30,0分钟
20211021184944,关,关,关,50°C,50%,62,0分钟
20211021184946,关,关,关,50°C,50%,61,0分钟
20211021184948,关,关,关,50°C,50%,62,0分钟
20211021184950,关,关,关,50°C,50%,63,0分钟
20211021184952,关,关,关,50°C,50%,62,0分钟
20211021184954,关,关,关,50°C,50%,63,0分钟
20211021184956,关,关,关,50°C,50%,52,0分钟
20211021184958,关,关,关,50°C,50%,23,0分钟
20211021185000,关,关,关,50°C,50%,46,0分钟
20211021185100,关,关,关,50°C,50%,0,0分钟
20211021185102,关,关,关,50°C,50%,57,0分钟
20211021185106,关,关,关,50°C,50%,56,0分钟
20211021185108,关,关,关,50°C,50%,57,0分钟
20211021185110,关,关,关,50°C,50%,56,0分钟
20211021185113,关,关,关,50°C,50%,58,0分钟
20211021185114,关,关,关,50°C,50%,66,0分钟
20211021185117,关,关,关,50°C,50%,65,0分钟
20211021185121,关,关,关,50°C,50%,63,0分钟
20211021185123,关,关,关,50°C,50%,8,0分钟
20211021185135,关,关,关,50°C,50%,0,0分钟
20211021185137,关,关,关,50°C,50%,32,0分钟
20211021185139,关,关,关,50°C,50%,50,0分钟
20211021185145,关,关,关,50°C,50%,51,0分钟
20211021185147,关,关,关,50°C,50%,30,0分钟
20211021185151,关,关,关,50°C,50%,20,0分钟
20211021185155,关,关,关,50°C,50%,18,0分钟
20211021185201,关,关,关,50°C,50%,20,0分钟
20211021185203,关,关,关,50°C,50%,18,0分钟
20211021185207,关,关,关,50°C,50%,20,0分钟
20211021185219,关,关,关,50°C,50%,18,0分钟
20211021185227,关,关,关,50°C,50%,20,0分钟
20211021185233,关,关,关,50°C,50%,18,0分钟
20211021185243,关,关,关,50°C,50%,20,0分钟
20211021185247,关,关,关,50°C,50%,18,0分钟
20211021185249,关,关,关,50°C,50%,20,0分钟
20211021185253,关,关,关,50°C,50%,18,0分钟
20211021185255,关,关,关,50°C,50%,20,0分钟
20211021185258,关,关,关,50°C,50%,18,0分钟
20211021185306,关,关,关,50°C,50%,18,0分钟
20211021185310,关,关,关,50°C,50%,20,0分钟
20211021185316,关,关,关,50°C,50%,18,0分钟
20211021185322,关,关,关,50°C,50%,20,0分钟
20211021185326,关,关,关,50°C,50%,18,0分钟
20211021185328,关,关,关,50°C,50%,20,0分钟
20211021185332,关,关,关,50°C,50%,13,0分钟
20211021185338,关,关,关,50°C,50%,17,0分钟
20211021185340,关,关,关,50°C,50%,16,0分钟
20211021185342,关,关,关,50°C,50%,13,0分钟
20211021185346,关,关,关,50°C,50%,18,0分钟
20211021185350,关,关,关,50°C,50%,17,0分钟
20211021185352,关,关,关,50°C,50%,18,0分钟
20211021185354,关,关,关,50°C,50%,17,0分钟
20211021185400,关,关,关,50°C,50%,20,0分钟
20211021185402,关,关,关,50°C,50%,21,0分钟
20211021185412,关,关,关,50°C,50%,20,0分钟
20211021185414,关,关,关,50°C,50%,21,0分钟
20211021185436,关,关,关,50°C,50%,20,0分钟
20211021185438,关,关,关,50°C,50%,21,0分钟
20211021185513,关,关,关,50°C,50%,20,0分钟
20211021185515,关,关,关,50°C,50%,18,0分钟
20211021185521,关,关,关,50°C,50%,20,0分钟
20211021185527,关,关,关,50°C,50%,18,0分钟
20211021185529,关,关,关,50°C,50%,20,0分钟
20211021185531,关,关,关,50°C,50%,21,0分钟
20211021185533,关,关,关,50°C,50%,20,0分钟
20211021185535,关,关,关,50°C,50%,21,0分钟
20211021185539,关,关,关,50°C,50%,20,0分钟
20211021185541,关,关,关,50°C,50%,21,0分钟
20211021185601,关,关,关,50°C,50%,20,0分钟
20211021185603,关,关,关,50°C,50%,21,0分钟
20211021185605,关,关,关,50°C,50%,18,0分钟
20211021185615,关,关,关,50°C,50%,20,0分钟
20211021185617,关,关,关,50°C,50%,21,0分钟
20211021185623,关,关,关,50°C,50%,20,0分钟
20211021185648,关,关,关,50°C,50%,0,0分钟
20211021185654,关,关,关,49°C,50%,0,0分钟
20211021185700,关,关,关,50°C,50%,0,0分钟
20211021190141,关,关,关,49°C,50%,0,0分钟
20211021190143,关,关,关,49°C,50%,8,0分钟
20211021190459,关,关,关,49°C,50%,0,0分钟
20211021190505,关,关,关,48°C,50%,0,0分钟
20211021190517,关,关,关,49°C,50%,0,0分钟
20211021190541,关,关,关,48°C,50%,0,0分钟
20211021190547,关,关,关,49°C,50%,0,0分钟
20211021191855,关,关,关,48°C,50%,0,0分钟
20211021191901,关,关,关,47°C,50%,0,0分钟
20211021191933,关,关,关,48°C,50%,0,0分钟
20211021191939,关,关,关,48°C,50%,0,0分钟
20211021194618,关,关,关,47°C,50%,0,0分钟
20211021194648,关,关,关,47°C,50%,0,0分钟
20211021195000,关,关,关,46°C,50%,0,0分钟
20211021195002,关,关,关,46°C,50%,51,0分钟
20211021195004,关,关,关,46°C,50%,40,0分钟
20211021195012,关,关,关,46°C,50%,41,0分钟
20211021195014,关,关,关,46°C,50%,42,0分钟
20211021195016,关,关,关,46°C,50%,41,0分钟
20211021195018,关,关,关,46°C,50%,42,0分钟
20211021195022,关,关,关,46°C,50%,41,0分钟
20211021195028,关,关,关,46°C,50%,42,0分钟
20211021195033,关,关,关,46°C,50%,41,0分钟
20211021195035,关,关,关,46°C,50%,42,0分钟
20211021195043,关,关,关,46°C,50%,41,0分钟
20211021195045,关,关,关,46°C,50%,42,0分钟
20211021195047,关,关,关,46°C,50%,41,0分钟
20211021195049,关,关,关,46°C,50%,42,0分钟
20211021195055,关,关,关,46°C,50%,41,0分钟
20211021195057,关,关,关,46°C,50%,42,0分钟
20211021195059,关,关,关,46°C,50%,27,0分钟
20211021195105,关,关,关,46°C,50%,26,0分钟
20211021195113,关,关,关,46°C,50%,27,0分钟
20211021195115,关,关,关,46°C,50%,26,0分钟
20211021195117,关,关,关,46°C,50%,27,0分钟
20211021195119,关,关,关,46°C,50%,26,0分钟
20211021195123,关,关,关,46°C,50%,27,0分钟
20211021195125,关,关,关,46°C,50%,26,0分钟
20211021195129,关,关,关,46°C,50%,27,0分钟
20211021195131,关,关,关,46°C,50%,26,0分钟
20211021195133,关,关,关,46°C,50%,27,0分钟
20211021195135,关,关,关,45°C,50%,26,0分钟
20211021195145,关,关,关,45°C,50%,27,0分钟
20211021195149,关,关,关,45°C,50%,26,0分钟
20211021195155,关,关,关,45°C,50%,27,0分钟
20211021195157,关,关,关,45°C,50%,26,0分钟
20211021195204,关,关,关,45°C,50%,27,0分钟
20211021195205,关,关,关,45°C,50%,26,0分钟
20211021195207,关,关,关,45°C,50%,26,0分钟
20211021195209,关,关,关,45°C,50%,27,0分钟
20211021195220,关,关,关,44°C,50%,27,0分钟
20211021195222,关,关,关,44°C,50%,26,0分钟
20211021195226,关,关,关,44°C,50%,27,0分钟
20211021195230,关,关,关,44°C,50%,26,0分钟
20211021195238,关,关,关,44°C,50%,27,0分钟
20211021195240,关,关,关,44°C,25%,27,0分钟
20211021195242,关,关,关,44°C,25%,26,0分钟
20211021195244,关,关,关,44°C,25%,27,0分钟
20211021195246,关,关,关,44°C,25%,26,0分钟
20211021195252,关,关,关,44°C,25%,27,0分钟
20211021195254,关,关,关,44°C,25%,26,0分钟
20211021195256,关,关,关,44°C,25%,27,0分钟
20211021195258,关,关,关,44°C,25%,28,0分钟
20211021195300,关,关,关,43°C,25%,26,0分钟
20211021195318,关,关,关,43°C,25%,27,0分钟
20211021195322,关,关,关,43°C,25%,26,0分钟
20211021195328,关,关,关,43°C,25%,27,0分钟
20211021195330,关,关,关,42°C,25%,26,0分钟
20211021195348,关,关,关,42°C,25%,27,0分钟
20211021195350,关,关,关,42°C,25%,26,0分钟
20211021195404,关,关,关,42°C,25%,27,0分钟
20211021195407,关,关,关,42°C,25%,26,0分钟
20211021195409,关,关,关,42°C,25%,27,0分钟
20211021195411,关,关,关,42°C,25%,26,0分钟
20211021195431,关,关,关,41°C,25%,27,0分钟
20211021195433,关,关,关,41°C,25%,26,0分钟
20211021195443,关,关,关,41°C,25%,27,0分钟
20211021195445,关,关,关,41°C,25%,28,0分钟
20211021195451,关,关,关,41°C,25%,27,0分钟
20211021195453,关,关,关,41°C,25%,25,0分钟
20211021195455,关,关,关,40°C,25%,35,0分钟
20211021195457,关,关,关,40°C,25%,31,0分钟
20211021195509,关,关,关,40°C,25%,27,0分钟
20211021195511,关,关,关,40°C,25%,21,0分钟
20211021195523,关,关,关,40°C,25%,0,0分钟
20211021195646,关,关,关,39°C,25%,0,0分钟
20211021204045,关,关,关,38°C,25%,0,0分钟
20211021204109,关,关,关,38°C,25%,0,0分钟
20211021204115,关,关,关,37°C,25%,0,0分钟
20211021204453,关,关,关,38°C,25%,0,0分钟
20211021204459,关,关,关,37°C,25%,0,0分钟
20211021204512,关,关,关,38°C,25%,0,0分钟
20211021204518,关,关,关,37°C,25%,0,0分钟
20211021204713,关,关,关,38°C,25%,0,0分钟
20211021204719,关,关,关,37°C,25%,0,0分钟
20211021204807,关,关,关,38°C,25%,0,0分钟
20211021204813,关,关,关,37°C,25%,0,0分钟
20211021204819,关,关,关,38°C,25%,0,0分钟
20211021204827,关,关,关,37°C,25%,0,0分钟
20211021204850,关,关,关,38°C,25%,0,0分钟
20211021204856,关,关,关,37°C,25%,0,0分钟
20211021204902,关,关,关,38°C,25%,0,0分钟
20211021204914,关,关,关,37°C,25%,0,0分钟
20211021204926,关,关,关,38°C,25%,0,0分钟
20211021204938,关,关,关,37°C,25%,0,0分钟
20211021205033,关,关,关,38°C,25%,0,0分钟
20211021205039,关,关,关,37°C,25%,0,0分钟
20211021205109,关,关,关,38°C,25%,0,0分钟
20211021205115,关,关,关,37°C,25%,0,0分钟
20211021205203,关,关,关,38°C,25%,0,0分钟
20211021205210,关,关,关,37°C,25%,0,0分钟
20211021205216,关,关,关,38°C,25%,0,0分钟
20211021205222,关,关,关,37°C,25%,0,0分钟
20211021205234,关,关,关,38°C,25%,0,0分钟
20211021205240,关,关,关,37°C,25%,0,0分钟
20211021205322,关,关,关,38°C,25%,0,0分钟
20211021205346,关,关,关,38°C,25%,0,0分钟
20211021205405,关,关,关,37°C,25%,0,0分钟
20211021205435,关,关,关,38°C,25%,0,0分钟
20211021205447,关,关,关,37°C,25%,0,0分钟
20211021205459,关,关,关,38°C,25%,0,0分钟
20211021205511,关,关,关,37°C,25%,0,0分钟
20211021205517,关,关,关,38°C,25%,0,0分钟
20211021205523,关,关,关,37°C,25%,0,0分钟
20211021205530,关,关,关,38°C,25%,0,0分钟
20211021205536,关,关,关,37°C,25%,0,0分钟
20211021205624,关,关,关,38°C,25%,0,0分钟
20211021205700,关,关,关,37°C,25%,0,0分钟
20211021205706,关,关,关,38°C,25%,0,0分钟
20211021205725,关,关,关,37°C,25%,0,0分钟
20211021205731,关,关,关,38°C,25%,0,0分钟
20211021205831,关,关,关,37°C,25%,0,0分钟
20211021205843,关,关,关,37°C,25%,0,0分钟
20211021205849,关,关,关,38°C,25%,0,0分钟
20211021205901,关,关,关,37°C,25%,0,0分钟
20211021205907,关,关,关,38°C,25%,0,0分钟
20211021205932,关,关,关,37°C,25%,0,0分钟
20211021205938,关,关,关,38°C,25%,0,0分钟
20211021205956,关,关,关,37°C,25%,0,0分钟
20211021210002,关,关,关,38°C,25%,0,0分钟
20211021210012,关,关,关,37°C,25%,0,0分钟
20211021210026,关,关,关,38°C,25%,0,0分钟
20211021210032,关,关,关,37°C,25%,0,0分钟
20211021210038,关,关,关,38°C,25%,0,0分钟
20211021210050,关,关,关,37°C,25%,0,0分钟
20211021210056,关,关,关,38°C,25%,0,0分钟
20211021210215,关,关,关,37°C,25%,0,0分钟
20211021210227,关,关,关,38°C,25%,0,0分钟
20211021210233,关,关,关,37°C,25%,0,0分钟
20211021210239,关,关,关,38°C,25%,0,0分钟
20211021210447,关,关,关,37°C,25%,0,0分钟
20211021210454,关,关,关,38°C,25%,0,0分钟
20211021210535,关,关,关,37°C,25%,0,0分钟
20211021210541,关,关,关,38°C,25%,0,0分钟
20211021210654,关,关,关,37°C,25%,0,0分钟
20211021210700,关,关,关,38°C,25%,0,0分钟
20211021210718,关,关,关,37°C,25%,0,0分钟
20211021210724,关,关,关,38°C,25%,0,0分钟
20211021210736,关,关,关,37°C,25%,0,0分钟
20211021210742,关,关,关,38°C,25%,0,0分钟
20211021210807,关,关,关,37°C,25%,0,0分钟
20211021210813,关,关,关,38°C,25%,0,0分钟
20211021210855,关,关,关,37°C,25%,0,0分钟
20211021210901,关,关,关,38°C,25%,0,0分钟
20211021210936,关,关,关,37°C,25%,0,0分钟
20211021210943,关,关,关,38°C,25%,0,0分钟
20211021211002,关,关,关,37°C,25%,0,0分钟
20211021211008,关,关,关,38°C,25%,0,0分钟
20211021211233,关,关,关,37°C,25%,0,0分钟
20211021211239,关,关,关,38°C,25%,0,0分钟
20211021211309,关,关,关,37°C,25%,0,0分钟
20211021211315,关,关,关,38°C,25%,0,0分钟
20211021211748,关,关,关,37°C,25%,0,0分钟
20211021211754,关,关,关,38°C,25%,0,0分钟
20211021213335,关,关,关,37°C,25%,0,0分钟
20211021213401,开,开,关,37°C,25%,0,17分钟
20211021213403,开,开,关,37°C,25%,0,16分钟
20211021213405,开,开,关,38°C,25%,0,16分钟
20211021213409,开,开,关,38°C,25%,0,18分钟
20211021213411,开,开,关,37°C,25%,0,18分钟
20211021213413,开,开,关,37°C,25%,0,17分钟
20211021213415,开,开,关,37°C,25%,0,16分钟
20211021213514,开,开,关,38°C,25%,0,16分钟
20211021213546,开,开,关,38°C,25%,0,15分钟
20211021213618,开,开,关,39°C,25%,0,15分钟
20211021213620,开,开,关,39°C,25%,0,14分钟
20211021213622,开,开,关,39°C,25%,46,14分钟
20211021213628,开,开,关,39°C,25%,47,14分钟
20211021213630,开,开,关,39°C,25%,48,14分钟
20211021213632,开,开,关,39°C,25%,47,14分钟
20211021213635,开,开,关,39°C,25%,48,14分钟
20211021213636,开,开,关,39°C,25%,50,14分钟
20211021213639,开,开,关,39°C,25%,47,14分钟
20211021213653,开,开,关,39°C,25%,48,14分钟
20211021213659,开,开,关,40°C,25%,48,14分钟
20211021213701,开,开,关,40°C,25%,50,14分钟
20211021213707,开,开,关,40°C,25%,48,13分钟
20211021213709,开,开,关,40°C,25%,42,13分钟
20211021213715,开,开,关,40°C,25%,43,13分钟
20211021213727,开,开,关,40°C,25%,45,13分钟
20211021213729,开,开,关,40°C,25%,46,13分钟
20211021213731,开,开,关,40°C,25%,45,13分钟
20211021213733,开,开,关,40°C,25%,52,13分钟
20211021213737,开,开,关,40°C,25%,51,13分钟
20211021213741,开,开,关,40°C,25%,52,13分钟
20211021213747,开,开,关,40°C,25%,25,13分钟
20211021213748,开,开,关,40°C,25%,23,13分钟
20211021213749,开,开,关,40°C,25%,22,13分钟
20211021213753,开,开,关,40°C,25%,23,13分钟
20211021213755,开,开,关,40°C,25%,22,13分钟
20211021213757,开,开,关,40°C,25%,23,13分钟
20211021213759,开,开,关,40°C,25%,22,13分钟
20211021213801,开,开,关,40°C,25%,27,13分钟
20211021213809,开,开,关,40°C,25%,26,12分钟
20211021213811,开,开,关,40°C,25%,27,12分钟
20211021213813,开,开,关,40°C,25%,26,12分钟
20211021213815,开,开,关,40°C,25%,27,12分钟
20211021213824,开,开,关,40°C,25%,26,12分钟
20211021213828,开,开,关,40°C,25%,27,12分钟
20211021213838,开,开,关,40°C,25%,26,12分钟
20211021213840,开,开,关,40°C,25%,27,12分钟
20211021213842,开,开,关,40°C,25%,26,12分钟
20211021213844,开,开,关,40°C,25%,27,12分钟
20211021213846,开,开,关,40°C,25%,26,12分钟
20211021213848,开,开,关,40°C,25%,27,12分钟
20211021213854,开,开,关,40°C,25%,26,12分钟
20211021213856,开,开,关,40°C,25%,27,12分钟
20211021213902,开,开,关,40°C,25%,26,12分钟
20211021213904,开,开,关,40°C,25%,26,11分钟
20211021213910,开,开,关,40°C,25%,27,11分钟
20211021213912,开,开,关,40°C,25%,26,11分钟
20211021213916,开,开,关,40°C,25%,27,11分钟
20211021213918,开,开,关,40°C,25%,26,11分钟
20211021213928,开,开,关,40°C,25%,27,11分钟
20211021213930,开,开,关,40°C,25%,26,11分钟
20211021213936,开,开,关,40°C,25%,27,11分钟
20211021213938,开,开,关,40°C,25%,26,11分钟
20211021213940,开,开,关,40°C,25%,27,11分钟
20211021213944,开,开,关,40°C,25%,26,11分钟
20211021213946,开,开,关,40°C,25%,27,11分钟
20211021213954,开,开,关,40°C,25%,26,11分钟
20211021214002,开,开,关,40°C,25%,0,11分钟
20211021214109,开,开,关,40°C,25%,0,10分钟
20211021214113,开,开,关,40°C,25%,0,15分钟
20211021214127,开,开,关,39°C,25%,0,15分钟
20211021214131,开,开,关,39°C,25%,0,14分钟
20211021214133,开,开,关,40°C,25%,0,14分钟
20211021214137,开,开,关,40°C,25%,0,15分钟
20211021214141,开,开,关,39°C,25%,0,15分钟
20211021214143,开,开,关,39°C,25%,22,15分钟
20211021214145,开,开,关,39°C,25%,12,15分钟
20211021214147,开,开,关,39°C,25%,13,15分钟
20211021214149,开,开,关,39°C,25%,18,15分钟
20211021214152,开,开,关,39°C,25%,25,15分钟
20211021214158,开,开,关,39°C,25%,28,15分钟
20211021214210,开,开,关,39°C,25%,30,15分钟
20211021214214,开,开,关,39°C,25%,30,14分钟
20211021214216,开,开,关,39°C,25%,28,14分钟
20211021214229,开,开,关,39°C,25%,28,14分钟
20211021214232,开,开,关,39°C,25%,27,14分钟
20211021214234,开,开,关,39°C,25%,28,14分钟
20211021214236,开,开,关,39°C,25%,27,14分钟
20211021214242,开,开,关,39°C,25%,28,14分钟
20211021214244,开,开,关,39°C,25%,27,14分钟
20211021214246,开,开,关,39°C,25%,28,14分钟
20211021214258,开,开,关,39°C,25%,27,14分钟
20211021214300,开,开,关,39°C,25%,28,14分钟
20211021214308,开,开,关,39°C,25%,27,14分钟
20211021214310,开,开,关,39°C,25%,28,14分钟
20211021214312,开,开,关,39°C,25%,27,13分钟
20211021214314,开,开,关,39°C,25%,28,13分钟
20211021214318,开,开,关,39°C,25%,27,13分钟
20211021214320,开,开,关,39°C,25%,28,13分钟
20211021214326,开,开,关,39°C,25%,27,13分钟
20211021214336,开,开,关,39°C,25%,28,13分钟
20211021214339,开,开,关,39°C,25%,27,13分钟
20211021214341,开,开,关,39°C,25%,25,13分钟
20211021214343,开,开,关,39°C,25%,26,13分钟
20211021214347,开,开,关,39°C,25%,25,13分钟
20211021214349,开,开,关,39°C,25%,26,13分钟
20211021214357,开,开,关,39°C,25%,25,13分钟
20211021214403,开,开,关,39°C,25%,28,13分钟
20211021214405,开,开,关,39°C,25%,27,13分钟
20211021214411,开,开,关,39°C,25%,28,13分钟
20211021214413,开,开,关,39°C,25%,28,12分钟
20211021214415,开,开,关,39°C,25%,30,12分钟
20211021214417,开,开,关,39°C,25%,28,12分钟
20211021214419,开,开,关,39°C,25%,30,12分钟
20211021214425,开,开,关,39°C,25%,28,12分钟
20211021214427,开,开,关,39°C,25%,27,12分钟
20211021214441,开,开,关,39°C,25%,28,12分钟
20211021214443,开,开,关,39°C,25%,27,12分钟
20211021214451,开,开,关,39°C,25%,28,12分钟
20211021214455,开,开,关,39°C,25%,30,12分钟
20211021214511,开,开,关,39°C,25%,28,12分钟
20211021214520,开,开,关,39°C,25%,28,11分钟
20211021214522,开,开,关,39°C,25%,27,11分钟
20211021214538,开,开,关,39°C,25%,28,11分钟
20211021214540,开,开,关,39°C,25%,27,11分钟
20211021214542,开,开,关,39°C,25%,30,11分钟
20211021214602,开,开,关,39°C,25%,28,11分钟
20211021214604,开,开,关,39°C,25%,30,11分钟
20211021214606,开,开,关,39°C,25%,28,11分钟
20211021214610,开,开,关,39°C,25%,30,11分钟
20211021214614,开,开,关,39°C,25%,28,11分钟
20211021214616,开,开,关,39°C,25%,25,11分钟
20211021214622,开,开,关,39°C,25%,26,11分钟
20211021214624,开,开,关,39°C,25%,25,11分钟
20211021214628,开,开,关,39°C,25%,26,11分钟
20211021214630,开,开,关,39°C,25%,25,11分钟
20211021214642,开,开,关,39°C,25%,26,11分钟
20211021214644,开,开,关,39°C,25%,27,11分钟
20211021214654,开,开,关,39°C,25%,26,11分钟
20211021214656,开,开,关,39°C,25%,26,17分钟
20211021214658,开,开,关,39°C,25%,26,16分钟
20211021214700,开,开,关,38°C,25%,25,16分钟
20211021214702,开,开,关,38°C,25%,26,16分钟
20211021214704,开,开,关,38°C,25%,25,16分钟
20211021214707,开,开,关,38°C,25%,26,16分钟
20211021214711,开,开,关,38°C,25%,25,16分钟
20211021214712,开,开,关,38°C,25%,26,16分钟
20211021214713,开,开,关,38°C,25%,10,16分钟
20211021214757,开,开,关,38°C,25%,0,16分钟
20211021214837,开,开,关,38°C,25%,0,15分钟
20211021214841,开,开,关,38°C,25%,0,18分钟
20211021214904,开,开,关,37°C,25%,0,18分钟
20211021214922,开,开,关,37°C,25%,0,17分钟
20211021214924,开,开,关,37°C,25%,0,16分钟
20211021214926,开,开,关,38°C,25%,0,16分钟
20211021214932,开,开,关,38°C,25%,0,18分钟
20211021214938,开,开,关,37°C,25%,0,18分钟
20211021214940,开,开,关,37°C,25%,0,17分钟
20211021214942,开,开,关,37°C,25%,0,16分钟
20211021215041,开,开,关,38°C,25%,0,16分钟
20211021215055,开,开,关,38°C,25%,0,15分钟
20211021215127,开,开,关,39°C,25%,0,15分钟
20211021215155,开,开,关,39°C,25%,0,14分钟
20211021215157,开,开,关,40°C,25%,0,14分钟
20211021215201,开,开,关,40°C,25%,0,15分钟
20211021215203,开,开,关,39°C,25%,0,15分钟
20211021215207,开,开,关,39°C,25%,0,14分钟
20211021215215,开,开,关,40°C,25%,0,14分钟
20211021215246,开,开,关,40°C,25%,0,13分钟
20211021215250,开,开,关,40°C,25%,0,12分钟
20211021215332,开,开,关,41°C,25%,0,12分钟
20211021215356,开,开,关,41°C,25%,0,11分钟
20211021215415,开,开,关,42°C,25%,0,11分钟
20211021215459,开,开,关,42°C,25%,0,10分钟
20211021215503,开,开,关,42°C,25%,0,9分钟
20211021215535,开,开,关,43°C,25%,0,9分钟
20211021215539,开,开,关,43°C,25%,0,8分钟
20211021215608,开,开,关,44°C,25%,0,8分钟
20211021215646,开,开,关,44°C,25%,0,7分钟
20211021215648,开,开,关,45°C,25%,0,7分钟
20211021215725,开,开,关,45°C,25%,0,6分钟
20211021215729,开,开,关,45°C,25%,0,5分钟
20211021215807,开,开,关,46°C,25%,0,5分钟
20211021215856,开,开,关,46°C,25%,0,4分钟
20211021215906,开,开,关,47°C,25%,0,4分钟
20211021215956,开,开,关,47°C,25%,0,3分钟
20211021220000,开,开,关,47°C,25%,0,2分钟
20211021220026,开,开,关,48°C,25%,0,2分钟
20211021220030,开,开,关,48°C,25%,0,1分钟
20211021220032,开,开,关,49°C,25%,0,1分钟
20211021220036,开,开,关,49°C,25%,0,2分钟
20211021220044,开,开,关,48°C,25%,0,2分钟
20211021220048,开,开,关,48°C,25%,0,1分钟
20211021220111,开,开,关,49°C,25%,0,1分钟
20211021220127,开,开,关,49°C,25%,0,0分钟
20211021220129,开,关,开,50°C,100%,0,0分钟
20211021221451,开,关,开,50°C,50%,0,0分钟
20211021221453,开,关,开,50°C,50%,8,0分钟
20211021222442,开,关,开,50°C,50%,0,0分钟
20211021222447,开,关,开,50°C,50%,10,0分钟
20211021224539,开,关,开,50°C,50%,0,0分钟
20211021224541,开,关,开,50°C,50%,8,0分钟
20211021225748,开,关,开,50°C,50%,0,0分钟
20211021225824,开,关,开,50°C,50%,0,0分钟
20211021225830,开,关,开,49°C,50%,0,0分钟
20211021225836,开,关,开,50°C,50%,0,0分钟
20211021225842,开,关,开,49°C,50%,0,0分钟
20211021225855,开,关,开,50°C,50%,0,0分钟
20211021225901,开,关,开,49°C,50%,0,0分钟
20211021225907,开,关,开,50°C,50%,0,0分钟
20211021225913,开,关,开,49°C,50%,0,0分钟
20211021225919,开,关,开,50°C,50%,0,0分钟
20211021225925,开,关,开,49°C,50%,0,0分钟
20211021230032,开,关,开,50°C,50%,0,0分钟
20211021230038,开,关,开,49°C,50%,0,0分钟
20211021230050,开,关,开,50°C,50%,0,0分钟
20211021230056,开,关,开,49°C,50%,0,0分钟
20211021230120,开,关,开,50°C,50%,0,0分钟
20211021230126,开,关,开,49°C,50%,0,0分钟
20211021230138,开,关,开,50°C,50%,0,0分钟
20211021230144,开,关,开,49°C,50%,0,0分钟
20211021230156,开,关,开,50°C,50%,0,0分钟
20211021230202,开,关,开,49°C,50%,0,0分钟
20211021230208,开,关,开,50°C,50%,0,0分钟
20211021230215,开,关,开,49°C,50%,0,0分钟
20211021230227,开,关,开,50°C,50%,0,0分钟
20211021230233,开,关,开,49°C,50%,0,0分钟
20211021230245,开,关,开,50°C,50%,0,0分钟
20211021230251,开,关,开,49°C,50%,0,0分钟
20211021230303,开,关,开,50°C,50%,0,0分钟
20211021230309,开,关,开,49°C,50%,0,0分钟
20211021230321,开,关,开,50°C,50%,0,0分钟
20211021230327,开,关,开,49°C,50%,0,0分钟
20211021230345,开,关,开,50°C,50%,0,0分钟
20211021230351,开,关,开,49°C,50%,0,0分钟
20211021230404,开,关,开,50°C,50%,0,0分钟
20211021230410,开,关,开,49°C,50%,0,0分钟
20211021230422,开,关,开,50°C,50%,0,0分钟
20211021230428,开,关,开,49°C,50%,0,0分钟
20211021230434,开,关,开,50°C,50%,0,0分钟
20211021230446,开,关,开,49°C,50%,0,0分钟
20211021230452,开,关,开,50°C,50%,0,0分钟
20211021230458,开,关,开,49°C,50%,0,0分钟
20211021230516,开,关,开,50°C,50%,0,0分钟
20211021230528,开,关,开,49°C,50%,0,0分钟
20211021230541,开,关,开,50°C,50%,0,0分钟
20211021230553,开,关,开,49°C,50%,0,0分钟
20211021230605,开,关,开,50°C,50%,0,0分钟
20211021230611,开,关,开,49°C,50%,0,0分钟
20211021230635,开,关,开,50°C,50%,0,0分钟
20211021230653,开,关,开,49°C,50%,0,0分钟
20211021230659,开,关,开,50°C,50%,0,0分钟
20211021230711,开,关,开,49°C,50%,0,0分钟
20211021230718,开,关,开,50°C,50%,0,0分钟
20211021230730,开,关,开,49°C,50%,0,0分钟
20211021230742,开,关,开,50°C,50%,0,0分钟
20211021230800,开,关,开,49°C,50%,0,0分钟
20211021230806,开,关,开,50°C,50%,0,0分钟
20211021230818,开,关,开,49°C,50%,0,0分钟
20211021230836,开,关,开,50°C,50%,0,0分钟
20211021230848,开,关,开,49°C,50%,0,0分钟
20211021230901,开,关,开,50°C,50%,0,0分钟
20211021230913,开,关,开,49°C,50%,0,0分钟
20211021230919,开,关,开,50°C,50%,0,0分钟
20211021230925,开,关,开,49°C,50%,0,0分钟
20211021230949,开,关,开,50°C,50%,0,0分钟
20211021230955,开,关,开,49°C,50%,0,0分钟
20211021231025,开,关,开,50°C,50%,0,0分钟
20211021231031,开,关,开,49°C,50%,0,0分钟
20211021231037,开,关,开,50°C,50%,0,0分钟
20211021231050,开,关,开,49°C,50%,0,0分钟
20211021231056,开,关,开,50°C,50%,0,0分钟
20211021231102,开,关,开,49°C,50%,0,0分钟
20211021231114,开,关,开,50°C,50%,0,0分钟
20211021231120,开,关,开,49°C,50%,0,0分钟
20211021231126,开,关,开,50°C,50%,0,0分钟
20211021231227,开,关,开,49°C,50%,0,0分钟
20211021231233,开,关,开,50°C,50%,0,0分钟
20211022002516,开,关,开,49°C,50%,0,0分钟
20211022002717,开,关,开,49°C,50%,0,0分钟
20211022002723,开,关,开,48°C,50%,0,0分钟
20211022002729,开,关,开,49°C,50%,0,0分钟
20211022002735,开,关,开,48°C,50%,0,0分钟
20211022002741,开,关,开,49°C,50%,0,0分钟
20211022002747,开,关,开,48°C,50%,0,0分钟
20211022002811,开,关,开,49°C,50%,0,0分钟
20211022002817,开,关,开,48°C,50%,0,0分钟
20211022002829,开,关,开,49°C,50%,0,0分钟
20211022002836,开,关,开,48°C,50%,0,0分钟
20211022002842,开,关,开,49°C,50%,0,0分钟
20211022002848,开,关,开,48°C,50%,0,0分钟
20211022002912,开,关,开,49°C,50%,0,0分钟
20211022002919,开,关,开,48°C,50%,0,0分钟
20211022002942,开,关,开,49°C,50%,0,0分钟
20211022002948,开,关,开,48°C,50%,0,0分钟
20211022003007,开,关,开,49°C,50%,0,0分钟
20211022003013,开,关,开,48°C,50%,0,0分钟
20211022003025,开,关,开,49°C,50%,0,0分钟
20211022003031,开,关,开,48°C,50%,0,0分钟
20211022003049,开,关,开,49°C,50%,0,0分钟
20211022003055,开,关,开,48°C,50%,0,0分钟
20211022003125,开,关,开,49°C,50%,0,0分钟
20211022003131,开,关,开,48°C,50%,0,0分钟
20211022003143,开,关,开,49°C,50%,0,0分钟
20211022003156,开,关,开,48°C,50%,0,0分钟
20211022003214,开,关,开,49°C,50%,0,0分钟
20211022003220,开,关,开,48°C,50%,0,0分钟
20211022003232,开,关,开,49°C,50%,0,0分钟
20211022003238,开,关,开,48°C,50%,0,0分钟
20211022003256,开,关,开,49°C,50%,0,0分钟
20211022003308,开,关,开,48°C,50%,0,0分钟
20211022003326,开,关,开,49°C,50%,0,0分钟
20211022003333,开,关,开,48°C,50%,0,0分钟
20211022003345,开,关,开,49°C,50%,0,0分钟
20211022003351,开,关,开,48°C,50%,0,0分钟
20211022003409,开,关,开,49°C,50%,0,0分钟
20211022003415,开,关,开,48°C,50%,0,0分钟
20211022003433,开,关,开,49°C,50%,0,0分钟
20211022003439,开,关,开,48°C,50%,0,0分钟
20211022003503,开,关,开,49°C,50%,0,0分钟
20211022003516,开,关,开,48°C,50%,0,0分钟
20211022003522,开,关,开,49°C,50%,0,0分钟
20211022003528,开,关,开,48°C,50%,0,0分钟
20211022003610,开,关,开,49°C,50%,0,0分钟
20211022003622,开,关,开,48°C,50%,0,0分钟
20211022003634,开,关,开,49°C,50%,0,0分钟
20211022003640,开,关,开,48°C,50%,0,0分钟
20211022003652,开,关,开,49°C,50%,0,0分钟
20211022003659,开,关,开,48°C,50%,0,0分钟
20211022003711,开,关,开,49°C,50%,0,0分钟
20211022003717,开,关,开,48°C,50%,0,0分钟
20211022003811,开,关,开,49°C,50%,0,0分钟
20211022003900,开,关,开,48°C,50%,0,0分钟
20211022003906,开,关,开,49°C,50%,0,0分钟
20211022003912,开,关,开,48°C,50%,0,0分钟
20211022003924,开,关,开,49°C,50%,0,0分钟
20211022003930,开,关,开,48°C,50%,0,0分钟
20211022003954,开,关,开,49°C,50%,0,0分钟
20211022004006,开,关,开,48°C,50%,0,0分钟
20211022004012,开,关,开,49°C,50%,0,0分钟
20211022004019,开,关,开,48°C,50%,0,0分钟
20211022004025,开,关,开,49°C,50%,0,0分钟
20211022004031,开,关,开,48°C,50%,0,0分钟
20211022004037,开,关,开,49°C,50%,0,0分钟
20211022004137,开,关,开,48°C,50%,0,0分钟
20211022004143,开,关,开,49°C,50%,0,0分钟
20211022004149,开,关,开,48°C,50%,0,0分钟
20211022004155,开,关,开,49°C,50%,0,0分钟
20211022011646,开,关,开,48°C,50%,0,0分钟
20211022012552,开,关,开,48°C,50%,0,0分钟
20211022012558,开,关,开,49°C,50%,0,0分钟
20211022021513,开,关,开,48°C,50%,0,0分钟
20211022021515,开,关,开,48°C,50%,8,0分钟
20211022021557,开,关,开,48°C,50%,0,0分钟
20211022021847,开,关,开,48°C,50%,0,0分钟
20211022021853,开,关,开,47°C,50%,0,0分钟
20211022021249,开,关,开,48°C,50%,0,0分钟
20211022021256,开,关,开,47°C,50%,0,0分钟
20211022021308,开,关,开,48°C,50%,0,0分钟
20211022021314,开,关,开,47°C,50%,0,0分钟
20211022021445,开,关,开,48°C,50%,0,0分钟
20211022021451,开,关,开,47°C,50%,0,0分钟
20211022021841,开,关,开,48°C,50%,0,0分钟
20211022021847,开,关,开,47°C,50%,0,0分钟
20211022023143,开,关,开,48°C,50%,0,0分钟
20211022023149,开,关,开,48°C,50%,0,0分钟
20211022023155,开,关,开,47°C,50%,0,0分钟
20211022023201,开,关,开,48°C,50%,0,0分钟
20211022023207,开,关,开,47°C,50%,0,0分钟
20211022023213,开,关,开,48°C,50%,0,0分钟
20211022023219,开,关,开,47°C,50%,0,0分钟
20211022023225,开,关,开,48°C,50%,0,0分钟
20211022023231,开,关,开,47°C,50%,0,0分钟
20211022023243,开,关,开,48°C,50%,0,0分钟
20211022023249,开,关,开,47°C,50%,0,0分钟
20211022023255,开,关,开,48°C,50%,0,0分钟
20211022023302,开,关,开,47°C,50%,0,0分钟
20211022023314,开,关,开,48°C,50%,0,0分钟
20211022023320,开,关,开,47°C,50%,0,0分钟
20211022023326,开,关,开,48°C,50%,0,0分钟
20211022023338,开,关,开,47°C,50%,0,0分钟
20211022023408,开,关,开,48°C,50%,0,0分钟
20211022023414,开,关,开,48°C,50%,0,0分钟
20211022023420,开,关,开,47°C,50%,0,0分钟
20211022023432,开,关,开,48°C,50%,0,0分钟
20211022023445,开,关,开,47°C,50%,0,0分钟
20211022023451,开,关,开,48°C,50%,0,0分钟
20211022023457,开,关,开,47°C,50%,0,0分钟
20211022023503,开,关,开,48°C,50%,0,0分钟
20211022023509,开,关,开,47°C,50%,0,0分钟
20211022023521,开,关,开,48°C,50%,0,0分钟
20211022023527,开,关,开,47°C,50%,0,0分钟
20211022023533,开,关,开,48°C,50%,0,0分钟
20211022023545,开,关,开,47°C,50%,0,0分钟
20211022023551,开,关,开,48°C,50%,0,0分钟
20211022023557,开,关,开,47°C,50%,0,0分钟
20211022023603,开,关,开,48°C,50%,0,0分钟
20211022023612,开,关,开,47°C,50%,0,0分钟
20211022023622,开,关,开,48°C,50%,0,0分钟
20211022023628,开,关,开,47°C,50%,0,0分钟
20211022023634,开,关,开,48°C,50%,0,0分钟
20211022023652,开,关,开,47°C,50%,0,0分钟
20211022023658,开,关,开,48°C,50%,0,0分钟
20211022023704,开,关,开,47°C,50%,0,0分钟
20211022023716,开,关,开,48°C,50%,0,0分钟
20211022023722,开,关,开,47°C,50%,0,0分钟
20211022023728,开,关,开,48°C,50%,0,0分钟
20211022023746,开,关,开,47°C,50%,0,0分钟
20211022023758,开,关,开,48°C,50%,0,0分钟
20211022023805,开,关,开,47°C,50%,0,0分钟
20211022023823,开,关,开,48°C,50%,0,0分钟
20211022023829,开,关,开,47°C,50%,0,0分钟
20211022023835,开,关,开,48°C,50%,0,0分钟
20211022023841,开,关,开,47°C,50%,0,0分钟
20211022023847,开,关,开,48°C,50%,0,0分钟
20211022023853,开,关,开,47°C,50%,0,0分钟
20211022023859,开,关,开,48°C,50%,0,0分钟
20211022023905,开,关,开,47°C,50%,0,0分钟
20211022023911,开,关,开,48°C,50%,0,0分钟
20211022023917,开,关,开,47°C,50%,0,0分钟
20211022023929,开,关,开,48°C,50%,0,0分钟
20211022023941,开,关,开,47°C,50%,0,0分钟
20211022023947,开,关,开,48°C,50%,0,0分钟
20211022024000,开,关,开,47°C,50%,0,0分钟
20211022024006,开,关,开,48°C,50%,0,0分钟
20211022024018,开,关,开,47°C,50%,0,0分钟
20211022024024,开,关,开,48°C,50%,0,0分钟
20211022024036,开,关,开,47°C,50%,0,0分钟
20211022024042,开,关,开,48°C,50%,0,0分钟
20211022024048,开,关,开,47°C,50%,0,0分钟
20211022024112,开,关,开,48°C,50%,0,0分钟
20211022024118,开,关,开,48°C,50%,0,0分钟
20211022024131,开,关,开,47°C,50%,0,0分钟
20211022024137,开,关,开,48°C,50%,0,0分钟
20211022024155,开,关,开,47°C,50%,0,0分钟
20211022024201,开,关,开,48°C,50%,0,0分钟
20211022024207,开,关,开,47°C,50%,0,0分钟
20211022024213,开,关,开,48°C,50%,0,0分钟
20211022024225,开,关,开,47°C,50%,0,0分钟
20211022024231,开,关,开,48°C,50%,0,0分钟
20211022024237,开,关,开,47°C,50%,0,0分钟
20211022024243,开,关,开,48°C,50%,0,0分钟
20211022024255,开,关,开,47°C,50%,0,0分钟
20211022024301,开,关,开,48°C,50%,0,0分钟
20211022024315,开,关,开,47°C,50%,0,0分钟
20211022024320,开,关,开,48°C,50%,0,0分钟
20211022024326,开,关,开,47°C,50%,0,0分钟
20211022024332,开,关,开,48°C,50%,0,0分钟
20211022024356,开,关,开,47°C,50%,0,0分钟
20211022024402,开,关,开,48°C,50%,0,0分钟
20211022024408,开,关,开,47°C,50%,0,0分钟
20211022024414,开,关,开,48°C,50%,0,0分钟
20211022024420,开,关,开,47°C,50%,0,0分钟
20211022024426,开,关,开,48°C,50%,0,0分钟
20211022024438,开,关,开,47°C,50%,0,0分钟
20211022024450,开,关,开,48°C,50%,0,0分钟
20211022024457,开,关,开,47°C,50%,0,0分钟
20211022024509,开,关,开,48°C,50%,0,0分钟
20211022024536,开,关,开,47°C,50%,0,0分钟
20211022024539,开,关,开,48°C,50%,0,0分钟
20211022024545,开,关,开,47°C,50%,0,0分钟
20211022024551,开,关,开,48°C,50%,0,0分钟
20211022024603,开,关,开,47°C,50%,0,0分钟
20211022024609,开,关,开,48°C,50%,0,0分钟
20211022024628,开,关,开,47°C,50%,0,0分钟
20211022024634,开,关,开,48°C,50%,0,0分钟
20211022024640,开,关,开,47°C,50%,0,0分钟
20211022024646,开,关,开,48°C,50%,0,0分钟
20211022024652,开,关,开,47°C,50%,0,0分钟
20211022024658,开,关,开,48°C,50%,0,0分钟
20211022024704,开,关,开,47°C,50%,0,0分钟
20211022024710,开,关,开,48°C,50%,0,0分钟
20211022024740,开,关,开,47°C,50%,0,0分钟
20211022024746,开,关,开,48°C,50%,0,0分钟
20211022024954,开,关,开,47°C,50%,0,0分钟
20211022025000,开,关,开,48°C,50%,0,0分钟
20211022025106,开,关,开,47°C,50%,0,0分钟
20211022025112,开,关,开,48°C,50%,0,0分钟
20211022025219,开,关,开,47°C,50%,0,0分钟
20211022025231,开,关,开,48°C,50%,0,0分钟
20211022025313,开,关,开,47°C,50%,0,0分钟
20211022025319,开,关,开,48°C,50%,0,0分钟
20211022064940,开,关,开,47°C,50%,0,0分钟
20211022065236,关,关,关,47°C,50%,0,0分钟
20211022065238,关,关,关,47°C,50%,8,0分钟
20211022071605,关,关,关,47°C,50%,0,0分钟
20211022071611,关,关,关,46°C,25%,0,0分钟
20211022071642,关,关,关,47°C,25%,0,0分钟
20211022071648,关,关,关,46°C,25%,0,0分钟
20211022071736,关,关,关,47°C,25%,0,0分钟
20211022071742,关,关,关,46°C,25%,0,0分钟
20211022071809,关,关,关,47°C,25%,0,0分钟
20211022071825,关,关,关,46°C,25%,0,0分钟
20211022071831,关,关,关,47°C,25%,0,0分钟
20211022071843,关,关,关,46°C,25%,0,0分钟
20211022071855,关,关,关,47°C,25%,0,0分钟
20211022071913,关,关,关,46°C,25%,0,0分钟
20211022071919,关,关,关,47°C,25%,0,0分钟
20211022071925,关,关,关,46°C,25%,0,0分钟
20211022071931,关,关,关,47°C,25%,0,0分钟
20211022072020,关,关,关,46°C,25%,0,0分钟
20211022072021,关,关,关,46°C,25%,8,0分钟
20211022072032,关,关,关,46°C,25%,0,0分钟
20211022072038,关,关,关,47°C,25%,0,0分钟
20211022072050,关,关,关,46°C,25%,0,0分钟
20211022072056,关,关,关,47°C,25%,0,0分钟
20211022110328,关,关,关,46°C,25%,0,0分钟
20211022111838,关,关,关,46°C,25%,0,0分钟
20211022111844,关,关,关,45°C,25%,0,0分钟
20211022111850,关,关,关,46°C,25%,0,0分钟
20211022111856,关,关,关,45°C,25%,0,0分钟
20211022111915,关,关,关,46°C,25%,0,0分钟
20211022111921,关,关,关,45°C,25%,0,0分钟
20211022111939,关,关,关,46°C,25%,0,0分钟
20211022111945,关,关,关,45°C,25%,0,0分钟
20211022112003,关,关,关,46°C,25%,0,0分钟
20211022112015,关,关,关,45°C,25%,0,0分钟
20211022112045,关,关,关,45°C,25%,0,0分钟
20211022112058,关,关,关,46°C,25%,0,0分钟
20211022112110,关,关,关,45°C,25%,0,0分钟
20211022112122,关,关,关,46°C,25%,0,0分钟
20211022112231,关,关,关,45°C,25%,0,0分钟
20211022112235,关,关,关,46°C,25%,0,0分钟
20211022112341,关,关,关,45°C,25%,0,0分钟
20211022112347,关,关,关,46°C,25%,0,0分钟
20211022112418,关,关,关,45°C,25%,0,0分钟
20211022112424,关,关,关,46°C,25%,0,0分钟
20211022112524,关,关,关,45°C,25%,0,0分钟
20211022112530,关,关,关,46°C,25%,0,0分钟
20211022112607,关,关,关,45°C,25%,0,0分钟
20211022112613,关,关,关,46°C,25%,0,0分钟
20211022115201,关,关,关,45°C,25%,0,0分钟
20211022115211,关,关,关,45°C,25%,0,0分钟
20211022115214,关,关,关,45°C,25%,45,0分钟
20211022115614,关,关,关,45°C,25%,0,0分钟
20211022115621,关,关,关,45°C,25%,0,0分钟
20211022115626,关,关,关,45°C,25%,0,0分钟
20211022115630,关,关,关,45°C,25%,0,0分钟
20211022115634,关,关,关,45°C,25%,0,0分钟
20211022115639,关,关,关,45°C,25%,0,0分钟
20211022115644,关,关,关,45°C,25%,0,0分钟
20211022140238,关,关,关,45°C,25%,0,0分钟
20211022140256,关,关,关,45°C,25%,0,0分钟
20211022140308,关,关,关,44°C,25%,0,0分钟
20211022140345,关,关,关,45°C,25%,0,0分钟
20211022140351,关,关,关,44°C,25%,0,0分钟
20211022140433,关,关,关,45°C,25%,0,0分钟
20211022140439,关,关,关,44°C,25%,0,0分钟
20211022140546,关,关,关,45°C,25%,0,0分钟
20211022140552,关,关,关,44°C,25%,0,0分钟
20211022140558,关,关,关,45°C,25%,0,0分钟
20211022140604,关,关,关,44°C,25%,0,0分钟
20211022140640,关,关,关,45°C,25%,0,0分钟
20211022140653,关,关,关,44°C,25%,0,0分钟
20211022140711,关,关,关,45°C,25%,0,0分钟
20211022140717,关,关,关,44°C,25%,0,0分钟
20211022140723,关,关,关,45°C,25%,0,0分钟
20211022140729,关,关,关,44°C,25%,0,0分钟
20211022140735,关,关,关,45°C,25%,0,0分钟
20211022140741,关,关,关,44°C,25%,0,0分钟
20211022140759,关,关,关,45°C,25%,0,0分钟
20211022140805,关,关,关,44°C,25%,0,0分钟
20211022140854,关,关,关,45°C,25%,0,0分钟
20211022140900,关,关,关,44°C,25%,0,0分钟
20211022140906,关,关,关,45°C,25%,0,0分钟
20211022140912,关,关,关,44°C,25%,0,0分钟
20211022140918,关,关,关,45°C,25%,0,0分钟
20211022140924,关,关,关,44°C,25%,0,0分钟
20211022140936,关,关,关,45°C,25%,0,0分钟
20211022140948,关,关,关,44°C,25%,0,0分钟
20211022141000,关,关,关,45°C,25%,0,0分钟
20211022141006,关,关,关,44°C,25%,0,0分钟
20211022141019,关,关,关,45°C,25%,0,0分钟
20211022141025,关,关,关,44°C,25%,0,0分钟
20211022141031,关,关,关,45°C,25%,0,0分钟
20211022141037,关,关,关,44°C,25%,0,0分钟
20211022141045,关,关,关,45°C,25%,0,0分钟
20211022141049,关,关,关,44°C,25%,0,0分钟
20211022141055,关,关,关,45°C,25%,0,0分钟
20211022141113,关,关,关,44°C,25%,0,0分钟
20211022141119,关,关,关,45°C,25%,0,0分钟
20211022141125,关,关,关,44°C,25%,0,0分钟
20211022141131,关,关,关,45°C,25%,0,0分钟
20211022141137,关,关,关,44°C,25%,0,0分钟
20211022141202,关,关,关,45°C,25%,0,0分钟
20211022141214,关,关,关,44°C,25%,0,0分钟
20211022141250,关,关,关,45°C,25%,0,0分钟
20211022141256,关,关,关,44°C,25%,0,0分钟
20211022141403,关,关,关,45°C,25%,0,0分钟
20211022141409,关,关,关,44°C,25%,0,0分钟
20211022141421,关,关,关,45°C,25%,0,0分钟
20211022141433,关,关,关,44°C,25%,0,0分钟
20211022141439,关,关,关,45°C,25%,0,0分钟
20211022141445,关,关,关,44°C,25%,0,0分钟
20211022141451,关,关,关,45°C,25%,0,0分钟
20211022141509,关,关,关,44°C,25%,0,0分钟
20211022141515,关,关,关,45°C,25%,0,0分钟
20211022141540,关,关,关,44°C,25%,0,0分钟
20211022141552,关,关,关,45°C,25%,0,0分钟
20211022141610,关,关,关,44°C,25%,0,0分钟
20211022141616,关,关,关,45°C,25%,0,0分钟
20211022141622,关,关,关,44°C,25%,0,0分钟
20211022141628,关,关,关,45°C,25%,0,0分钟
20211022141652,关,关,关,44°C,25%,0,0分钟
20211022141658,关,关,关,45°C,25%,0,0分钟
20211022141704,关,关,关,44°C,25%,0,0分钟
20211022141717,关,关,关,45°C,25%,0,0分钟
20211022141748,关,关,关,44°C,25%,0,0分钟
20211022141753,关,关,关,45°C,25%,0,0分钟
20211022141805,关,关,关,44°C,25%,0,0分钟
20211022141811,关,关,关,45°C,25%,0,0分钟
20211022141930,关,关,关,44°C,25%,0,0分钟
20211022141936,关,关,关,45°C,25%,0,0分钟
20211022142024,关,关,关,44°C,25%,0,0分钟
20211022142030,关,关,关,45°C,25%,0,0分钟
20211022142131,关,关,关,44°C,25%,0,0分钟
20211022142137,关,关,关,45°C,25%,0,0分钟
20211022174302,关,关,关,44°C,25%,0,0分钟
20211022183504,关,关,关,44°C,25%,0,0分钟
20211022183506,开,开,关,44°C,25%,0,9分钟
20211022183517,开,开,关,43°C,25%,0,9分钟
20211022183519,开,开,关,43°C,25%,0,8分钟
20211022183523,开,开,关,44°C,25%,0,8分钟
20211022183525,开,开,关,44°C,25%,0,9分钟
20211022183541,开,开,关,43°C,25%,0,9分钟
20211022183543,开,开,关,43°C,25%,0,8分钟
20211022183616,开,开,关,44°C,25%,0,8分钟
20211022183708,开,开,关,44°C,25%,0,7分钟
20211022183712,开,开,关,45°C,25%,0,7分钟
20211022183801,开,开,关,45°C,25%,0,6分钟
20211022183802,开,开,关,45°C,25%,0,5分钟
20211022183842,开,开,关,46°C,25%,0,5分钟
20211022183933,开,开,关,46°C,25%,0,4分钟
20211022183947,开,开,关,47°C,25%,0,4分钟
20211022184032,开,开,关,47°C,25%,0,3分钟
20211022184034,开,开,关,47°C,25%,0,2分钟
20211022184114,开,开,关,48°C,25%,0,2分钟
20211022184116,开,开,关,48°C,25%,0,1分钟
20211022184140,开,开,关,49°C,25%,0,1分钟
20211022184209,开,开,关,49°C,25%,0,0分钟
20211022184211,开,关,开,50°C,100%,0,0分钟
20211022185711,开,关,开,50°C,50%,0,0分钟
20211022185713,开,关,开,50°C,50%,8,0分钟
20211022190454,开,关,开,50°C,50%,0,0分钟
20211022195430,关,关,关,50°C,50%,0,0分钟
20211022195436,关,关,关,50°C,50%,61,0分钟
20211022195439,关,关,关,50°C,50%,62,0分钟
20211022195440,关,关,关,50°C,50%,61,0分钟
20211022195445,关,关,关,50°C,50%,62,0分钟
20211022195447,关,关,关,50°C,50%,63,0分钟
20211022195449,关,关,关,50°C,50%,62,0分钟
20211022195453,关,关,关,50°C,50%,63,0分钟
20211022195457,关,关,关,50°C,50%,62,0分钟
20211022195459,关,关,关,50°C,50%,63,0分钟
20211022195501,关,关,关,50°C,50%,61,0分钟
20211022195551,关,关,关,50°C,50%,0,0分钟
20211022195553,关,关,关,50°C,50%,42,0分钟
20211022195557,关,关,关,50°C,50%,61,0分钟
20211022195559,关,关,关,50°C,50%,62,0分钟
20211022195613,关,关,关,50°C,50%,0,0分钟
20211022195615,关,关,关,50°C,50%,48,0分钟
20211022195617,关,关,关,50°C,50%,46,0分钟
20211022195619,关,关,关,50°C,50%,52,0分钟
20211022195626,关,关,关,50°C,50%,51,0分钟
20211022195628,关,关,关,50°C,50%,36,0分钟
20211022195629,关,关,关,50°C,50%,35,0分钟
20211022195632,关,关,关,50°C,50%,31,0分钟
20211022195634,关,关,关,50°C,50%,36,0分钟
20211022195638,关,关,关,50°C,50%,38,0分钟
20211022195642,关,关,关,50°C,50%,30,0分钟
20211022195646,关,关,关,50°C,50%,28,0分钟
20211022195652,关,关,关,50°C,50%,30,0分钟
20211022195704,关,关,关,50°C,50%,28,0分钟
20211022195706,关,关,关,50°C,50%,30,0分钟
20211022195716,关,关,关,50°C,50%,28,0分钟
20211022195718,关,关,关,50°C,50%,25,0分钟
20211022195722,关,关,关,50°C,50%,26,0分钟
20211022195724,关,关,关,50°C,50%,23,0分钟
20211022195726,关,关,关,50°C,50%,26,0分钟
20211022195730,关,关,关,50°C,50%,27,0分钟
20211022195732,关,关,关,50°C,50%,26,0分钟
20211022195734,关,关,关,50°C,50%,27,0分钟
20211022195736,关,关,关,50°C,50%,31,0分钟
20211022195738,关,关,关,50°C,50%,30,0分钟
20211022195740,关,关,关,50°C,50%,31,0分钟
20211022195742,关,关,关,50°C,50%,30,0分钟
20211022195744,关,关,关,50°C,50%,31,0分钟
20211022195746,关,关,关,50°C,50%,30,0分钟
20211022195748,关,关,关,50°C,50%,31,0分钟
20211022195756,关,关,关,50°C,50%,30,0分钟
20211022195809,关,关,关,50°C,50%,26,0分钟
20211022195810,关,关,关,50°C,50%,25,0分钟
20211022195815,关,关,关,50°C,50%,26,0分钟
20211022195817,关,关,关,50°C,50%,25,0分钟
20211022195821,关,关,关,50°C,50%,26,0分钟
20211022195823,关,关,关,50°C,50%,25,0分钟
20211022195825,关,关,关,50°C,50%,26,0分钟
20211022195855,关,关,关,49°C,50%,26,0分钟
20211022195857,关,关,关,49°C,50%,25,0分钟
20211022195905,关,关,关,49°C,50%,26,0分钟
20211022195909,关,关,关,49°C,50%,25,0分钟
20211022195917,关,关,关,49°C,50%,26,0分钟
20211022195919,关,关,关,49°C,50%,25,0分钟
20211022195921,关,关,关,49°C,50%,26,0分钟
20211022195923,关,关,关,49°C,50%,25,0分钟
20211022195937,关,关,关,49°C,50%,26,0分钟
20211022195941,关,关,关,49°C,50%,25,0分钟
20211022200000,关,关,关,49°C,50%,26,0分钟
20211022200002,关,关,关,49°C,50%,25,0分钟
20211022200010,关,关,关,49°C,50%,26,0分钟
20211022200012,关,关,关,49°C,50%,25,0分钟
20211022200026,关,关,关,49°C,50%,26,0分钟
20211022200028,关,关,关,49°C,50%,25,0分钟
20211022200038,关,关,关,49°C,50%,26,0分钟
20211022200040,关,关,关,49°C,50%,25,0分钟
20211022200046,关,关,关,49°C,50%,26,0分钟
20211022200048,关,关,关,49°C,50%,25,0分钟
20211022200050,关,关,关,49°C,50%,26,0分钟
20211022200052,关,关,关,48°C,50%,26,0分钟
20211022200054,关,关,关,48°C,50%,25,0分钟
20211022200056,关,关,关,48°C,50%,26,0分钟
20211022200058,关,关,关,48°C,50%,25,0分钟
20211022200100,关,关,关,48°C,50%,26,0分钟
20211022200102,关,关,关,48°C,50%,25,0分钟
20211022200106,关,关,关,48°C,50%,26,0分钟
20211022200108,关,关,关,48°C,50%,25,0分钟
20211022200128,关,关,关,48°C,50%,26,0分钟
20211022200130,关,关,关,48°C,50%,25,0分钟
20211022200132,关,关,关,48°C,50%,26,0分钟
20211022200139,关,关,关,48°C,50%,26,0分钟
20211022200140,关,关,关,48°C,50%,25,0分钟
20211022200143,关,关,关,48°C,50%,26,0分钟
20211022200145,关,关,关,48°C,50%,25,0分钟
20211022200151,关,关,关,48°C,50%,26,0分钟
20211022200155,关,关,关,48°C,50%,25,0分钟
20211022200203,关,关,关,48°C,50%,26,0分钟
20211022200205,关,关,关,48°C,50%,25,0分钟
20211022200207,关,关,关,48°C,50%,26,0分钟
20211022200209,关,关,关,48°C,50%,25,0分钟
20211022200213,关,关,关,47°C,50%,26,0分钟
20211022200215,关,关,关,47°C,50%,25,0分钟
20211022200217,关,关,关,47°C,50%,26,0分钟
20211022200219,关,关,关,47°C,50%,25,0分钟
20211022200237,关,关,关,47°C,50%,26,0分钟
20211022200239,关,关,关,47°C,50%,25,0分钟
20211022200247,关,关,关,47°C,50%,26,0分钟
20211022200249,关,关,关,47°C,50%,25,0分钟
20211022200251,关,关,关,47°C,50%,26,0分钟
20211022200253,关,关,关,47°C,50%,25,0分钟
20211022200303,关,关,关,47°C,50%,26,0分钟
20211022200307,关,关,关,47°C,50%,25,0分钟
20211022200315,关,关,关,47°C,50%,26,0分钟
20211022200320,关,关,关,46°C,50%,26,0分钟
20211022200321,关,关,关,46°C,50%,25,0分钟
20211022200323,关,关,关,46°C,50%,26,0分钟
20211022200326,关,关,关,46°C,50%,25,0分钟
20211022200336,关,关,关,46°C,50%,26,0分钟
20211022200338,关,关,关,46°C,50%,25,0分钟
20211022200350,关,关,关,46°C,50%,26,0分钟
20211022200352,关,关,关,46°C,50%,25,0分钟
20211022200400,关,关,关,45°C,50%,13,0分钟
20211022200416,关,关,关,45°C,50%,0,0分钟
20211022200502,关,关,关,44°C,50%,0,0分钟
20211022200504,关,关,关,44°C,25%,0,0分钟
20211022200706,关,关,关,43°C,25%,0,0分钟
20211022202102,关,关,关,42°C,25%,0,0分钟
20211022202104,关,关,关,42°C,25%,25,0分钟
20211022202108,关,关,关,42°C,25%,26,0分钟
20211022202112,关,关,关,42°C,25%,27,0分钟
20211022202114,关,关,关,42°C,25%,26,0分钟
20211022202118,关,关,关,42°C,25%,27,0分钟
20211022202132,关,关,关,42°C,25%,26,0分钟
20211022202136,关,关,关,42°C,25%,27,0分钟
20211022202138,关,关,关,42°C,25%,26,0分钟
20211022202142,关,关,关,42°C,25%,27,0分钟
20211022202144,关,关,关,42°C,25%,26,0分钟
20211022202146,关,关,关,42°C,25%,27,0分钟
20211022202148,关,关,关,41°C,25%,27,0分钟
20211022202150,关,关,关,41°C,25%,26,0分钟
20211022202152,关,关,关,41°C,25%,27,0分钟
20211022202154,关,关,关,41°C,25%,26,0分钟
20211022201504,关,关,关,41°C,25%,27,0分钟
20211022201506,关,关,关,41°C,25%,26,0分钟
20211022201508,关,关,关,41°C,25%,27,0分钟
20211022201510,关,关,关,41°C,25%,28,0分钟
20211022201518,关,关,关,41°C,25%,27,0分钟
20211022201522,关,关,关,41°C,25%,26,0分钟
20211022201528,关,关,关,41°C,25%,27,0分钟
20211022201530,关,关,关,40°C,25%,27,0分钟
20211022201532,关,关,关,40°C,25%,26,0分钟
20211022201553,关,关,关,40°C,25%,27,0分钟
20211022201603,关,关,关,39°C,25%,27,0分钟
20211022201605,关,关,关,39°C,25%,26,0分钟
20211022201617,关,关,关,39°C,25%,27,0分钟
20211022201625,关,关,关,38°C,25%,27,0分钟
20211022201627,关,关,关,38°C,25%,26,0分钟
20211022201629,关,关,关,38°C,25%,28,0分钟
20211022201633,关,关,关,38°C,25%,27,0分钟
20211022201635,关,关,关,38°C,25%,26,0分钟
20211022201641,关,关,关,38°C,25%,27,0分钟
20211022201649,关,关,关,37°C,25%,27,0分钟
20211022201651,关,关,关,37°C,25%,28,0分钟
20211022201705,关,关,关,37°C,25%,27,0分钟
20211022201707,关,关,关,37°C,25%,26,0分钟
20211022201709,关,关,关,37°C,25%,27,0分钟
20211022201711,关,关,关,37°C,25%,26,0分钟
20211022201719,关,关,关,36°C,25%,27,0分钟
20211022201722,关,关,关,36°C,25%,28,0分钟
20211022201724,关,关,关,36°C,25%,26,0分钟
20211022201730,关,关,关,36°C,25%,27,0分钟
20211022201746,关,关,关,35°C,25%,27,0分钟
20211022201748,关,关,关,35°C,25%,28,0分钟
20211022201750,关,关,关,35°C,25%,27,0分钟
20211022201752,关,关,关,35°C,25%,21,0分钟
20211022201806,关,关,关,35°C,25%,0,0分钟
20211022201840,关,关,关,34°C,25%,0,0分钟
20211022201842,开,开,关,34°C,25%,0,22分钟
20211022201931,关,关,关,34°C,25%,0,0分钟
20211022201935,开,开,关,34°C,25%,0,21分钟
20211022201937,开,开,关,34°C,25%,0,24分钟
20211022201941,开,开,关,33°C,25%,0,24分钟
20211022202005,开,开,关,33°C,25%,0,23分钟
20211022202007,开,开,关,33°C,25%,0,22分钟
20211022202047,开,开,关,34°C,25%,0,22分钟
20211022202126,开,开,关,34°C,25%,0,21分钟
20211022202140,开,开,关,35°C,25%,0,21分钟
20211022202130,开,开,关,35°C,25%,0,20分钟
20211022202133,开,开,关,35°C,25%,0,19分钟
20211022202313,开,开,关,36°C,25%,0,19分钟
20211022202315,开,开,关,36°C,25%,0,18分钟
20211022202339,开,开,关,37°C,25%,0,18分钟
20211022202403,开,开,关,37°C,25%,0,17分钟
20211022202444,开,开,关,38°C,25%,0,16分钟
20211022202446,开,开,关,38°C,25%,0,15分钟
20211022202534,开,开,关,39°C,25%,0,15分钟
20211022202544,开,开,关,40°C,25%,0,14分钟
20211022202609,开,开,关,40°C,25%,0,13分钟
20211022202611,开,开,关,40°C,25%,0,12分钟
20211022202655,开,开,关,41°C,25%,0,12分钟
20211022202723,开,开,关,41°C,25%,0,11分钟
20211022202743,开,开,关,42°C,25%,0,11分钟
20211022202822,开,开,关,42°C,25%,0,10分钟
20211022202824,开,开,关,42°C,25%,0,9分钟
20211022202904,开,开,关,43°C,25%,0,9分钟
20211022202906,开,开,关,43°C,25%,0,8分钟
20211022202937,开,开,关,44°C,25%,0,8分钟
20211022203025,开,开,关,44°C,25%,0,7分钟
20211022203029,开,开,关,45°C,25%,0,7分钟
20211022203112,开,开,关,45°C,25%,0,6分钟
20211022203114,开,开,关,45°C,25%,0,5分钟
20211022203154,开,开,关,46°C,25%,0,5分钟
20211022203226,开,开,关,46°C,25%,0,4分钟
20211022203240,开,开,关,47°C,25%,0,4分钟
20211022203325,开,开,关,47°C,25%,0,3分钟
20211022203327,开,开,关,47°C,25%,0,2分钟
20211022203417,开,开,关,48°C,25%,0,2分钟
20211022203427,开,开,关,48°C,25%,0,1分钟
20211022203452,开,开,关,49°C,25%,0,1分钟
20211022203514,开,开,关,49°C,25%,0,0分钟
20211022203516,开,关,开,50°C,100%,0,0分钟
20211022214208,开,关,开,50°C,50%,0,0分钟
20211022215330,开,关,开,50°C,50%,0,0分钟
20211022215803,关,关,关,50°C,50%,0,0分钟
20211022215805,关,关,关,50°C,50%,46,0分钟
20211022215807,关,关,关,50°C,50%,48,0分钟
20211022215815,关,关,关,50°C,50%,50,0分钟
20211022215825,关,关,关,50°C,50%,51,0分钟
20211022215827,关,关,关,50°C,50%,50,0分钟
20211022215835,关,关,关,50°C,50%,51,0分钟
20211022215841,关,关,关,50°C,50%,50,0分钟
20211022215852,关,关,关,50°C,50%,51,0分钟
20211022215855,关,关,关,50°C,50%,50,0分钟
20211022215858,关,关,关,50°C,50%,48,0分钟
20211022215900,关,关,关,50°C,50%,40,0分钟
20211022215902,关,关,关,50°C,50%,38,0分钟
20211022215908,关,关,关,50°C,50%,36,0分钟
20211022215910,关,关,关,50°C,50%,32,0分钟
20211022215922,关,关,关,49°C,50%,32,0分钟
20211022215924,关,关,关,49°C,50%,33,0分钟
20211022215930,关,关,关,49°C,50%,32,0分钟
20211022215932,关,关,关,49°C,50%,33,0分钟
20211022215936,关,关,关,49°C,50%,32,0分钟
20211022215938,关,关,关,49°C,50%,33,0分钟
20211022215942,关,关,关,49°C,50%,32,0分钟
20211022215956,关,关,关,49°C,50%,33,0分钟
20211022215958,关,关,关,49°C,50%,32,0分钟
20211022220000,关,关,关,49°C,50%,33,0分钟
20211022220002,关,关,关,49°C,50%,32,0分钟
20211022220012,关,关,关,49°C,50%,33,0分钟
20211022220014,关,关,关,49°C,50%,32,0分钟
20211022220016,关,关,关,49°C,50%,33,0分钟
20211022220018,关,关,关,49°C,50%,32,0分钟
20211022220020,关,关,关,49°C,50%,33,0分钟
20211022220022,关,关,关,49°C,50%,32,0分钟
20211022220026,关,关,关,49°C,50%,33,0分钟
20211022220028,关,关,关,49°C,50%,32,0分钟
20211022220036,关,关,关,49°C,50%,33,0分钟
20211022220041,关,关,关,49°C,50%,32,0分钟
20211022220043,关,关,关,49°C,50%,33,0分钟
20211022220051,关,关,关,49°C,50%,32,0分钟
20211022220053,关,关,关,49°C,50%,33,0分钟
20211022220055,关,关,关,49°C,50%,32,0分钟
20211022220059,关,关,关,49°C,50%,33,0分钟
20211022220103,关,关,关,49°C,50%,32,0分钟
20211022220111,关,关,关,49°C,50%,33,0分钟
20211022220121,关,关,关,49°C,50%,32,0分钟
20211022220123,关,关,关,49°C,50%,33,0分钟
20211022220129,关,关,关,48°C,50%,33,0分钟
20211022220131,关,关,关,48°C,50%,32,0分钟
20211022220133,关,关,关,48°C,50%,33,0分钟
20211022220137,关,关,关,48°C,50%,32,0分钟
20211022220211,关,关,关,48°C,50%,33,0分钟
20211022220215,关,关,关,48°C,50%,32,0分钟
20211022220201,关,关,关,48°C,50%,33,0分钟
20211022220205,关,关,关,48°C,50%,32,0分钟
20211022220217,关,关,关,48°C,50%,33,0分钟
20211022220210,关,关,关,48°C,50%,32,0分钟
20211022220236,关,关,关,48°C,50%,33,0分钟
20211022220240,关,关,关,47°C,50%,33,0分钟
20211022220242,关,关,关,47°C,50%,32,0分钟
20211022220244,关,关,关,47°C,50%,33,0分钟
20211022220246,关,关,关,47°C,50%,35,0分钟
20211022220304,关,关,关,47°C,50%,33,0分钟
20211022220306,关,关,关,47°C,50%,35,0分钟
20211022220320,关,关,关,47°C,50%,33,0分钟
20211022220322,关,关,关,47°C,50%,35,0分钟
20211022220328,关,关,关,47°C,50%,33,0分钟
20211022220330,关,关,关,47°C,50%,32,0分钟
20211022220332,关,关,关,47°C,50%,33,0分钟
20211022220354,关,关,关,47°C,50%,0,0分钟
20211022220539,关,关,关,46°C,50%,0,0分钟
20211022220542,关,关,关,46°C,50%,30,0分钟
20211022220544,关,关,关,46°C,50%,31,0分钟
20211022220548,关,关,关,46°C,50%,32,0分钟
20211022220556,关,关,关,46°C,50%,31,0分钟
20211022220600,关,关,关,46°C,50%,32,0分钟
20211022220606,关,关,关,46°C,50%,31,0分钟
20211022220611,关,关,关,46°C,50%,32,0分钟
20211022220612,关,关,关,46°C,50%,31,0分钟
20211022220614,关,关,关,46°C,50%,32,0分钟
20211022220616,关,关,关,45°C,50%,32,0分钟
20211022220620,关,关,关,45°C,50%,31,0分钟
20211022220624,关,关,关,45°C,50%,32,0分钟
20211022220626,关,关,关,45°C,50%,31,0分钟
20211022220630,关,关,关,45°C,50%,32,0分钟
20211022220632,关,关,关,45°C,50%,31,0分钟
20211022220640,关,关,关,45°C,50%,32,0分钟
20211022220644,关,关,关,45°C,50%,31,0分钟
20211022220648,关,关,关,45°C,50%,32,0分钟
20211022220650,关,关,关,45°C,50%,31,0分钟
20211022220656,关,关,关,45°C,50%,32,0分钟
20211022220702,关,关,关,44°C,50%,32,0分钟
20211022220704,关,关,关,44°C,25%,32,0分钟
20211022220706,关,关,关,44°C,25%,31,0分钟
20211022220712,关,关,关,44°C,25%,32,0分钟
20211022220714,关,关,关,44°C,25%,31,0分钟
20211022220720,关,关,关,44°C,25%,32,0分钟
20211022220723,关,关,关,44°C,25%,31,0分钟
20211022220733,关,关,关,44°C,25%,32,0分钟
20211022220741,关,关,关,43°C,25%,32,0分钟
20211022220743,关,关,关,43°C,25%,31,0分钟
20211022220745,关,关,关,43°C,25%,32,0分钟
20211022220747,关,关,关,43°C,25%,33,0分钟
20211022220749,关,关,关,43°C,25%,32,0分钟
20211022220751,关,关,关,43°C,25%,33,0分钟
20211022220755,关,关,关,42°C,25%,32,0分钟
20211022220757,关,关,关,42°C,25%,31,0分钟
20211022220807,关,关,关,42°C,25%,32,0分钟
20211022220809,关,关,关,42°C,25%,31,0分钟
20211022220819,关,关,关,41°C,25%,32,0分钟
20211022220821,关,关,关,41°C,25%,31,0分钟
20211022220833,关,关,关,41°C,25%,32,0分钟
20211022220835,关,关,关,40°C,25%,31,0分钟
20211022220839,关,关,关,40°C,25%,32,0分钟
20211022220845,关,关,关,40°C,25%,31,0分钟
20211022220851,关,关,关,39°C,25%,32,0分钟
20211022220853,关,关,关,39°C,25%,31,0分钟
20211022220855,关,关,关,39°C,25%,32,0分钟
20211022220857,关,关,关,39°C,25%,31,0分钟
20211022220859,关,关,关,39°C,25%,32,0分钟
20211022220903,关,关,关,39°C,25%,31,0分钟
20211022220910,关,关,关,38°C,25%,32,0分钟
20211022220911,关,关,关,38°C,25%,33,0分钟
20211022220916,关,关,关,38°C,25%,32,0分钟
20211022220918,关,关,关,37°C,25%,32,0分钟
20211022220920,关,关,关,37°C,25%,31,0分钟
20211022220930,关,关,关,37°C,25%,32,0分钟
20211022220932,关,关,关,37°C,25%,31,0分钟
20211022220940,关,关,关,37°C,25%,32,0分钟
20211022220944,关,关,关,36°C,25%,32,0分钟
20211022220946,关,关,关,36°C,25%,18,0分钟
20211022220952,关,关,关,36°C,25%,0,0分钟
20211022221022,关,关,关,35°C,25%,0,0分钟
20211022221159,关,关,关,34°C,25%,0,0分钟
20211022221803,关,关,关,33°C,25%,0,0分钟
20211022221809,关,关,关,34°C,25%,0,0分钟
20211022221827,关,关,关,33°C,25%,0,0分钟
20211022221839,关,关,关,34°C,25%,0,0分钟
20211022221845,关,关,关,33°C,25%,0,0分钟
20211022221851,关,关,关,34°C,25%,0,0分钟
20211022221857,关,关,关,33°C,25%,0,0分钟
20211022223802,关,关,关,34°C,25%,0,0分钟
20211022223804,开,开,关,34°C,25%,0,22分钟
20211022230309,关,关,关,34°C,25%,0,0分钟
20211022230315,关,关,关,34°C,25%,0,0分钟
20211022230321,关,关,关,35°C,25%,0,0分钟
20211022230327,关,关,关,34°C,25%,0,0分钟
20211022230333,关,关,关,35°C,25%,0,0分钟
20211022230339,关,关,关,34°C,25%,0,0分钟
20211022230345,关,关,关,35°C,25%,0,0分钟
20211022230351,关,关,关,34°C,25%,0,0分钟
20211022230403,关,关,关,35°C,25%,0,0分钟
20211022230409,关,关,关,34°C,25%,0,0分钟
20211022230421,关,关,关,35°C,25%,0,0分钟
20211022230427,关,关,关,34°C,25%,0,0分钟
20211022230434,关,关,关,35°C,25%,0,0分钟
20211022230446,关,关,关,34°C,25%,0,0分钟
20211022230458,关,关,关,35°C,25%,0,0分钟
20211022230504,关,关,关,34°C,25%,0,0分钟
20211022230510,关,关,关,35°C,25%,0,0分钟
20211022230516,关,关,关,34°C,25%,0,0分钟
20211022230528,关,关,关,35°C,25%,0,0分钟
20211022230534,关,关,关,34°C,25%,0,0分钟
20211022230747,关,关,关,35°C,25%,0,0分钟
20211022230753,关,关,关,34°C,25%,0,0分钟
20211023063634,关,关,关,35°C,25%,0,0分钟
20211023064336,关,关,关,35°C,0%,0,0分钟
20211023064342,关,关,关,34°C,0%,0,0分钟
20211023064904,关,关,关,35°C,0%,0,0分钟
20211023064906,关,关,关,35°C,0%,8,0分钟
20211023064952,关,关,关,35°C,0%,0,0分钟
20211023064958,关,关,关,34°C,0%,0,0分钟
20211023065141,关,关,关,35°C,0%,0,0分钟
20211023065147,关,关,关,34°C,0%,0,0分钟
20211023065348,关,关,关,35°C,0%,0,0分钟
20211023065400,关,关,关,34°C,0%,0,0分钟
20211023065419,关,关,关,35°C,0%,0,0分钟
20211023065425,关,关,关,34°C,0%,0,0分钟
20211023065427,关,关,关,34°C,0%,8,0分钟
20211023065431,关,关,关,34°C,0%,0,0分钟
20211023065455,关,关,关,35°C,0%,0,0分钟
20211023065501,关,关,关,34°C,0%,0,0分钟
20211023065513,关,关,关,35°C,0%,0,0分钟
20211023065519,关,关,关,34°C,0%,0,0分钟
20211023065543,关,关,关,35°C,0%,0,0分钟
20211023065602,关,关,关,34°C,0%,0,0分钟
20211023065620,关,关,关,35°C,0%,0,0分钟
20211023065626,关,关,关,34°C,0%,0,0分钟
20211023065644,关,关,关,35°C,0%,0,0分钟
20211023065656,关,关,关,34°C,0%,0,0分钟
20211023065702,关,关,关,35°C,0%,0,0分钟
20211023065713,关,关,关,34°C,0%,0,0分钟
20211023065714,关,关,关,35°C,0%,0,0分钟
20211023065720,关,关,关,34°C,0%,0,0分钟
20211023065732,关,关,关,35°C,0%,0,0分钟
20211023065739,关,关,关,34°C,0%,0,0分钟
20211023065745,关,关,关,35°C,0%,0,0分钟
20211023065751,关,关,关,34°C,0%,0,0分钟
20211023065815,关,关,关,35°C,0%,0,0分钟
20211023065821,关,关,关,34°C,0%,0,0分钟
20211023065839,关,关,关,35°C,0%,0,0分钟
20211023065845,关,关,关,34°C,0%,0,0分钟
20211023065915,关,关,关,35°C,0%,0,0分钟
20211023065928,关,关,关,34°C,0%,0,0分钟
20211023065934,关,关,关,35°C,0%,0,0分钟
20211023065940,关,关,关,34°C,0%,0,0分钟
20211023070004,关,关,关,35°C,0%,0,0分钟
20211023070010,关,关,关,34°C,0%,0,0分钟
20211023070028,关,关,关,35°C,0%,0,0分钟
20211023070034,关,关,关,34°C,0%,0,0分钟
20211023070117,关,关,关,35°C,0%,0,0分钟
20211023070129,关,关,关,34°C,0%,0,0分钟
20211023070141,关,关,关,35°C,0%,0,0分钟
20211023070159,关,关,关,34°C,0%,0,0分钟
20211023070211,关,关,关,35°C,0%,0,0分钟
20211023070217,关,关,关,34°C,0%,0,0分钟
20211023070223,关,关,关,35°C,0%,0,0分钟
20211023070229,关,关,关,34°C,0%,0,0分钟
20211023070235,关,关,关,35°C,0%,0,0分钟
20211023070300,关,关,关,34°C,0%,0,0分钟
20211023070312,关,关,关,35°C,0%,0,0分钟
20211023070324,关,关,关,34°C,0%,0,0分钟
20211023070336,关,关,关,35°C,0%,0,0分钟
20211023070342,关,关,关,34°C,0%,0,0分钟
20211023070354,关,关,关,35°C,0%,0,0分钟
20211023070406,关,关,关,34°C,0%,0,0分钟
20211023070415,关,关,关,35°C,0%,0,0分钟
20211023070424,关,关,关,34°C,0%,0,0分钟
20211023070431,关,关,关,35°C,0%,0,0分钟
20211023070555,关,关,关,34°C,0%,0,0分钟
20211023070601,关,关,关,35°C,0%,0,0分钟
20211023070613,关,关,关,34°C,0%,0,0分钟
20211023070619,关,关,关,35°C,0%,0,0分钟
20211023070626,关,关,关,34°C,0%,0,0分钟
20211023070636,关,关,关,35°C,0%,0,0分钟
20211023070638,关,关,关,34°C,0%,0,0分钟
20211023070644,关,关,关,35°C,0%,0,0分钟
20211023070656,关,关,关,34°C,0%,0,0分钟
20211023070702,关,关,关,35°C,0%,0,0分钟
20211023070738,关,关,关,34°C,0%,0,0分钟
20211023070744,关,关,关,35°C,0%,0,0分钟
20211023070750,关,关,关,34°C,0%,0,0分钟
20211023070815,关,关,关,35°C,0%,0,0分钟
20211023070839,关,关,关,34°C,0%,0,0分钟
20211023070845,关,关,关,35°C,0%,0,0分钟
20211023070915,关,关,关,34°C,0%,0,0分钟
20211023070927,关,关,关,35°C,0%,0,0分钟
20211023070958,关,关,关,34°C,0%,0,0分钟
20211023071004,关,关,关,35°C,0%,0,0分钟
20211023071324,关,关,关,34°C,0%,0,0分钟
20211023071330,关,关,关,35°C,0%,0,0分钟
20211023072623,关,关,关,34°C,0%,0,0分钟
20211023073745,关,关,关,34°C,0%,0,0分钟
20211023073749,关,关,关,34°C,0%,10,0分钟
20211023073751,关,关,关,34°C,0%,12,0分钟
20211023121012,关,关,关,34°C,0%,0,0分钟
20211023121017,关,关,关,34°C,0%,0,0分钟
20211023121022,关,关,关,34°C,0%,0,0分钟
20211023121027,关,关,关,34°C,0%,0,0分钟
20211023121033,关,关,关,34°C,0%,0,0分钟
20211023121038,关,关,关,34°C,0%,0,0分钟
20211023121043,关,关,关,34°C,0%,0,0分钟
20211023121048,关,关,关,34°C,0%,0,0分钟
20211023121053,关,关,关,34°C,0%,0,0分钟
20211023121058,关,关,关,34°C,0%,0,0分钟
20211023121103,关,关,关,34°C,0%,0,0分钟
20211023121108,关,关,关,34°C,0%,0,0分钟
20211023121113,关,关,关,34°C,0%,0,0分钟
20211023121118,关,关,关,34°C,0%,0,0分钟
20211023121123,关,关,关,34°C,0%,0,0分钟
20211023121128,关,关,关,34°C,0%,0,0分钟
20211023121133,关,关,关,34°C,0%,0,0分钟
20211023121138,关,关,关,34°C,0%,0,0分钟
20211023154038,关,关,关,34°C,0%,0,0分钟
20211023154345,关,关,关,34°C,0%,0,0分钟
20211023154351,关,关,关,33°C,0%,0,0分钟
20211023154403,关,关,关,34°C,0%,0,0分钟
20211023154409,关,关,关,33°C,0%,0,0分钟
20211023154446,关,关,关,34°C,0%,0,0分钟
20211023154452,关,关,关,33°C,0%,0,0分钟
20211023154458,关,关,关,34°C,0%,0,0分钟
20211023154510,关,关,关,33°C,0%,0,0分钟
20211023154540,关,关,关,34°C,0%,0,0分钟
20211023154546,关,关,关,33°C,0%,0,0分钟
20211023154552,关,关,关,34°C,0%,0,0分钟
20211023154601,关,关,关,33°C,0%,0,0分钟
20211023154711,关,关,关,34°C,0%,0,0分钟
20211023154717,关,关,关,33°C,0%,0,0分钟
20211023154754,关,关,关,34°C,0%,0,0分钟
20211023154800,关,关,关,33°C,0%,0,0分钟
20211023154806,关,关,关,34°C,0%,0,0分钟
20211023154822,关,关,关,33°C,0%,0,0分钟
20211023154831,关,关,关,34°C,0%,0,0分钟
20211023154836,关,关,关,33°C,0%,0,0分钟
20211023154842,关,关,关,34°C,0%,0,0分钟
20211023154848,关,关,关,33°C,0%,0,0分钟
20211023154930,关,关,关,34°C,0%,0,0分钟
20211023154937,关,关,关,33°C,0%,0,0分钟
20211023155031,关,关,关,34°C,0%,0,0分钟
20211023155037,关,关,关,33°C,0%,0,0分钟
20211023155049,关,关,关,34°C,0%,0,0分钟
20211023155101,关,关,关,33°C,0%,0,0分钟
20211023155113,关,关,关,34°C,0%,0,0分钟
20211023155120,关,关,关,33°C,0%,0,0分钟
20211023155226,关,关,关,34°C,0%,0,0分钟
20211023155232,关,关,关,33°C,0%,0,0分钟
20211023155315,关,关,关,34°C,0%,0,0分钟
20211023155327,关,关,关,33°C,0%,0,0分钟
20211023155409,关,关,关,34°C,0%,0,0分钟
20211023155415,关,关,关,33°C,0%,0,0分钟
20211023155427,关,关,关,34°C,0%,0,0分钟
20211023155433,关,关,关,33°C,0%,0,0分钟
20211023155439,关,关,关,34°C,0%,0,0分钟
20211023155452,关,关,关,33°C,0%,0,0分钟
20211023155635,关,关,关,34°C,0%,0,0分钟
20211023155641,关,关,关,33°C,0%,0,0分钟
20211023155659,关,关,关,34°C,0%,0,0分钟
20211023155705,关,关,关,33°C,0%,0,0分钟
20211023155723,关,关,关,34°C,0%,0,0分钟
20211023155729,关,关,关,33°C,0%,0,0分钟
20211023155746,关,关,关,34°C,0%,0,0分钟
20211023155747,关,关,关,33°C,0%,0,0分钟
20211023155805,关,关,关,34°C,0%,0,0分钟
20211023155817,关,关,关,33°C,0%,0,0分钟
20211023155854,关,关,关,34°C,0%,0,0分钟
20211023155900,关,关,关,33°C,0%,0,0分钟
20211023155906,关,关,关,34°C,0%,0,0分钟
20211023155912,关,关,关,33°C,0%,0,0分钟
20211023155918,关,关,关,34°C,0%,0,0分钟
20211023155924,关,关,关,33°C,0%,0,0分钟
20211023155936,关,关,关,34°C,0%,0,0分钟
20211023155954,关,关,关,33°C,0%,0,0分钟
20211023160007,关,关,关,34°C,0%,0,0分钟
20211023160013,关,关,关,33°C,0%,0,0分钟
20211023160019,关,关,关,34°C,0%,0,0分钟
20211023160025,关,关,关,33°C,0%,0,0分钟
20211023160031,关,关,关,34°C,0%,0,0分钟
20211023160037,关,关,关,33°C,0%,0,0分钟
20211023160055,关,关,关,34°C,0%,0,0分钟
20211023160101,关,关,关,33°C,0%,0,0分钟
20211023160107,关,关,关,34°C,0%,0,0分钟
20211023160119,关,关,关,33°C,0%,0,0分钟
20211023160125,关,关,关,34°C,0%,0,0分钟
20211023160143,关,关,关,33°C,0%,0,0分钟
20211023160202,关,关,关,34°C,0%,0,0分钟
20211023160208,关,关,关,33°C,0%,0,0分钟
20211023160227,关,关,关,34°C,0%,0,0分钟
20211023160238,关,关,关,33°C,0%,0,0分钟
20211023160244,关,关,关,34°C,0%,0,0分钟
20211023160250,关,关,关,33°C,0%,0,0分钟
20211023160256,关,关,关,34°C,0%,0,0分钟
20211023160308,关,关,关,33°C,0%,0,0分钟
20211023160326,关,关,关,34°C,0%,0,0分钟
20211023160332,关,关,关,33°C,0%,0,0分钟
20211023160351,关,关,关,34°C,0%,0,0分钟
20211023160409,关,关,关,33°C,0%,0,0分钟
20211023160415,关,关,关,34°C,0%,0,0分钟
20211023160427,关,关,关,33°C,0%,0,0分钟
20211023160433,关,关,关,34°C,0%,0,0分钟
20211023160451,关,关,关,33°C,0%,0,0分钟
20211023160509,关,关,关,34°C,0%,0,0分钟
20211023160515,关,关,关,33°C,0%,0,0分钟
20211023160522,关,关,关,34°C,0%,0,0分钟
20211023160528,关,关,关,33°C,0%,0,0分钟
20211023160534,关,关,关,34°C,0%,0,0分钟
20211023160546,关,关,关,33°C,0%,0,0分钟
20211023160552,关,关,关,34°C,0%,0,0分钟
20211023160723,关,关,关,33°C,0%,0,0分钟
20211023160729,关,关,关,34°C,0%,0,0分钟
20211023160741,关,关,关,33°C,0%,0,0分钟
20211023160753,关,关,关,34°C,0%,0,0分钟
20211023160805,关,关,关,33°C,0%,0,0分钟
20211023160811,关,关,关,34°C,0%,0,0分钟
20211023160817,关,关,关,33°C,0%,0,0分钟
20211023160823,关,关,关,34°C,0%,0,0分钟
20211023160900,关,关,关,33°C,0%,0,0分钟
20211023160906,关,关,关,34°C,0%,0,0分钟
20211023161143,关,关,关,33°C,0%,0,0分钟
20211023161152,关,关,关,34°C,0%,0,0分钟
20211023161207,关,关,关,33°C,0%,0,0分钟
20211023161213,关,关,关,34°C,0%,0,0分钟
20211023161219,关,关,关,33°C,0%,0,0分钟
20211023161232,关,关,关,34°C,0%,0,0分钟
20211023161244,关,关,关,33°C,0%,0,0分钟
20211023161250,关,关,关,34°C,0%,0,0分钟
20211023161302,关,关,关,33°C,0%,0,0分钟
20211023161308,关,关,关,34°C,0%,0,0分钟
20211023161320,关,关,关,33°C,0%,0,0分钟
20211023161326,关,关,关,34°C,0%,0,0分钟
20211023161503,关,关,关,33°C,0%,0,0分钟
20211023161509,关,关,关,34°C,0%,0,0分钟
20211023161527,关,关,关,33°C,0%,0,0分钟
20211023161529,关,关,关,33°C,0%,36,0分钟
20211023161541,关,关,关,33°C,0%,38,0分钟
20211023161543,关,关,关,33°C,0%,17,0分钟
20211023161704,关,关,关,33°C,0%,0,0分钟
20211023161706,关,关,关,33°C,0%,11,0分钟
20211023161835,关,关,关,33°C,0%,0,0分钟
20211023161841,关,关,关,34°C,0%,0,0分钟
20211023161911,关,关,关,33°C,0%,0,0分钟
20211023161917,关,关,关,34°C,0%,0,0分钟
20211023194638,关,关,关,33°C,0%,0,0分钟
20211023194739,开,开,关,33°C,0%,0,23分钟
20211023194815,开,开,关,33°C,0%,0,22分钟
20211023194855,开,开,关,34°C,0%,0,22分钟
20211023194909,开,开,关,34°C,0%,0,21分钟
20211023194914,开,开,关,35°C,0%,0,21分钟
20211023194916,开,开,关,35°C,0%,0,22分钟
20211023194920,开,开,关,34°C,0%,0,22分钟
20211023194922,开,开,关,34°C,0%,0,21分钟
20211023194936,开,开,关,35°C,0%,0,21分钟
20211023195036,开,开,关,35°C,0%,0,20分钟
20211023195046,开,开,关,35°C,0%,0,19分钟
20211023195133,开,开,关,36°C,0%,0,19分钟
20211023195135,开,开,关,36°C,0%,0,18分钟
20211023195159,开,开,关,37°C,0%,0,18分钟
20211023195334,开,开,关,37°C,0%,0,17分钟
20211023195336,开,开,关,38°C,0%,0,15分钟
20211023195410,开,开,关,39°C,0%,0,15分钟
20211023195438,开,开,关,39°C,0%,0,14分钟
20211023195447,开,开,关,40°C,0%,0,14分钟
20211023195523,开,开,关,40°C,0%,0,13分钟
20211023195525,开,开,关,40°C,0%,0,12分钟
20211023195610,开,开,关,41°C,0%,0,12分钟
20211023195632,开,开,关,41°C,0%,0,11分钟
20211023195652,开,开,关,42°C,0%,0,11分钟
20211023195748,开,开,关,42°C,0%,0,10分钟
20211023195751,开,开,关,42°C,0%,0,9分钟
20211023195843,开,开,关,43°C,0%,0,9分钟
20211023195845,开,开,关,43°C,25%,0,8分钟
20211023195915,开,开,关,44°C,25%,0,8分钟
20211023195956,开,开,关,44°C,25%,0,7分钟
20211023200032,开,开,关,45°C,25%,0,6分钟
20211023200034,开,开,关,45°C,25%,0,5分钟
20211023200115,开,开,关,46°C,25%,0,5分钟
20211023200153,开,开,关,46°C,25%,0,4分钟
20211023200157,开,开,关,47°C,25%,0,4分钟
20211023200159,开,开,关,47°C,25%,0,5分钟
20211023200203,开,开,关,46°C,25%,0,5分钟
20211023200205,开,开,关,46°C,25%,0,4分钟
20211023200219,开,开,关,47°C,25%,0,4分钟
20211023200316,开,开,关,47°C,25%,0,3分钟
20211023200318,开,开,关,47°C,25%,0,2分钟
20211023200402,开,开,关,48°C,25%,0,2分钟
20211023200403,开,开,关,48°C,25%,0,1分钟
20211023200424,开,开,关,49°C,25%,0,1分钟
20211023200453,开,开,关,49°C,25%,0,0分钟
20211023200455,开,关,开,50°C,100%,0,0分钟
20211023200515,开,关,开,50°C,50%,0,0分钟
20211023201835,关,关,关,50°C,50%,0,0分钟
20211023201837,关,关,关,50°C,50%,43,0分钟
20211023201841,关,关,关,50°C,50%,60,0分钟
20211023201845,关,关,关,50°C,50%,61,0分钟
20211023201847,关,关,关,50°C,50%,62,0分钟
20211023201849,关,关,关,50°C,50%,61,0分钟
20211023201859,关,关,关,50°C,50%,62,0分钟
20211023201901,关,关,关,50°C,50%,61,0分钟
20211023201905,关,关,关,50°C,50%,62,0分钟
20211023201907,关,关,关,50°C,50%,36,0分钟
20211023202001,关,关,关,50°C,50%,0,0分钟
20211023202003,关,关,关,50°C,50%,66,0分钟
20211023202005,关,关,关,50°C,50%,61,0分钟
20211023202009,关,关,关,50°C,50%,62,0分钟
20211023202012,关,关,关,50°C,50%,31,0分钟
20211023202020,关,关,关,50°C,50%,0,0分钟
20211023202029,关,关,关,50°C,50%,51,0分钟
20211023202030,关,关,关,50°C,50%,30,0分钟
20211023202034,关,关,关,50°C,50%,20,0分钟
20211023202036,关,关,关,50°C,50%,22,0分钟
20211023202038,关,关,关,50°C,50%,17,0分钟
20211023202040,关,关,关,50°C,50%,18,0分钟
20211023202042,关,关,关,50°C,50%,13,0分钟
20211023202046,关,关,关,50°C,50%,15,0分钟
20211023202048,关,关,关,50°C,50%,25,0分钟
20211023202052,关,关,关,50°C,50%,23,0分钟
20211023202058,关,关,关,50°C,50%,22,0分钟
20211023202100,关,关,关,50°C,50%,18,0分钟
20211023202102,关,关,关,50°C,50%,17,0分钟
20211023202104,关,关,关,50°C,50%,18,0分钟
20211023202106,关,关,关,50°C,50%,17,0分钟
20211023202110,关,关,关,50°C,50%,18,0分钟
20211023202112,关,关,关,50°C,50%,17,0分钟
20211023202120,关,关,关,50°C,50%,18,0分钟
20211023202122,关,关,关,50°C,50%,17,0分钟
20211023202124,关,关,关,50°C,50%,18,0分钟
20211023202126,关,关,关,50°C,50%,17,0分钟
20211023202128,关,关,关,50°C,50%,18,0分钟
20211023202130,关,关,关,50°C,50%,17,0分钟
20211023202134,关,关,关,50°C,50%,18,0分钟
20211023202136,关,关,关,50°C,50%,17,0分钟
20211023202142,关,关,关,50°C,50%,18,0分钟
20211023202144,关,关,关,50°C,50%,21,0分钟
20211023202153,关,关,关,50°C,50%,20,0分钟
20211023202155,关,关,关,50°C,50%,21,0分钟
20211023202109,关,关,关,50°C,50%,20,0分钟
20211023202113,关,关,关,50°C,50%,21,0分钟
20211023202135,关,关,关,50°C,50%,20,0分钟
20211023202137,关,关,关,50°C,50%,21,0分钟
20211023202155,关,关,关,50°C,50%,20,0分钟
20211023202157,关,关,关,50°C,50%,21,0分钟
20211023202301,关,关,关,50°C,50%,20,0分钟
20211023202303,关,关,关,50°C,50%,18,0分钟
20211023202323,关,关,关,50°C,50%,20,0分钟
20211023202325,关,关,关,50°C,50%,21,0分钟
20211023202333,关,关,关,50°C,50%,20,0分钟
20211023202336,关,关,关,50°C,50%,21,0分钟
20211023202339,关,关,关,50°C,50%,20,0分钟
20211023202350,关,关,关,50°C,50%,21,0分钟
20211023202358,关,关,关,50°C,50%,20,0分钟
20211023202400,关,关,关,50°C,50%,21,0分钟
20211023202404,关,关,关,50°C,50%,20,0分钟
20211023202406,关,关,关,50°C,50%,21,0分钟
20211023202410,关,关,关,50°C,50%,20,0分钟
20211023202412,关,关,关,50°C,50%,18,0分钟
20211023202426,关,关,关,50°C,50%,20,0分钟
20211023202428,关,关,关,50°C,50%,21,0分钟
20211023202436,关,关,关,50°C,50%,20,0分钟
20211023202438,关,关,关,50°C,50%,21,0分钟
20211023202450,关,关,关,50°C,50%,20,0分钟
20211023202629,关,关,关,50°C,50%,0,0分钟
20211023203520,关,关,关,49°C,50%,0,0分钟
20211023203639,关,关,关,49°C,50%,0,0分钟
20211023203645,关,关,关,48°C,50%,0,0分钟
20211023203651,关,关,关,49°C,50%,0,0分钟
20211023203657,关,关,关,48°C,50%,0,0分钟
20211023203715,关,关,关,49°C,50%,0,0分钟
20211023203721,关,关,关,48°C,50%,0,0分钟
20211023203734,关,关,关,49°C,50%,0,0分钟
20211023205312,关,关,关,48°C,50%,0,0分钟
20211023205322,关,关,关,47°C,50%,0,0分钟
20211023205331,关,关,关,48°C,50%,0,0分钟
20211023212235,关,关,关,47°C,50%,0,0分钟
20211023212247,关,关,关,46°C,50%,0,0分钟
20211023212253,关,关,关,47°C,50%,0,0分钟
20211023212259,关,关,关,46°C,50%,0,0分钟
20211023212318,关,关,关,47°C,50%,0,0分钟
20211023212342,关,关,关,46°C,50%,0,0分钟
20211023212348,关,关,关,47°C,50%,0,0分钟
20211023213333,关,关,关,46°C,50%,0,0分钟
20211023213336,关,关,关,46°C,50%,37,0分钟
20211023213338,关,关,关,46°C,50%,63,0分钟
20211023213340,关,关,关,46°C,50%,65,0分钟
20211023213344,关,关,关,46°C,50%,66,0分钟
20211023213346,关,关,关,46°C,50%,67,0分钟
20211023213348,关,关,关,46°C,50%,66,0分钟
20211023213350,关,关,关,46°C,50%,67,0分钟
20211023213352,关,关,关,46°C,50%,66,0分钟
20211023213404,关,关,关,46°C,50%,67,0分钟
20211023213406,关,关,关,46°C,50%,68,0分钟
20211023213430,关,关,关,46°C,50%,67,0分钟
20211023213434,关,关,关,46°C,50%,68,0分钟
20211023213436,关,关,关,46°C,50%,67,0分钟
20211023213440,关,关,关,46°C,50%,68,0分钟
20211023213442,关,关,关,46°C,50%,67,0分钟
20211023213444,关,关,关,45°C,50%,68,0分钟
20211023213446,关,关,关,45°C,50%,67,0分钟
20211023213450,关,关,关,45°C,50%,68,0分钟
20211023213452,关,关,关,45°C,50%,10,0分钟
20211023213500,关,关,关,45°C,50%,0,0分钟
20211023213527,关,关,关,44°C,50%,0,0分钟
20211023213543,关,关,关,44°C,25%,0,0分钟
20211023213649,关,关,关,43°C,25%,0,0分钟
20211023214647,关,关,关,42°C,25%,0,0分钟
20211023214649,关,关,关,42°C,25%,30,0分钟
20211023214651,关,关,关,42°C,25%,28,0分钟
20211023214653,关,关,关,42°C,25%,30,0分钟
20211023214655,关,关,关,42°C,25%,28,0分钟
20211023214657,关,关,关,42°C,25%,31,0分钟
20211023214701,关,关,关,42°C,25%,30,0分钟
20211023214703,关,关,关,42°C,25%,31,0分钟
20211023214711,关,关,关,42°C,25%,30,0分钟
20211023214713,关,关,关,42°C,25%,31,0分钟
20211023214715,关,关,关,42°C,25%,30,0分钟
20211023214717,关,关,关,42°C,25%,28,0分钟
20211023214732,关,关,关,42°C,25%,30,0分钟
20211023214734,关,关,关,42°C,25%,31,0分钟
20211023214738,关,关,关,42°C,25%,30,0分钟
20211023214742,关,关,关,42°C,25%,31,0分钟
20211023214744,关,关,关,42°C,25%,30,0分钟
20211023214746,关,关,关,41°C,25%,31,0分钟
20211023214750,关,关,关,41°C,25%,30,0分钟
20211023214804,关,关,关,41°C,25%,31,0分钟
20211023214806,关,关,关,41°C,25%,30,0分钟
20211023214808,关,关,关,41°C,25%,31,0分钟
20211023214810,关,关,关,41°C,25%,30,0分钟
20211023214814,关,关,关,41°C,25%,31,0分钟
20211023214818,关,关,关,41°C,25%,30,0分钟
20211023214822,关,关,关,41°C,25%,31,0分钟
20211023214824,关,关,关,41°C,25%,30,0分钟
20211023214830,关,关,关,41°C,25%,31,0分钟
20211023214834,关,关,关,41°C,25%,30,0分钟
20211023214836,关,关,关,41°C,25%,31,0分钟
20211023214838,关,关,关,41°C,25%,30,0分钟
20211023214840,关,关,关,40°C,25%,30,0分钟
20211023214842,关,关,关,40°C,25%,31,0分钟
20211023214856,关,关,关,40°C,25%,30,0分钟
20211023214858,关,关,关,40°C,25%,31,0分钟
20211023214908,关,关,关,40°C,25%,30,0分钟
20211023214912,关,关,关,39°C,25%,30,0分钟
20211023214916,关,关,关,39°C,25%,31,0分钟
20211023214921,关,关,关,39°C,25%,30,0分钟
20211023214923,关,关,关,39°C,25%,31,0分钟
20211023214925,关,关,关,39°C,25%,28,0分钟
20211023214933,关,关,关,39°C,25%,30,0分钟
20211023214937,关,关,关,39°C,25%,31,0分钟
20211023214946,关,关,关,39°C,25%,30,0分钟
20211023214947,关,关,关,39°C,25%,28,0分钟
20211023214949,关,关,关,39°C,25%,30,0分钟
20211023214951,关,关,关,39°C,25%,31,0分钟
20211023214957,关,关,关,38°C,25%,30,0分钟
20211023214959,关,关,关,38°C,25%,31,0分钟
20211023215001,关,关,关,38°C,25%,30,0分钟
20211023215015,关,关,关,38°C,25%,31,0分钟
20211023215017,关,关,关,37°C,25%,31,0分钟
20211023215023,关,关,关,37°C,25%,30,0分钟
20211023215025,关,关,关,37°C,25%,31,0分钟
20211023215027,关,关,关,37°C,25%,30,0分钟
20211023215029,关,关,关,37°C,25%,31,0分钟
20211023215045,关,关,关,37°C,25%,30,0分钟
20211023215047,关,关,关,37°C,25%,28,0分钟
20211023215055,关,关,关,37°C,25%,30,0分钟
20211023215057,关,关,关,37°C,25%,8,0分钟
20211023215128,关,关,关,36°C,25%,0,0分钟
20211023215423,关,关,关,35°C,25%,0,0分钟
20211023215442,关,关,关,34°C,25%,0,0分钟
20211023215448,关,关,关,35°C,25%,0,0分钟
20211023215506,关,关,关,34°C,25%,0,0分钟
20211023215512,关,关,关,35°C,25%,0,0分钟
20211023215548,关,关,关,34°C,25%,0,0分钟
20211023215554,关,关,关,35°C,25%,0,0分钟
20211023215606,关,关,关,34°C,25%,0,0分钟
20211023215612,关,关,关,35°C,25%,0,0分钟
20211023215625,关,关,关,34°C,25%,0,0分钟
20211023215631,关,关,关,35°C,25%,0,0分钟
20211023215649,关,关,关,34°C,25%,0,0分钟
20211023215655,关,关,关,35°C,25%,0,0分钟
20211023215910,关,关,关,34°C,25%,0,0分钟
20211023215914,关,关,关,35°C,25%,0,0分钟
20211023215957,关,关,关,34°C,25%,0,0分钟
20211023220003,关,关,关,35°C,25%,0,0分钟
20211023220045,关,关,关,34°C,25%,0,0分钟
20211023220051,关,关,关,35°C,25%,0,0分钟
20211023220057,关,关,关,34°C,25%,0,0分钟
20211023220109,关,关,关,35°C,25%,0,0分钟
20211023220131,关,关,关,35°C,25%,0,0分钟
20211023220132,关,关,关,35°C,25%,10,0分钟
20211023220134,关,关,关,35°C,25%,51,0分钟
20211023220135,关,关,关,34°C,25%,51,0分钟
20211023220138,关,关,关,34°C,25%,50,0分钟
20211023220210,关,关,关,34°C,25%,51,0分钟
20211023220212,关,关,关,34°C,25%,40,0分钟
20211023220214,关,关,关,34°C,25%,32,0分钟
20211023220216,关,关,关,34°C,25%,40,0分钟
20211023220150,关,关,关,34°C,25%,41,0分钟
20211023220152,关,关,关,34°C,25%,37,0分钟
20211023220154,关,关,关,34°C,25%,36,0分钟
20211023220158,关,关,关,34°C,25%,37,0分钟
20211023220200,关,关,关,34°C,25%,42,0分钟
20211023220202,关,关,关,34°C,25%,43,0分钟
20211023220208,关,关,关,34°C,25%,42,0分钟
20211023220210,关,关,关,34°C,25%,43,0分钟
20211023220210,关,关,关,34°C,25%,42,0分钟
20211023220212,关,关,关,34°C,25%,43,0分钟
20211023220214,关,关,关,34°C,25%,42,0分钟
20211023220216,关,关,关,34°C,25%,43,0分钟
20211023220244,关,关,关,34°C,25%,42,0分钟
20211023220246,关,关,关,34°C,25%,41,0分钟
20211023220300,关,关,关,34°C,25%,42,0分钟
20211023220304,关,关,关,34°C,0%,42,0分钟
20211023220306,关,关,关,33°C,0%,42,0分钟
20211023220310,关,关,关,33°C,0%,41,0分钟
20211023220318,关,关,关,33°C,0%,42,0分钟
20211023220329,关,关,关,33°C,0%,41,0分钟
20211023220331,关,关,关,33°C,0%,43,0分钟
20211023220337,关,关,关,33°C,0%,42,0分钟
20211023220339,关,关,关,33°C,0%,43,0分钟
20211023220341,关,关,关,33°C,0%,42,0分钟
20211023220343,关,关,关,32°C,0%,43,0分钟
20211023220347,关,关,关,32°C,0%,42,0分钟
20211023220352,关,关,关,32°C,0%,41,0分钟
20211023220357,关,关,关,32°C,0%,42,0分钟
20211023220359,关,关,关,32°C,0%,43,0分钟
20211023220401,关,关,关,32°C,0%,42,0分钟
20211023220403,关,关,关,32°C,0%,36,0分钟
20211023220405,关,关,关,32°C,0%,38,0分钟
20211023220409,关,关,关,32°C,0%,43,0分钟
20211023220411,关,关,关,32°C,0%,42,0分钟
20211023220413,关,关,关,31°C,0%,43,0分钟
20211023220415,关,关,关,31°C,0%,42,0分钟
20211023220419,关,关,关,31°C,0%,43,0分钟
20211023220421,关,关,关,31°C,0%,41,0分钟
20211023220423,关,关,关,31°C,0%,43,0分钟
20211023220427,关,关,关,31°C,0%,42,0分钟
20211023220459,关,关,关,31°C,0%,0,0分钟
20211023220556,关,关,关,30°C,0%,0,0分钟
20211023220600,关,关,关,30°C,0%,42,0分钟
20211023220602,关,关,关,30°C,0%,43,0分钟
20211023220608,关,关,关,30°C,0%,38,0分钟
20211023220613,关,关,关,30°C,0%,37,0分钟
20211023220614,关,关,关,30°C,0%,36,0分钟
20211023220616,关,关,关,30°C,0%,37,0分钟
20211023220618,关,关,关,30°C,0%,41,0分钟
20211023220620,关,关,关,30°C,0%,40,0分钟
20211023220622,关,关,关,30°C,0%,41,0分钟
20211023220626,关,关,关,30°C,0%,40,0分钟
20211023220630,关,关,关,30°C,0%,41,0分钟
20211023220632,关,关,关,30°C,0%,40,0分钟
20211023220636,关,关,关,30°C,0%,46,0分钟
20211023220640,关,关,关,30°C,0%,45,0分钟
20211023220642,关,关,关,30°C,0%,46,0分钟
20211023220646,关,关,关,30°C,0%,45,0分钟
20211023220649,关,关,关,30°C,0%,46,0分钟
20211023220653,关,关,关,30°C,0%,45,0分钟
20211023220701,关,关,关,30°C,0%,46,0分钟
20211023220703,关,关,关,29°C,0%,46,0分钟
20211023220727,关,关,关,29°C,0%,45,0分钟
20211023220729,关,关,关,29°C,0%,46,0分钟
20211023220731,关,关,关,29°C,0%,45,0分钟
20211023220737,关,关,关,29°C,0%,46,0分钟
20211023220745,关,关,关,29°C,0%,45,0分钟
20211023220747,关,关,关,29°C,0%,46,0分钟
20211023220751,关,关,关,29°C,0%,45,0分钟
20211023220753,关,关,关,29°C,0%,43,0分钟
20211023220759,关,关,关,29°C,0%,52,0分钟
20211023220801,关,关,关,29°C,0%,51,0分钟
20211023220803,关,关,关,29°C,0%,52,0分钟
20211023220807,关,关,关,29°C,0%,51,0分钟
20211023220809,关,关,关,29°C,0%,47,0分钟
20211023220811,关,关,关,29°C,0%,48,0分钟
20211023220813,关,关,关,29°C,0%,55,0分钟
20211023220815,关,关,关,29°C,0%,52,0分钟
20211023220817,关,关,关,29°C,0%,53,0分钟
20211023220821,关,关,关,29°C,0%,52,0分钟
20211023220823,关,关,关,29°C,0%,51,0分钟
20211023220834,关,关,关,29°C,0%,48,0分钟
20211023220836,关,关,关,29°C,0%,52,0分钟
20211023220838,关,关,关,29°C,0%,53,0分钟
20211023220840,关,关,关,29°C,0%,52,0分钟
20211023220842,关,关,关,29°C,0%,51,0分钟
20211023220846,关,关,关,29°C,0%,53,0分钟
20211023220854,关,关,关,29°C,0%,52,0分钟
20211023220900,关,关,关,29°C,0%,53,0分钟
20211023220908,关,关,关,29°C,0%,52,0分钟
20211023220910,关,关,关,29°C,0%,12,0分钟
20211023224645,关,关,关,29°C,0%,0,0分钟
20211024061747,关,关,关,29°C,0%,0,0分钟
20211024064309,关,关,关,29°C,0%,0,0分钟
20211024064312,关,关,关,29°C,0%,8,0分钟
20211024065126,关,关,关,29°C,0%,0,0分钟
20211024065128,关,关,关,29°C,0%,10,0分钟
20211024070259,关,关,关,29°C,0%,0,0分钟
20211024070301,关,关,关,29°C,0%,8,0分钟
20211024072731,关,关,关,29°C,0%,0,0分钟
20211024115917,关,关,关,29°C,0%,0,0分钟
20211024122349,关,关,关,29°C,0%,0,0分钟
20211024122354,关,关,关,29°C,0%,0,0分钟
20211024122359,关,关,关,29°C,0%,0,0分钟
20211024122404,关,关,关,29°C,0%,0,0分钟
20211024122409,关,关,关,29°C,0%,0,0分钟
20211024122414,关,关,关,29°C,0%,0,0分钟
20211024122419,关,关,关,29°C,0%,0,0分钟
20211024122424,关,关,关,29°C,0%,0,0分钟
20211024122429,关,关,关,29°C,0%,0,0分钟
20211024122434,关,关,关,29°C,0%,0,0分钟
20211024122439,关,关,关,29°C,0%,0,0分钟
20211024122444,关,关,关,29°C,0%,0,0分钟
20211024122703,关,关,关,29°C,0%,0,0分钟
20211024122803,关,关,关,29°C,0%,0,0分钟
20211024122809,关,关,关,28°C,0%,0,0分钟
20211024122946,关,关,关,29°C,0%,0,0分钟
20211024122952,关,关,关,28°C,0%,0,0分钟
20211024123218,关,关,关,29°C,0%,0,0分钟
20211024123224,关,关,关,28°C,0%,0,0分钟
20211024123254,关,关,关,29°C,0%,0,0分钟
20211024123300,关,关,关,28°C,0%,0,0分钟
20211024123425,关,关,关,29°C,0%,0,0分钟
20211024123431,关,关,关,28°C,0%,0,0分钟
20211024123608,关,关,关,29°C,0%,0,0分钟
20211024123614,关,关,关,28°C,0%,0,0分钟
20211024124650,关,关,关,29°C,0%,0,0分钟
20211024124656,关,关,关,28°C,0%,0,0分钟
20211024124909,关,关,关,29°C,0%,0,0分钟
20211024124915,关,关,关,28°C,0%,0,0分钟
20211024125205,关,关,关,29°C,0%,0,0分钟
20211024125211,关,关,关,28°C,0%,0,0分钟
20211024125317,关,关,关,29°C,0%,0,0分钟
20211024125323,关,关,关,28°C,0%,0,0分钟
20211024125424,关,关,关,29°C,0%,0,0分钟
20211024125430,关,关,关,28°C,0%,0,0分钟
20211024125537,关,关,关,29°C,0%,0,0分钟
20211024125543,关,关,关,28°C,0%,0,0分钟
20211024125649,关,关,关,29°C,0%,0,0分钟
20211024125655,关,关,关,28°C,0%,0,0分钟
20211024125744,关,关,关,29°C,0%,0,0分钟
20211024125750,关,关,关,28°C,0%,0,0分钟
20211024125909,关,关,关,29°C,0%,0,0分钟
20211024125915,关,关,关,28°C,0%,0,0分钟
20211024125933,关,关,关,29°C,0%,0,0分钟
20211024125939,关,关,关,28°C,0%,0,0分钟
20211024125951,关,关,关,29°C,0%,0,0分钟
20211024125957,关,关,关,28°C,0%,0,0分钟
20211024130045,关,关,关,29°C,0%,0,0分钟
20211024130052,关,关,关,28°C,0%,0,0分钟
20211024130122,关,关,关,29°C,0%,0,0分钟
20211024130128,关,关,关,28°C,0%,0,0分钟
20211024130140,关,关,关,29°C,0%,0,0分钟
20211024130147,关,关,关,28°C,0%,0,0分钟
20211024130222,关,关,关,29°C,0%,0,0分钟
20211024130228,关,关,关,28°C,0%,0,0分钟
20211024130253,关,关,关,29°C,0%,0,0分钟
20211024130259,关,关,关,28°C,0%,0,0分钟
20211024130500,关,关,关,29°C,0%,0,0分钟
20211024130506,关,关,关,28°C,0%,0,0分钟
20211024130606,关,关,关,29°C,0%,0,0分钟
20211024130619,关,关,关,28°C,0%,0,0分钟
20211024131045,关,关,关,29°C,0%,0,0分钟
20211024131051,关,关,关,28°C,0%,0,0分钟
20211024131335,关,关,关,29°C,0%,0,0分钟
20211024131341,关,关,关,28°C,0%,0,0分钟
20211024132133,关,关,关,29°C,0%,0,0分钟
20211024132139,关,关,关,28°C,0%,0,0分钟
20211024132203,关,关,关,29°C,0%,0,0分钟
20211024132215,关,关,关,28°C,0%,0,0分钟
20211024132246,关,关,关,29°C,0%,0,0分钟
20211024132255,关,关,关,28°C,0%,0,0分钟
20211024132258,关,关,关,29°C,0%,0,0分钟
20211024132304,关,关,关,28°C,0%,0,0分钟
20211024132346,关,关,关,29°C,0%,0,0分钟
20211024132352,关,关,关,28°C,0%,0,0分钟
20211024132411,关,关,关,29°C,0%,0,0分钟
20211024132417,关,关,关,28°C,0%,0,0分钟
20211024132435,关,关,关,29°C,0%,0,0分钟
20211024132441,关,关,关,28°C,0%,0,0分钟
20211024132541,关,关,关,29°C,0%,0,0分钟
20211024132547,关,关,关,28°C,0%,0,0分钟
20211024132606,关,关,关,29°C,0%,0,0分钟
20211024132612,关,关,关,28°C,0%,0,0分钟
20211024132813,关,关,关,29°C,0%,0,0分钟
20211024132819,关,关,关,28°C,0%,0,0分钟
20211024132931,关,关,关,29°C,0%,0,0分钟
20211024132937,关,关,关,28°C,0%,0,0分钟
20211024133010,关,关,关,29°C,0%,0,0分钟
20211024133016,关,关,关,29°C,0%,0,0分钟
20211024133022,关,关,关,28°C,0%,0,0分钟
20211024133034,关,关,关,29°C,0%,0,0分钟
20211024133040,关,关,关,28°C,0%,0,0分钟
20211024133052,关,关,关,29°C,0%,0,0分钟
20211024133058,关,关,关,28°C,0%,0,0分钟
20211024133110,关,关,关,29°C,0%,0,0分钟
20211024133116,关,关,关,28°C,0%,0,0分钟
20211024133123,关,关,关,29°C,0%,0,0分钟
20211024133129,关,关,关,28°C,0%,0,0分钟
20211024133135,关,关,关,29°C,0%,0,0分钟
20211024133141,关,关,关,28°C,0%,0,0分钟
20211024133147,关,关,关,29°C,0%,0,0分钟
20211024133159,关,关,关,28°C,0%,0,0分钟
20211024133205,关,关,关,29°C,0%,0,0分钟
20211024133211,关,关,关,28°C,0%,0,0分钟
20211024133253,关,关,关,29°C,0%,0,0分钟
20211024133259,关,关,关,29°C,0%,0,0分钟
20211024133305,关,关,关,28°C,0%,0,0分钟
20211024133312,关,关,关,29°C,0%,0,0分钟
20211024133324,关,关,关,28°C,0%,0,0分钟
20211024133330,关,关,关,29°C,0%,0,0分钟
20211024133336,关,关,关,28°C,0%,0,0分钟
20211024133354,关,关,关,29°C,0%,0,0分钟
20211024133400,关,关,关,28°C,0%,0,0分钟
20211024133412,关,关,关,29°C,0%,0,0分钟
20211024133442,关,关,关,28°C,0%,0,0分钟
20211024133454,关,关,关,29°C,0%,0,0分钟
20211024133501,关,关,关,28°C,0%,0,0分钟
20211024133507,关,关,关,29°C,0%,0,0分钟
20211024133519,关,关,关,28°C,0%,0,0分钟
20211024133525,关,关,关,29°C,0%,0,0分钟
20211024133531,关,关,关,28°C,0%,0,0分钟
20211024133537,关,关,关,29°C,0%,0,0分钟
20211024133543,关,关,关,28°C,0%,0,0分钟
20211024133601,关,关,关,29°C,0%,0,0分钟
20211024133619,关,关,关,28°C,0%,0,0分钟
20211024133631,关,关,关,29°C,0%,0,0分钟
20211024133644,关,关,关,28°C,0%,0,0分钟
20211024133656,关,关,关,29°C,0%,0,0分钟
20211024133702,关,关,关,28°C,0%,0,0分钟
20211024133744,关,关,关,29°C,0%,0,0分钟
20211024133756,关,关,关,28°C,0%,0,0分钟
20211024133802,关,关,关,29°C,0%,0,0分钟
20211024133814,关,关,关,28°C,0%,0,0分钟
20211024133839,关,关,关,29°C,0%,0,0分钟
20211024133845,关,关,关,28°C,0%,0,0分钟
20211024133851,关,关,关,29°C,0%,0,0分钟
20211024133857,关,关,关,28°C,0%,0,0分钟
20211024133903,关,关,关,29°C,0%,0,0分钟
20211024133915,关,关,关,28°C,0%,0,0分钟
20211024134009,关,关,关,29°C,0%,0,0分钟
20211024134015,关,关,关,28°C,0%,0,0分钟
20211024134022,关,关,关,29°C,0%,0,0分钟
20211024134040,关,关,关,28°C,0%,0,0分钟
20211024134046,关,关,关,29°C,0%,0,0分钟
20211024134134,关,关,关,28°C,0%,0,0分钟
20211024134204,关,关,关,29°C,0%,0,0分钟
20211024134211,关,关,关,28°C,0%,0,0分钟
20211024134247,关,关,关,29°C,0%,0,0分钟
20211024134253,关,关,关,28°C,0%,0,0分钟
20211024134311,关,关,关,29°C,0%,0,0分钟
20211024134317,关,关,关,28°C,0%,0,0分钟
20211024134329,关,关,关,29°C,0%,0,0分钟
20211024134347,关,关,关,28°C,0%,0,0分钟
20211024134448,关,关,关,29°C,0%,0,0分钟
20211024134506,关,关,关,28°C,0%,0,0分钟
20211024134530,关,关,关,29°C,0%,0,0分钟
20211024134537,关,关,关,28°C,0%,0,0分钟
20211024134607,关,关,关,29°C,0%,0,0分钟
20211024134625,关,关,关,28°C,0%,0,0分钟
20211024134707,关,关,关,29°C,0%,0,0分钟
20211024134713,关,关,关,28°C,0%,0,0分钟
20211024134808,关,关,关,29°C,0%,0,0分钟
20211024134814,关,关,关,28°C,0%,0,0分钟
20211024134838,关,关,关,29°C,0%,0,0分钟
20211024134846,关,关,关,28°C,0%,0,0分钟
20211024134927,关,关,关,29°C,0%,0,0分钟
20211024134933,关,关,关,28°C,0%,0,0分钟
20211024135003,关,关,关,29°C,0%,0,0分钟
20211024135009,关,关,关,28°C,0%,0,0分钟
20211024135015,关,关,关,29°C,0%,0,0分钟
20211024135027,关,关,关,28°C,0%,0,0分钟
20211024135045,关,关,关,29°C,0%,0,0分钟
20211024135057,关,关,关,28°C,0%,0,0分钟
20211024135116,关,关,关,29°C,0%,0,0分钟
20211024135122,关,关,关,28°C,0%,0,0分钟
20211024135128,关,关,关,29°C,0%,0,0分钟
20211024135140,关,关,关,28°C,0%,0,0分钟
20211024135222,关,关,关,29°C,0%,0,0分钟
20211024135228,关,关,关,28°C,0%,0,0分钟
20211024135247,关,关,关,29°C,0%,0,0分钟
20211024135253,关,关,关,28°C,0%,0,0分钟
20211024135259,关,关,关,29°C,0%,0,0分钟
20211024135305,关,关,关,28°C,0%,0,0分钟
20211024135323,关,关,关,29°C,0%,0,0分钟
20211024135335,关,关,关,28°C,0%,0,0分钟
20211024135347,关,关,关,29°C,0%,0,0分钟
20211024135411,关,关,关,28°C,0%,0,0分钟
20211024135417,关,关,关,29°C,0%,0,0分钟
20211024135423,关,关,关,28°C,0%,0,0分钟
20211024135518,关,关,关,29°C,0%,0,0分钟
20211024135524,关,关,关,28°C,0%,0,0分钟
20211024135530,关,关,关,29°C,0%,0,0分钟
20211024135536,关,关,关,28°C,0%,0,0分钟
20211024135542,关,关,关,29°C,0%,0,0分钟
20211024135554,关,关,关,28°C,0%,0,0分钟
20211024135600,关,关,关,29°C,0%,0,0分钟
20211024135606,关,关,关,28°C,0%,0,0分钟
20211024135612,关,关,关,29°C,0%,0,0分钟
20211024135625,关,关,关,28°C,0%,0,0分钟
20211024135631,关,关,关,29°C,0%,0,0分钟
20211024135637,关,关,关,28°C,0%,0,0分钟
20211024135643,关,关,关,29°C,0%,0,0分钟
20211024135655,关,关,关,28°C,0%,0,0分钟
20211024135713,关,关,关,29°C,0%,0,0分钟
20211024135725,关,关,关,28°C,0%,0,0分钟
20211024135731,关,关,关,29°C,0%,0,0分钟
20211024135749,关,关,关,28°C,0%,0,0分钟
20211024135755,关,关,关,29°C,0%,0,0分钟
20211024135814,关,关,关,28°C,0%,0,0分钟
20211024135820,关,关,关,29°C,0%,0,0分钟
20211024135826,关,关,关,28°C,0%,0,0分钟
20211024135838,关,关,关,29°C,0%,0,0分钟
20211024135844,关,关,关,28°C,0%,0,0分钟
20211024135902,关,关,关,29°C,0%,0,0分钟
20211024135908,关,关,关,28°C,0%,0,0分钟
20211024135920,关,关,关,29°C,0%,0,0分钟
20211024135926,关,关,关,28°C,0%,0,0分钟
20211024135944,关,关,关,29°C,0%,0,0分钟
20211024135957,关,关,关,28°C,0%,0,0分钟
20211024140031,关,关,关,29°C,0%,0,0分钟
20211024140039,关,关,关,28°C,0%,0,0分钟
20211024140051,关,关,关,29°C,0%,0,0分钟
20211024140109,关,关,关,28°C,0%,0,0分钟
20211024140115,关,关,关,29°C,0%,0,0分钟
20211024140121,关,关,关,28°C,0%,0,0分钟
20211024140127,关,关,关,29°C,0%,0,0分钟
20211024140133,关,关,关,28°C,0%,0,0分钟
20211024140139,关,关,关,29°C,0%,0,0分钟
20211024140146,关,关,关,28°C,0%,0,0分钟
20211024140152,关,关,关,29°C,0%,0,0分钟
20211024140158,关,关,关,28°C,0%,0,0分钟
20211024140204,关,关,关,29°C,0%,0,0分钟
20211024140228,关,关,关,28°C,0%,0,0分钟
20211024140234,关,关,关,29°C,0%,0,0分钟
20211024140258,关,关,关,28°C,0%,0,0分钟
20211024140304,关,关,关,29°C,0%,0,0分钟
20211024140316,关,关,关,28°C,0%,0,0分钟
20211024140322,关,关,关,29°C,0%,0,0分钟
20211024140335,关,关,关,28°C,0%,0,0分钟
20211024140341,关,关,关,29°C,0%,0,0分钟
20211024140359,关,关,关,28°C,0%,0,0分钟
20211024140411,关,关,关,29°C,0%,0,0分钟
20211024140417,关,关,关,28°C,0%,0,0分钟
20211024140441,关,关,关,29°C,0%,0,0分钟
20211024140447,关,关,关,28°C,0%,0,0分钟
20211024140459,关,关,关,29°C,0%,0,0分钟
20211024140505,关,关,关,28°C,0%,0,0分钟
20211024140513,关,关,关,29°C,0%,0,0分钟
20211024140518,关,关,关,28°C,0%,0,0分钟
20211024140524,关,关,关,29°C,0%,0,0分钟
20211024140530,关,关,关,28°C,0%,0,0分钟
20211024140548,关,关,关,29°C,0%,0,0分钟
20211024140554,关,关,关,28°C,0%,0,0分钟
20211024140612,关,关,关,29°C,0%,0,0分钟
20211024140618,关,关,关,28°C,0%,0,0分钟
20211024140630,关,关,关,29°C,0%,0,0分钟
20211024140636,关,关,关,28°C,0%,0,0分钟
20211024140642,关,关,关,29°C,0%,0,0分钟
20211024140648,关,关,关,28°C,0%,0,0分钟
20211024140707,关,关,关,29°C,0%,0,0分钟
20211024140713,关,关,关,28°C,0%,0,0分钟
20211024140719,关,关,关,29°C,0%,0,0分钟
20211024140737,关,关,关,28°C,0%,0,0分钟
20211024140743,关,关,关,29°C,0%,0,0分钟
20211024140807,关,关,关,28°C,0%,0,0分钟
20211024140819,关,关,关,29°C,0%,0,0分钟
20211024140837,关,关,关,28°C,0%,0,0分钟
20211024140843,关,关,关,29°C,0%,0,0分钟
20211024140856,关,关,关,28°C,0%,0,0分钟
20211024140914,关,关,关,29°C,0%,0,0分钟
20211024140920,关,关,关,28°C,0%,0,0分钟
20211024140926,关,关,关,29°C,0%,0,0分钟
20211024140944,关,关,关,28°C,0%,0,0分钟
20211024140950,关,关,关,29°C,0%,0,0分钟
20211024141008,关,关,关,28°C,0%,0,0分钟
20211024141026,关,关,关,29°C,0%,0,0分钟
20211024141109,关,关,关,28°C,0%,0,0分钟
20211024141115,关,关,关,29°C,0%,0,0分钟
20211024141127,关,关,关,28°C,0%,0,0分钟
20211024141139,关,关,关,29°C,0%,0,0分钟
20211024141145,关,关,关,28°C,0%,0,0分钟
20211024141157,关,关,关,29°C,0%,0,0分钟
20211024141234,关,关,关,28°C,0%,0,0分钟
20211024141246,关,关,关,29°C,0%,0,0分钟
20211024141258,关,关,关,28°C,0%,0,0分钟
20211024141304,关,关,关,29°C,0%,0,0分钟
20211024141316,关,关,关,28°C,0%,0,0分钟
20211024141328,关,关,关,29°C,0%,0,0分钟
20211024141334,关,关,关,28°C,0%,0,0分钟
20211024141340,关,关,关,29°C,0%,0,0分钟
20211024141411,关,关,关,28°C,0%,0,0分钟
20211024141417,关,关,关,29°C,0%,0,0分钟
20211024141423,关,关,关,28°C,0%,0,0分钟
20211024141429,关,关,关,29°C,0%,0,0分钟
20211024141437,关,关,关,28°C,0%,0,0分钟
20211024141441,关,关,关,29°C,0%,0,0分钟
20211024141453,关,关,关,28°C,0%,0,0分钟
20211024141459,关,关,关,29°C,0%,0,0分钟
20211024141511,关,关,关,28°C,0%,0,0分钟
20211024141523,关,关,关,29°C,0%,0,0分钟
20211024141529,关,关,关,28°C,0%,0,0分钟
20211024141600,关,关,关,29°C,0%,0,0分钟
20211024141612,关,关,关,28°C,0%,0,0分钟
20211024141630,关,关,关,29°C,0%,0,0分钟
20211024141642,关,关,关,28°C,0%,0,0分钟
20211024141700,关,关,关,29°C,0%,0,0分钟
20211024141706,关,关,关,28°C,0%,0,0分钟
20211024141712,关,关,关,29°C,0%,0,0分钟
20211024141730,关,关,关,28°C,0%,0,0分钟
20211024141743,关,关,关,29°C,0%,0,0分钟
20211024141801,关,关,关,28°C,0%,0,0分钟
20211024141813,关,关,关,29°C,0%,0,0分钟
20211024141819,关,关,关,28°C,0%,0,0分钟
20211024141837,关,关,关,29°C,0%,0,0分钟
20211024141843,关,关,关,28°C,0%,0,0分钟
20211024141849,关,关,关,29°C,0%,0,0分钟
20211024141901,关,关,关,28°C,0%,0,0分钟
20211024141907,关,关,关,29°C,0%,0,0分钟
20211024141938,关,关,关,28°C,0%,0,0分钟
20211024142002,关,关,关,29°C,0%,0,0分钟
20211024142026,关,关,关,28°C,0%,0,0分钟
20211024142102,关,关,关,29°C,0%,0,0分钟
20211024142108,关,关,关,28°C,0%,0,0分钟
20211024142115,关,关,关,29°C,0%,0,0分钟
20211024142139,关,关,关,28°C,0%,0,0分钟
20211024142145,关,关,关,29°C,0%,0,0分钟
20211024142151,关,关,关,28°C,0%,0,0分钟
20211024142203,关,关,关,29°C,0%,0,0分钟
20211024142209,关,关,关,28°C,0%,0,0分钟
20211024142221,关,关,关,29°C,0%,0,0分钟
20211024142227,关,关,关,28°C,0%,0,0分钟
20211024142239,关,关,关,29°C,0%,0,0分钟
20211024142251,关,关,关,28°C,0%,0,0分钟
20211024142310,关,关,关,29°C,0%,0,0分钟
20211024142334,关,关,关,28°C,0%,0,0分钟
20211024142340,关,关,关,29°C,0%,0,0分钟
20211024142352,关,关,关,28°C,0%,0,0分钟
20211024142401,关,关,关,29°C,0%,0,0分钟
20211024142410,关,关,关,28°C,0%,0,0分钟
20211024142422,关,关,关,29°C,0%,0,0分钟
20211024142428,关,关,关,28°C,0%,0,0分钟
20211024142434,关,关,关,29°C,0%,0,0分钟
20211024142440,关,关,关,28°C,0%,0,0分钟
20211024142459,关,关,关,29°C,0%,0,0分钟
20211024142535,关,关,关,28°C,0%,0,0分钟
20211024142547,关,关,关,29°C,0%,0,0分钟
20211024142553,关,关,关,28°C,0%,0,0分钟
20211024142559,关,关,关,29°C,0%,0,0分钟
20211024142611,关,关,关,28°C,0%,0,0分钟
20211024142622,关,关,关,29°C,0%,0,0分钟
20211024142642,关,关,关,28°C,0%,0,0分钟
20211024142648,关,关,关,29°C,0%,0,0分钟
20211024142700,关,关,关,28°C,0%,0,0分钟
20211024142712,关,关,关,29°C,0%,0,0分钟
20211024142718,关,关,关,28°C,0%,0,0分钟
20211024142724,关,关,关,29°C,0%,0,0分钟
20211024142736,关,关,关,28°C,0%,0,0分钟
20211024142742,关,关,关,29°C,0%,0,0分钟
20211024142754,关,关,关,28°C,0%,0,0分钟
20211024142800,关,关,关,29°C,0%,0,0分钟
20211024142806,关,关,关,28°C,0%,0,0分钟
20211024142813,关,关,关,29°C,0%,0,0分钟
20211024142831,关,关,关,28°C,0%,0,0分钟
20211024142837,关,关,关,29°C,0%,0,0分钟
20211024142843,关,关,关,28°C,0%,0,0分钟
20211024142855,关,关,关,29°C,0%,0,0分钟
20211024142919,关,关,关,28°C,0%,0,0分钟
20211024142925,关,关,关,29°C,0%,0,0分钟
20211024142943,关,关,关,28°C,0%,0,0分钟
20211024142949,关,关,关,29°C,0%,0,0分钟
20211024143108,关,关,关,28°C,0%,0,0分钟
20211024143126,关,关,关,28°C,0%,0,0分钟
20211024143132,关,关,关,29°C,0%,0,0分钟
20211024143203,关,关,关,28°C,0%,0,0分钟
20211024143209,关,关,关,29°C,0%,0,0分钟
20211024143239,关,关,关,28°C,0%,0,0分钟
20211024143245,关,关,关,29°C,0%,0,0分钟
20211024143404,关,关,关,28°C,0%,0,0分钟
20211024143410,关,关,关,29°C,0%,0,0分钟
20211024143458,关,关,关,28°C,0%,0,0分钟
20211024143504,关,关,关,29°C,0%,0,0分钟
20211024143617,关,关,关,28°C,0%,0,0分钟
20211024143623,关,关,关,29°C,0%,0,0分钟
20211024143635,关,关,关,28°C,0%,0,0分钟
20211024143641,关,关,关,29°C,0%,0,0分钟
20211024143647,关,关,关,28°C,0%,0,0分钟
20211024143653,关,关,关,29°C,0%,0,0分钟
20211024143705,关,关,关,28°C,0%,0,0分钟
20211024143712,关,关,关,29°C,0%,0,0分钟
20211024143800,关,关,关,28°C,0%,0,0分钟
20211024143806,关,关,关,29°C,0%,0,0分钟
20211024143812,关,关,关,28°C,0%,0,0分钟
20211024143818,关,关,关,29°C,0%,0,0分钟
20211024143855,关,关,关,28°C,0%,0,0分钟
20211024143901,关,关,关,29°C,0%,0,0分钟
20211024143913,关,关,关,28°C,0%,0,0分钟
20211024143919,关,关,关,29°C,0%,0,0分钟
20211024143943,关,关,关,28°C,0%,0,0分钟
20211024143949,关,关,关,29°C,0%,0,0分钟
20211024144001,关,关,关,28°C,0%,0,0分钟
20211024144007,关,关,关,29°C,0%,0,0分钟
20211024144019,关,关,关,28°C,0%,0,0分钟
20211024144027,关,关,关,29°C,0%,0,0分钟
20211024144037,关,关,关,28°C,0%,0,0分钟
20211024144044,关,关,关,29°C,0%,0,0分钟
20211024144120,关,关,关,28°C,0%,0,0分钟
20211024144126,关,关,关,29°C,0%,0,0分钟
20211024144226,关,关,关,28°C,0%,0,0分钟
20211024144233,关,关,关,29°C,0%,0,0分钟
20211024144309,关,关,关,28°C,0%,0,0分钟
20211024144321,关,关,关,29°C,0%,0,0分钟
20211024144458,关,关,关,28°C,0%,0,0分钟
20211024144504,关,关,关,29°C,0%,0,0分钟
20211024144534,关,关,关,28°C,0%,0,0分钟
20211024144546,关,关,关,29°C,0%,0,0分钟
20211024144552,关,关,关,28°C,0%,0,0分钟
20211024144558,关,关,关,29°C,0%,0,0分钟
20211024144617,关,关,关,28°C,0%,0,0分钟
20211024144653,关,关,关,29°C,0%,0,0分钟
20211024144717,关,关,关,28°C,0%,0,0分钟
20211024144723,关,关,关,29°C,0%,0,0分钟
20211024144741,关,关,关,28°C,0%,0,0分钟
20211024144747,关,关,关,29°C,0%,0,0分钟
20211024144800,关,关,关,28°C,0%,0,0分钟
20211024144806,关,关,关,29°C,0%,0,0分钟
20211024144818,关,关,关,28°C,0%,0,0分钟
20211024144824,关,关,关,29°C,0%,0,0分钟
20211024144900,关,关,关,28°C,0%,0,0分钟
20211024144906,关,关,关,29°C,0%,0,0分钟
20211024144943,关,关,关,28°C,0%,0,0分钟
20211024144951,关,关,关,29°C,0%,0,0分钟
20211024145001,关,关,关,28°C,0%,0,0分钟
20211024145007,关,关,关,29°C,0%,0,0分钟
20211024145037,关,关,关,28°C,0%,0,0分钟
20211024145043,关,关,关,29°C,0%,0,0分钟
20211024145049,关,关,关,28°C,0%,0,0分钟
20211024145101,关,关,关,29°C,0%,0,0分钟
20211024145113,关,关,关,28°C,0%,0,0分钟
20211024145120,关,关,关,29°C,0%,0,0分钟
20211024145126,关,关,关,28°C,0%,0,0分钟
20211024145132,关,关,关,29°C,0%,0,0分钟
20211024145202,关,关,关,28°C,0%,0,0分钟
20211024145212,关,关,关,29°C,0%,0,0分钟
20211024145220,关,关,关,28°C,0%,0,0分钟
20211024145226,关,关,关,29°C,0%,0,0分钟
20211024145458,关,关,关,28°C,0%,0,0分钟
20211024145504,关,关,关,29°C,0%,0,0分钟
20211024145516,关,关,关,28°C,0%,0,0分钟
20211024145522,关,关,关,29°C,0%,0,0分钟
20211024145552,关,关,关,28°C,0%,0,0分钟
20211024145558,关,关,关,29°C,0%,0,0分钟
20211024145610,关,关,关,28°C,0%,0,0分钟
20211024145616,关,关,关,29°C,0%,0,0分钟
20211024145628,关,关,关,28°C,0%,0,0分钟
20211024145634,关,关,关,29°C,0%,0,0分钟
20211024145647,关,关,关,28°C,0%,0,0分钟
20211024145654,关,关,关,29°C,0%,0,0分钟
20211024145659,关,关,关,28°C,0%,0,0分钟
20211024145705,关,关,关,29°C,0%,0,0分钟
20211024145711,关,关,关,28°C,0%,0,0分钟
20211024145717,关,关,关,29°C,0%,0,0分钟
20211024145735,关,关,关,28°C,0%,0,0分钟
20211024145741,关,关,关,29°C,0%,0,0分钟
20211024145848,关,关,关,28°C,0%,0,0分钟
20211024145854,关,关,关,29°C,0%,0,0分钟
20211024150019,关,关,关,28°C,0%,0,0分钟
20211024150025,关,关,关,29°C,0%,0,0分钟
20211024150037,关,关,关,28°C,0%,0,0分钟
20211024150043,关,关,关,29°C,0%,0,0分钟
20211024150055,关,关,关,28°C,0%,0,0分钟
20211024150101,关,关,关,29°C,0%,0,0分钟
20211024150113,关,关,关,28°C,0%,0,0分钟
20211024150119,关,关,关,29°C,0%,0,0分钟
20211024150409,关,关,关,28°C,0%,0,0分钟
20211024150415,关,关,关,29°C,0%,0,0分钟
20211024150427,关,关,关,28°C,0%,0,0分钟
20211024150433,关,关,关,29°C,0%,0,0分钟
20211024150445,关,关,关,28°C,0%,0,0分钟
20211024150451,关,关,关,29°C,0%,0,0分钟
20211024150503,关,关,关,28°C,0%,0,0分钟
20211024150509,关,关,关,29°C,0%,0,0分钟
20211024150604,关,关,关,28°C,0%,0,0分钟
20211024150610,关,关,关,29°C,0%,0,0分钟
20211024150622,关,关,关,28°C,0%,0,0分钟
20211024150628,关,关,关,29°C,0%,0,0分钟
20211024150640,关,关,关,28°C,0%,0,0分钟
20211024150646,关,关,关,29°C,0%,0,0分钟
20211024150747,关,关,关,28°C,0%,0,0分钟
20211024150753,关,关,关,29°C,0%,0,0分钟
20211024150817,关,关,关,28°C,0%,0,0分钟
20211024150823,关,关,关,29°C,0%,0,0分钟
20211024150839,关,关,关,28°C,0%,0,0分钟
20211024150841,关,关,关,29°C,0%,0,0分钟
20211024151006,关,关,关,28°C,0%,0,0分钟
20211024151012,关,关,关,29°C,0%,0,0分钟
20211024151107,关,关,关,28°C,0%,0,0分钟
20211024151113,关,关,关,29°C,0%,0,0分钟
20211024151155,关,关,关,28°C,0%,0,0分钟
20211024151201,关,关,关,29°C,0%,0,0分钟
20211024151213,关,关,关,28°C,0%,0,0分钟
20211024151219,关,关,关,29°C,0%,0,0分钟
20211024151302,关,关,关,28°C,0%,0,0分钟
20211024151308,关,关,关,29°C,0%,0,0分钟
20211024151503,关,关,关,28°C,0%,0,0分钟
20211024151509,关,关,关,29°C,0%,0,0分钟
20211024152543,关,关,关,28°C,0%,0,0分钟
20211024153122,关,关,关,28°C,0%,0,0分钟
20211024153128,关,关,关,29°C,0%,0,0分钟
20211024153311,关,关,关,28°C,0%,0,0分钟
20211024153317,关,关,关,29°C,0%,0,0分钟
20211024153637,关,关,关,28°C,0%,0,0分钟
20211024153643,关,关,关,29°C,0%,0,0分钟
20211024153838,关,关,关,28°C,0%,0,0分钟
20211024153844,关,关,关,29°C,0%,0,0分钟
20211024153856,关,关,关,28°C,0%,0,0分钟
20211024153902,关,关,关,29°C,0%,0,0分钟
20211024153939,关,关,关,28°C,0%,0,0分钟
20211024153945,关,关,关,29°C,0%,0,0分钟
20211024154146,关,关,关,28°C,0%,0,0分钟
20211024154152,关,关,关,29°C,0%,0,0分钟
20211024155122,关,关,关,28°C,0%,0,0分钟
20211024155128,关,关,关,29°C,0%,0,0分钟
20211024155506,关,关,关,28°C,0%,0,0分钟
20211024155512,关,关,关,29°C,0%,0,0分钟
20211024155548,关,关,关,28°C,0%,0,0分钟
20211024155554,关,关,关,29°C,0%,0,0分钟
20211024155606,关,关,关,28°C,0%,0,0分钟
20211024155612,关,关,关,29°C,0%,0,0分钟
20211024155731,关,关,关,28°C,0%,0,0分钟
20211024155737,关,关,关,29°C,0%,0,0分钟
20211024160359,关,关,关,28°C,0%,0,0分钟
20211024160405,关,关,关,29°C,0%,0,0分钟
20211024162233,关,关,关,28°C,0%,0,0分钟
20211024162239,关,关,关,29°C,0%,0,0分钟
20211024175149,关,关,关,28°C,0%,0,0分钟
20211024192528,关,关,关,28°C,0%,0,0分钟
20211024211056,关,关,关,28°C,0%,0,0分钟
20211024211104,开,开,关,28°C,0%,0,29分钟
20211024211150,开,开,关,29°C,0%,0,29分钟
20211024211229,开,开,关,29°C,0%,0,28分钟
20211024211251,开,开,关,30°C,0%,0,28分钟
20211024211311,开,开,关,30°C,0%,0,27分钟
20211024211408,开,开,关,31°C,0%,0,26分钟
20211024211412,开,开,关,31°C,0%,0,25分钟
20211024211444,开,开,关,32°C,0%,0,25分钟
20211024211500,开,开,关,32°C,0%,0,24分钟
20211024211506,开,开,关,33°C,0%,0,24分钟
20211024211512,开,开,关,32°C,0%,0,25分钟
20211024211518,开,开,关,33°C,0%,0,24分钟
20211024211555,开,开,关,33°C,0%,0,23分钟
20211024211637,开,开,关,34°C,0%,0,22分钟
20211024211730,开,开,关,34°C,0%,0,21分钟
20211024211820,开,开,关,35°C,0%,0,20分钟
20211024211857,开,开,关,36°C,0%,0,19分钟
20211024211923,开,开,关,37°C,0%,0,18分钟
20211024212015,开,开,关,37°C,0%,0,17分钟
20211024212017,开,开,关,38°C,0%,0,17分钟
20211024212058,开,开,关,38°C,0%,0,16分钟
20211024212134,开,开,关,39°C,0%,0,15分钟
20211024212223,开,开,关,39°C,0%,0,14分钟
20211024212235,开,开,关,40°C,0%,0,14分钟
20211024212305,开,开,关,40°C,0%,0,13分钟
20211024212351,开,开,关,41°C,0%,0,12分钟
20211024212412,开,开,关,41°C,0%,0,11分钟
20211024212434,开,开,关,42°C,0%,0,11分钟
20211024212524,开,开,关,42°C,0%,0,10分钟
20211024212613,开,开,关,43°C,0%,0,9分钟
20211024212621,开,开,关,44°C,25%,0,8分钟
20211024212625,开,开,关,43°C,25%,0,9分钟
20211024212657,开,开,关,44°C,25%,0,8分钟
20211024212725,开,开,关,44°C,25%,0,7分钟
20211024212732,开,开,关,45°C,25%,0,7分钟
20211024212826,开,开,关,45°C,25%,0,6分钟
20211024212909,开,开,关,46°C,25%,0,5分钟
20211024212939,开,开,关,46°C,25%,0,4分钟
20211024212955,开,开,关,47°C,25%,0,4分钟
20211024213052,开,开,关,47°C,25%,0,3分钟
20211024213140,开,开,关,48°C,25%,0,2分钟
20211024213206,开,开,关,49°C,25%,0,1分钟
20211024213228,开,开,关,49°C,25%,0,0分钟
20211024213230,开,关,开,50°C,100%,0,0分钟
20211024214027,开,关,开,50°C,50%,0,0分钟
20211024214142,关,关,关,50°C,50%,0,0分钟
20211024214144,关,关,关,50°C,50%,60,0分钟
20211024214146,关,关,关,50°C,50%,61,0分钟
20211024214148,关,关,关,50°C,50%,62,0分钟
20211024214150,关,关,关,50°C,50%,61,0分钟
20211024214202,关,关,关,50°C,50%,62,0分钟
20211024214206,关,关,关,50°C,50%,63,0分钟
20211024214208,关,关,关,50°C,50%,62,0分钟
20211024214210,关,关,关,50°C,50%,42,0分钟
20211024214315,关,关,关,50°C,50%,0,0分钟
20211024214317,关,关,关,50°C,50%,26,0分钟
20211024214319,关,关,关,50°C,50%,51,0分钟
20211024214323,关,关,关,50°C,50%,50,0分钟
20211024214325,关,关,关,50°C,50%,51,0分钟
20211024214327,关,关,关,50°C,50%,50,0分钟
20211024214329,关,关,关,50°C,50%,15,0分钟
20211024214337,关,关,关,50°C,50%,35,0分钟
20211024214339,关,关,关,50°C,50%,36,0分钟
20211024214341,关,关,关,50°C,50%,35,0分钟
20211024214343,关,关,关,50°C,50%,36,0分钟
20211024214347,关,关,关,50°C,50%,35,0分钟
20211024214349,关,关,关,50°C,50%,32,0分钟
20211024214353,关,关,关,50°C,50%,27,0分钟
20211024214357,关,关,关,50°C,50%,28,0分钟
20211024214359,关,关,关,50°C,50%,27,0分钟
20211024214405,关,关,关,50°C,50%,28,0分钟
20211024214407,关,关,关,50°C,50%,30,0分钟
20211024214421,关,关,关,50°C,50%,28,0分钟
20211024214423,关,关,关,50°C,50%,30,0分钟
20211024214431,关,关,关,50°C,50%,28,0分钟
20211024214436,关,关,关,50°C,50%,30,0分钟
20211024214444,关,关,关,50°C,50%,28,0分钟
20211024214448,关,关,关,50°C,50%,30,0分钟
20211024214452,关,关,关,50°C,50%,28,0分钟
20211024214454,关,关,关,50°C,50%,30,0分钟
20211024214458,关,关,关,50°C,50%,28,0分钟
20211024214509,关,关,关,50°C,50%,28,0分钟
20211024214510,关,关,关,50°C,50%,30,0分钟
20211024214512,关,关,关,50°C,50%,28,0分钟
20211024214514,关,关,关,50°C,50%,30,0分钟
20211024214532,关,关,关,50°C,50%,28,0分钟
20211024214534,关,关,关,50°C,50%,30,0分钟
20211024214540,关,关,关,50°C,50%,28,0分钟
20211024214542,关,关,关,50°C,50%,30,0分钟
20211024214548,关,关,关,50°C,50%,28,0分钟
20211024214554,关,关,关,50°C,50%,26,0分钟
20211024214600,关,关,关,50°C,50%,27,0分钟
20211024214604,关,关,关,50°C,50%,26,0分钟
20211024214616,关,关,关,50°C,50%,27,0分钟
20211024214625,关,关,关,50°C,50%,26,0分钟
20211024214629,关,关,关,50°C,50%,27,0分钟
20211024214631,关,关,关,50°C,50%,26,0分钟
20211024214637,关,关,关,50°C,50%,27,0分钟
20211024214643,关,关,关,50°C,50%,26,0分钟
20211024214647,关,关,关,50°C,50%,27,0分钟
20211024214651,关,关,关,50°C,50%,26,0分钟
20211024214657,关,关,关,50°C,50%,27,0分钟
20211024214659,关,关,关,50°C,50%,26,0分钟
20211024214705,关,关,关,50°C,50%,27,0分钟
20211024214707,关,关,关,50°C,50%,26,0分钟
20211024214709,关,关,关,50°C,50%,27,0分钟
20211024214730,关,关,关,50°C,50%,27,0分钟
20211024214739,关,关,关,50°C,50%,26,0分钟
20211024214743,关,关,关,50°C,50%,27,0分钟
20211024214749,关,关,关,50°C,50%,26,0分钟
20211024214751,关,关,关,49°C,50%,26,0分钟
20211024214755,关,关,关,49°C,50%,27,0分钟
20211024214757,关,关,关,49°C,50%,26,0分钟
20211024214759,关,关,关,49°C,50%,20,0分钟
20211024214944,关,关,关,49°C,50%,0,0分钟
20211024215514,关,关,关,48°C,50%,0,0分钟
20211024215516,关,关,关,48°C,50%,15,0分钟
20211024215518,关,关,关,48°C,50%,48,0分钟
20211024215522,关,关,关,47°C,50%,51,0分钟
20211024215532,关,关,关,47°C,50%,31,0分钟
20211024215534,关,关,关,47°C,50%,30,0分钟
20211024215538,关,关,关,47°C,50%,31,0分钟
20211024215542,关,关,关,47°C,50%,32,0分钟
20211024215552,关,关,关,47°C,50%,31,0分钟
20211024215554,关,关,关,47°C,50%,32,0分钟
20211024215556,关,关,关,47°C,50%,30,0分钟
20211024215558,关,关,关,47°C,50%,31,0分钟
20211024215600,关,关,关,47°C,50%,32,0分钟
20211024215606,关,关,关,47°C,50%,31,0分钟
20211024215612,关,关,关,47°C,50%,30,0分钟
20211024215616,关,关,关,47°C,50%,31,0分钟
20211024215620,关,关,关,47°C,50%,32,0分钟
20211024215622,关,关,关,47°C,50%,31,0分钟
20211024215628,关,关,关,47°C,50%,32,0分钟
20211024215630,关,关,关,47°C,50%,31,0分钟
20211024215636,关,关,关,47°C,50%,32,0分钟
20211024215638,关,关,关,46°C,50%,32,0分钟
20211024215641,关,关,关,46°C,50%,31,0分钟
20211024215645,关,关,关,46°C,50%,32,0分钟
20211024215647,关,关,关,46°C,50%,31,0分钟
20211024215654,关,关,关,46°C,50%,32,0分钟
20211024215655,关,关,关,46°C,50%,31,0分钟
20211024215659,关,关,关,46°C,50%,32,0分钟
20211024215701,关,关,关,46°C,50%,31,0分钟
20211024215705,关,关,关,46°C,50%,32,0分钟
20211024215707,关,关,关,46°C,50%,31,0分钟
20211024215709,关,关,关,45°C,50%,31,0分钟
20211024215713,关,关,关,45°C,50%,32,0分钟
20211024215719,关,关,关,45°C,50%,31,0分钟
20211024215723,关,关,关,45°C,50%,32,0分钟
20211024215725,关,关,关,45°C,50%,27,0分钟
20211024215727,关,关,关,45°C,50%,28,0分钟
20211024215729,关,关,关,45°C,50%,30,0分钟
20211024215731,关,关,关,45°C,50%,28,0分钟
20211024215733,关,关,关,44°C,50%,28,0分钟
20211024215737,关,关,关,44°C,50%,23,0分钟
20211024215739,关,关,关,44°C,50%,30,0分钟
20211024215747,关,关,关,44°C,50%,27,0分钟
20211024215749,关,关,关,44°C,50%,28,0分钟
20211024215753,关,关,关,44°C,50%,27,0分钟
20211024215755,关,关,关,44°C,50%,30,0分钟
20211024215757,关,关,关,43°C,25%,32,0分钟
20211024215759,关,关,关,43°C,25%,31,0分钟
20211024215803,关,关,关,43°C,25%,32,0分钟
20211024215805,关,关,关,43°C,25%,31,0分钟
20211024215807,关,关,关,43°C,25%,32,0分钟
20211024215809,关,关,关,42°C,25%,32,0分钟
20211024215818,关,关,关,42°C,25%,31,0分钟
20211024215819,关,关,关,42°C,25%,32,0分钟
20211024215824,关,关,关,42°C,25%,31,0分钟
20211024215825,关,关,关,42°C,25%,32,0分钟
20211024215828,关,关,关,42°C,25%,31,0分钟
20211024215829,关,关,关,42°C,25%,32,0分钟
20211024215832,关,关,关,42°C,25%,31,0分钟
20211024215838,关,关,关,41°C,25%,31,0分钟
20211024215840,关,关,关,41°C,25%,35,0分钟
20211024215850,关,关,关,41°C,25%,33,0分钟
20211024215852,关,关,关,40°C,25%,33,0分钟
20211024215854,关,关,关,40°C,25%,32,0分钟
20211024215856,关,关,关,40°C,25%,35,0分钟
20211024215906,关,关,关,40°C,25%,33,0分钟
20211024215908,关,关,关,40°C,25%,35,0分钟
20211024215920,关,关,关,39°C,25%,33,0分钟
20211024215926,关,关,关,39°C,25%,33,0分钟
20211024215928,关,关,关,38°C,25%,33,0分钟
20211024215930,关,关,关,38°C,25%,35,0分钟
20211024215934,关,关,关,38°C,25%,33,0分钟
20211024215936,关,关,关,38°C,25%,35,0分钟
20211024215938,关,关,关,38°C,25%,33,0分钟
20211024215944,关,关,关,37°C,25%,33,0分钟
20211024215946,关,关,关,37°C,25%,35,0分钟
20211024215950,关,关,关,37°C,25%,33,0分钟
20211024215952,关,关,关,37°C,25%,31,0分钟
20211024220002,关,关,关,37°C,25%,0,0分钟
20211024220015,关,关,关,36°C,25%,0,0分钟
20211024220103,关,关,关,35°C,25%,0,0分钟
20211024220204,关,关,关,34°C,25%,0,0分钟
20211024220206,关,关,关,34°C,25%,26,0分钟
20211024220208,关,关,关,34°C,25%,25,0分钟
20211024220210,关,关,关,34°C,25%,26,0分钟
20211024220210,关,关,关,34°C,25%,27,0分钟
20211024220212,关,关,关,34°C,25%,26,0分钟
20211024220216,关,关,关,34°C,25%,27,0分钟
20211024220218,关,关,关,34°C,25%,33,0分钟
20211024220244,关,关,关,34°C,25%,32,0分钟
20211024220246,关,关,关,34°C,25%,31,0分钟
20211024220250,关,关,关,34°C,25%,32,0分钟
20211024220252,关,关,关,34°C,25%,31,0分钟
20211024220258,关,关,关,33°C,25%,32,0分钟
20211024220312,关,关,关,33°C,25%,31,0分钟
20211024220314,关,关,关,33°C,25%,32,0分钟
20211024220322,关,关,关,33°C,25%,31,0分钟
20211024220324,关,关,关,33°C,25%,32,0分钟
20211024220326,关,关,关,33°C,25%,31,0分钟
20211024220328,关,关,关,33°C,25%,32,0分钟
20211024220330,关,关,关,33°C,25%,31,0分钟
20211024220334,关,关,关,33°C,25%,32,0分钟
20211024220339,关,关,关,32°C,25%,31,0分钟
20211024220340,关,关,关,32°C,25%,32,0分钟
20211024220345,关,关,关,32°C,25%,31,0分钟
20211024220347,关,关,关,32°C,25%,32,0分钟
20211024220356,关,关,关,32°C,25%,31,0分钟
20211024220357,关,关,关,32°C,25%,32,0分钟
20211024220403,关,关,关,32°C,25%,26,0分钟
20211024220405,关,关,关,32°C,25%,27,0分钟
20211024220407,关,关,关,32°C,25%,26,0分钟
20211024220409,关,关,关,32°C,25%,27,0分钟
20211024220411,关,关,关,32°C,25%,26,0分钟
20211024220413,关,关,关,31°C,25%,33,0分钟
20211024220415,关,关,关,31°C,25%,31,0分钟
20211024220417,关,关,关,31°C,25%,32,0分钟
20211024220419,关,关,关,31°C,25%,30,0分钟
20211024220427,关,关,关,31°C,25%,32,0分钟
20211024220429,关,关,关,31°C,25%,47,0分钟
20211024220431,关,关,关,31°C,25%,50,0分钟
20211024220433,关,关,关,31°C,25%,51,0分钟
20211024220435,关,关,关,31°C,25%,50,0分钟
20211024220437,关,关,关,31°C,25%,62,0分钟
20211024220439,关,关,关,31°C,25%,65,0分钟
20211024220441,关,关,关,31°C,25%,66,0分钟
20211024220445,关,关,关,31°C,25%,60,0分钟
20211024220447,关,关,关,31°C,25%,58,0分钟
20211024220449,关,关,关,31°C,25%,57,0分钟
20211024220451,关,关,关,31°C,25%,55,0分钟
20211024220453,关,关,关,31°C,25%,56,0分钟
20211024220455,关,关,关,31°C,25%,55,0分钟
20211024220459,关,关,关,31°C,25%,56,0分钟
20211024220501,关,关,关,30°C,0%,55,0分钟
20211024220505,关,关,关,30°C,0%,56,0分钟
20211024220507,关,关,关,30°C,0%,53,0分钟
20211024220509,关,关,关,30°C,0%,50,0分钟
20211024220519,关,关,关,30°C,0%,51,0分钟
20211024220521,关,关,关,30°C,0%,50,0分钟
20211024220523,关,关,关,30°C,0%,43,0分钟
20211024220529,关,关,关,30°C,0%,45,0分钟
20211024220536,关,关,关,30°C,0%,46,0分钟
20211024220538,关,关,关,29°C,0%,46,0分钟
20211024220540,关,关,关,29°C,0%,45,0分钟
20211024220542,关,关,关,29°C,0%,46,0分钟
20211024220544,关,关,关,29°C,0%,45,0分钟
20211024220546,关,关,关,29°C,0%,47,0分钟
20211024220548,关,关,关,29°C,0%,45,0分钟
20211024220550,关,关,关,29°C,0%,46,0分钟
20211024220552,关,关,关,29°C,0%,51,0分钟
20211024221658,关,关,关,29°C,0%,0,0分钟
20211024221924,关,关,关,29°C,0%,0,0分钟
20211024221926,关,关,关,29°C,0%,46,0分钟
20211024221928,关,关,关,29°C,0%,48,0分钟
20211024221930,关,关,关,29°C,0%,50,0分钟
20211024221932,关,关,关,29°C,0%,51,0分钟
20211024221934,关,关,关,29°C,0%,42,0分钟
20211024221936,关,关,关,29°C,0%,37,0分钟
20211024221942,关,关,关,29°C,0%,38,0分钟
20211024221946,关,关,关,29°C,0%,37,0分钟
20211024222006,关,关,关,29°C,0%,38,0分钟
20211024222023,关,关,关,29°C,0%,40,0分钟
20211024222024,关,关,关,29°C,0%,38,0分钟
20211024222026,关,关,关,29°C,0%,40,0分钟
20211024222030,关,关,关,29°C,0%,38,0分钟
20211024222034,关,关,关,29°C,0%,40,0分钟
20211024222036,关,关,关,29°C,0%,38,0分钟
20211024222038,关,关,关,29°C,0%,40,0分钟
20211024222048,关,关,关,29°C,0%,38,0分钟
20211024222054,关,关,关,29°C,0%,40,0分钟
20211024222058,关,关,关,29°C,0%,38,0分钟
20211024222100,关,关,关,29°C,0%,40,0分钟
20211024222105,关,关,关,29°C,0%,38,0分钟
20211024222109,关,关,关,29°C,0%,40,0分钟
20211024222115,关,关,关,29°C,0%,38,0分钟
20211024222117,关,关,关,29°C,0%,40,0分钟
20211024222121,关,关,关,28°C,0%,40,0分钟
20211024222125,关,关,关,28°C,0%,38,0分钟
20211024222137,关,关,关,28°C,0%,40,0分钟
20211024222139,关,关,关,28°C,0%,38,0分钟
20211024222141,关,关,关,28°C,0%,40,0分钟
20211024222145,关,关,关,28°C,0%,38,0分钟
20211024222147,关,关,关,28°C,0%,40,0分钟
20211024222149,关,关,关,28°C,0%,38,0分钟
20211024222151,关,关,关,28°C,0%,40,0分钟
20211024222155,关,关,关,28°C,0%,38,0分钟
20211024222157,关,关,关,28°C,0%,40,0分钟
20211024222213,关,关,关,28°C,0%,38,0分钟
20211024224738,关,关,关,28°C,0%,0,0分钟
20211024224740,开,开,关,28°C,0%,0,31分钟
20211025000427,关,关,关,28°C,0%,0,0分钟
20211025000710,关,关,关,28°C,0%,0,0分钟
20211025000716,关,关,关,29°C,0%,0,0分钟
20211025000759,关,关,关,28°C,0%,0,0分钟
20211025000805,关,关,关,29°C,0%,0,0分钟
20211025000853,关,关,关,28°C,0%,0,0分钟
20211025000859,关,关,关,29°C,0%,0,0分钟
20211025001143,关,关,关,28°C,0%,0,0分钟
20211025001155,关,关,关,29°C,0%,0,0分钟
20211025001356,关,关,关,28°C,0%,0,0分钟
20211025001402,关,关,关,29°C,0%,0,0分钟
20211025001445,关,关,关,28°C,0%,0,0分钟
20211025001451,关,关,关,29°C,0%,0,0分钟
20211025001515,关,关,关,28°C,0%,0,0分钟
20211025001521,关,关,关,29°C,0%,0,0分钟
20211025001628,关,关,关,28°C,0%,0,0分钟
20211025001634,关,关,关,29°C,0%,0,0分钟
20211025001646,关,关,关,28°C,0%,0,0分钟
20211025001652,关,关,关,29°C,0%,0,0分钟
20211025001728,关,关,关,28°C,0%,0,0分钟
20211025001734,关,关,关,29°C,0%,0,0分钟
20211025001847,关,关,关,28°C,0%,0,0分钟
20211025001853,关,关,关,29°C,0%,0,0分钟
20211025001859,关,关,关,28°C,0%,0,0分钟
20211025001905,关,关,关,29°C,0%,0,0分钟
20211025001941,关,关,关,28°C,0%,0,0分钟
20211025002006,关,关,关,29°C,0%,0,0分钟
20211025002048,关,关,关,28°C,0%,0,0分钟
20211025002054,关,关,关,29°C,0%,0,0分钟
20211025002106,关,关,关,28°C,0%,0,0分钟
20211025002118,关,关,关,29°C,0%,0,0分钟
20211025002143,关,关,关,28°C,0%,0,0分钟
20211025002149,关,关,关,29°C,0%,0,0分钟
20211025002219,关,关,关,28°C,0%,0,0分钟
20211025002225,关,关,关,29°C,0%,0,0分钟
20211025002243,关,关,关,28°C,0%,0,0分钟
20211025002249,关,关,关,29°C,0%,0,0分钟
20211025002255,关,关,关,28°C,0%,0,0分钟
20211025002307,关,关,关,29°C,0%,0,0分钟
20211025002325,关,关,关,28°C,0%,0,0分钟
20211025002331,关,关,关,29°C,0%,0,0分钟
20211025002350,关,关,关,28°C,0%,0,0分钟
20211025002438,关,关,关,29°C,0%,0,0分钟
20211025002450,关,关,关,28°C,0%,0,0分钟
20211025002456,关,关,关,29°C,0%,0,0分钟
20211025002621,关,关,关,28°C,0%,0,0分钟
20211025002651,关,关,关,29°C,0%,0,0分钟
20211025002703,关,关,关,28°C,0%,0,0分钟
20211025002710,关,关,关,29°C,0%,0,0分钟
20211025002828,关,关,关,28°C,0%,0,0分钟
20211025002834,关,关,关,29°C,0%,0,0分钟
20211025002847,关,关,关,28°C,0%,0,0分钟
20211025002853,关,关,关,29°C,0%,0,0分钟
20211025002917,关,关,关,28°C,0%,0,0分钟
20211025002935,关,关,关,29°C,0%,0,0分钟
20211025002947,关,关,关,28°C,0%,0,0分钟
20211025002953,关,关,关,29°C,0%,0,0分钟
20211025003029,关,关,关,28°C,0%,0,0分钟
20211025003036,关,关,关,29°C,0%,0,0分钟
20211025003042,关,关,关,28°C,0%,0,0分钟
20211025003048,关,关,关,29°C,0%,0,0分钟
20211025003112,关,关,关,28°C,0%,0,0分钟
20211025003200,关,关,关,29°C,0%,0,0分钟
20211025003218,关,关,关,28°C,0%,0,0分钟
20211025003225,关,关,关,29°C,0%,0,0分钟
20211025003231,关,关,关,28°C,0%,0,0分钟
20211025003243,关,关,关,29°C,0%,0,0分钟
20211025003249,关,关,关,28°C,0%,0,0分钟
20211025003255,关,关,关,29°C,0%,0,0分钟
20211025003307,关,关,关,28°C,0%,0,0分钟
20211025003331,关,关,关,29°C,0%,0,0分钟
20211025003355,关,关,关,28°C,0%,0,0分钟
20211025003426,关,关,关,29°C,0%,0,0分钟
20211025003456,关,关,关,28°C,0%,0,0分钟
20211025003526,关,关,关,29°C,0%,0,0分钟
20211025003538,关,关,关,28°C,0%,0,0分钟
20211025003633,关,关,关,29°C,0%,0,0分钟
20211025003715,关,关,关,28°C,0%,0,0分钟
20211025003739,关,关,关,29°C,0%,0,0分钟
20211025003752,关,关,关,28°C,0%,0,0分钟
20211025003758,关,关,关,29°C,0%,0,0分钟
20211025003804,关,关,关,28°C,0%,0,0分钟
20211025003834,关,关,关,29°C,0%,0,0分钟
20211025003852,关,关,关,28°C,0%,0,0分钟
20211025003916,关,关,关,29°C,0%,0,0分钟
20211025003941,关,关,关,28°C,0%,0,0分钟
20211025004023,关,关,关,29°C,0%,0,0分钟
20211025004035,关,关,关,29°C,0%,0,0分钟
20211025004059,关,关,关,28°C,0%,0,0分钟
20211025004124,关,关,关,29°C,0%,0,0分钟
20211025004148,关,关,关,28°C,0%,0,0分钟
20211025004154,关,关,关,29°C,0%,0,0分钟
20211025004200,关,关,关,28°C,0%,0,0分钟
20211025004206,关,关,关,29°C,0%,0,0分钟
20211025004213,关,关,关,28°C,0%,0,0分钟
20211025004218,关,关,关,29°C,0%,0,0分钟
20211025004242,关,关,关,28°C,0%,0,0分钟
20211025004254,关,关,关,29°C,0%,0,0分钟
20211025004349,关,关,关,28°C,0%,0,0分钟
20211025004401,关,关,关,29°C,0%,0,0分钟
20211025004413,关,关,关,28°C,0%,0,0分钟
20211025004419,关,关,关,29°C,0%,0,0分钟
20211025004452,关,关,关,28°C,0%,0,0分钟
20211025004540,关,关,关,28°C,0%,0,0分钟
20211025004546,关,关,关,29°C,0%,0,0分钟
20211025004558,关,关,关,28°C,0%,0,0分钟
20211025004604,关,关,关,29°C,0%,0,0分钟
20211025004634,关,关,关,28°C,0%,0,0分钟
20211025004659,关,关,关,29°C,0%,0,0分钟
20211025004823,关,关,关,28°C,0%,0,0分钟
20211025004830,关,关,关,29°C,0%,0,0分钟
20211025004836,关,关,关,28°C,0%,0,0分钟
20211025004900,关,关,关,29°C,0%,0,0分钟
20211025004906,关,关,关,28°C,0%,0,0分钟
20211025004916,关,关,关,29°C,0%,0,0分钟
20211025004918,关,关,关,28°C,0%,0,0分钟
20211025004924,关,关,关,29°C,0%,0,0分钟
20211025005012,关,关,关,28°C,0%,0,0分钟
20211025005037,关,关,关,29°C,0%,0,0分钟
20211025005049,关,关,关,28°C,0%,0,0分钟
20211025005125,关,关,关,29°C,0%,0,0分钟
20211025005131,关,关,关,28°C,0%,0,0分钟
20211025005137,关,关,关,29°C,0%,0,0分钟
20211025005149,关,关,关,28°C,0%,0,0分钟
20211025005155,关,关,关,29°C,0%,0,0分钟
20211025005302,关,关,关,28°C,0%,0,0分钟
20211025005308,关,关,关,29°C,0%,0,0分钟
20211025005533,关,关,关,28°C,0%,0,0分钟
20211025005552,关,关,关,29°C,0%,0,0分钟
20211025005640,关,关,关,28°C,0%,0,0分钟
20211025005658,关,关,关,29°C,0%,0,0分钟
20211025005716,关,关,关,28°C,0%,0,0分钟
20211025005722,关,关,关,29°C,0%,0,0分钟
20211025005853,关,关,关,28°C,0%,0,0分钟
20211025005936,关,关,关,29°C,0%,0,0分钟
20211025005954,关,关,关,28°C,0%,0,0分钟
20211025010018,关,关,关,29°C,0%,0,0分钟
20211025010030,关,关,关,28°C,0%,0,0分钟
20211025010055,关,关,关,29°C,0%,0,0分钟
20211025010113,关,关,关,28°C,0%,0,0分钟
20211025010143,关,关,关,29°C,0%,0,0分钟
20211025010155,关,关,关,28°C,0%,0,0分钟
20211025010201,关,关,关,29°C,0%,0,0分钟
20211025010213,关,关,关,28°C,0%,0,0分钟
20211025010219,关,关,关,29°C,0%,0,0分钟
20211025010225,关,关,关,28°C,0%,0,0分钟
20211025010344,关,关,关,29°C,0%,0,0分钟
20211025010402,关,关,关,29°C,0%,0,0分钟
20211025010439,关,关,关,28°C,0%,0,0分钟
20211025010451,关,关,关,29°C,0%,0,0分钟
20211025010503,关,关,关,28°C,0%,0,0分钟
20211025010509,关,关,关,29°C,0%,0,0分钟
20211025010527,关,关,关,28°C,0%,0,0分钟
20211025010543,关,关,关,29°C,0%,0,0分钟
20211025010551,关,关,关,28°C,0%,0,0分钟
20211025010557,关,关,关,29°C,0%,0,0分钟
20211025010616,关,关,关,28°C,0%,0,0分钟
20211025010622,关,关,关,29°C,0%,0,0分钟
20211025010634,关,关,关,28°C,0%,0,0分钟
20211025010640,关,关,关,29°C,0%,0,0分钟
20211025010646,关,关,关,28°C,0%,0,0分钟
20211025010652,关,关,关,29°C,0%,0,0分钟
20211025010658,关,关,关,28°C,0%,0,0分钟
20211025010704,关,关,关,29°C,0%,0,0分钟
20211025010722,关,关,关,28°C,0%,0,0分钟
20211025010752,关,关,关,29°C,0%,0,0分钟
20211025010805,关,关,关,28°C,0%,0,0分钟
20211025010811,关,关,关,29°C,0%,0,0分钟
20211025010829,关,关,关,28°C,0%,0,0分钟
20211025010835,关,关,关,29°C,0%,0,0分钟
20211025010941,关,关,关,28°C,0%,0,0分钟
20211025010948,关,关,关,29°C,0%,0,0分钟
20211025011006,关,关,关,28°C,0%,0,0分钟
20211025011012,关,关,关,29°C,0%,0,0分钟
20211025011207,关,关,关,28°C,0%,0,0分钟
20211025011249,关,关,关,29°C,0%,0,0分钟
20211025011332,关,关,关,28°C,0%,0,0分钟
20211025011402,关,关,关,29°C,0%,0,0分钟
20211025011408,关,关,关,28°C,0%,0,0分钟
20211025011438,关,关,关,29°C,0%,0,0分钟
20211025011444,关,关,关,28°C,0%,0,0分钟
20211025011508,关,关,关,29°C,0%,0,0分钟
20211025011515,关,关,关,28°C,0%,0,0分钟
20211025011527,关,关,关,29°C,0%,0,0分钟
20211025011539,关,关,关,28°C,0%,0,0分钟
20211025011603,关,关,关,29°C,0%,0,0分钟
20211025011615,关,关,关,28°C,0%,0,0分钟
20211025011639,关,关,关,29°C,0%,0,0分钟
20211025011645,关,关,关,28°C,0%,0,0分钟
20211025011710,关,关,关,29°C,0%,0,0分钟
20211025011728,关,关,关,28°C,0%,0,0分钟
20211025011804,关,关,关,29°C,0%,0,0分钟
20211025011816,关,关,关,28°C,0%,0,0分钟
20211025011840,关,关,关,29°C,0%,0,0分钟
20211025011847,关,关,关,28°C,0%,0,0分钟
20211025011917,关,关,关,29°C,0%,0,0分钟
20211025011923,关,关,关,28°C,0%,0,0分钟
20211025011935,关,关,关,29°C,0%,0,0分钟
20211025011949,关,关,关,28°C,0%,0,0分钟
20211025011953,关,关,关,29°C,0%,0,0分钟
20211025011959,关,关,关,28°C,0%,0,0分钟
20211025012011,关,关,关,29°C,0%,0,0分钟
20211025012054,关,关,关,28°C,0%,0,0分钟
20211025012100,关,关,关,29°C,0%,0,0分钟
20211025012124,关,关,关,28°C,0%,0,0分钟
20211025012130,关,关,关,29°C,0%,0,0分钟
20211025012210,关,关,关,28°C,0%,0,0分钟
20211025012212,关,关,关,29°C,0%,0,0分钟
20211025012231,关,关,关,28°C,0%,0,0分钟
20211025012237,关,关,关,29°C,0%,0,0分钟
20211025012243,关,关,关,28°C,0%,0,0分钟
20211025012349,关,关,关,29°C,0%,0,0分钟
20211025012401,关,关,关,28°C,0%,0,0分钟
20211025012408,关,关,关,29°C,0%,0,0分钟
20211025012426,关,关,关,28°C,0%,0,0分钟
20211025012502,关,关,关,29°C,0%,0,0分钟
20211025012508,关,关,关,28°C,0%,0,0分钟
20211025012520,关,关,关,29°C,0%,0,0分钟
20211025012526,关,关,关,28°C,0%,0,0分钟
20211025012609,关,关,关,29°C,0%,0,0分钟
20211025012639,关,关,关,28°C,0%,0,0分钟
20211025012645,关,关,关,29°C,0%,0,0分钟
20211025012752,关,关,关,28°C,0%,0,0分钟
20211025012822,关,关,关,28°C,0%,0,0分钟
20211025012828,关,关,关,29°C,0%,0,0分钟
20211025012834,关,关,关,28°C,0%,0,0分钟
20211025012913,关,关,关,29°C,0%,0,0分钟
20211025012959,关,关,关,28°C,0%,0,0分钟
20211025013005,关,关,关,29°C,0%,0,0分钟
20211025013047,关,关,关,28°C,0%,0,0分钟
20211025013053,关,关,关,29°C,0%,0,0分钟
20211025013112,关,关,关,28°C,0%,0,0分钟
20211025013118,关,关,关,29°C,0%,0,0分钟
20211025013134,关,关,关,28°C,0%,0,0分钟
20211025013142,关,关,关,29°C,0%,0,0分钟
20211025013154,关,关,关,28°C,0%,0,0分钟
20211025013200,关,关,关,29°C,0%,0,0分钟
20211025013224,关,关,关,28°C,0%,0,0分钟
20211025013230,关,关,关,29°C,0%,0,0分钟
20211025013337,关,关,关,28°C,0%,0,0分钟
20211025013343,关,关,关,29°C,0%,0,0分钟
20211025013349,关,关,关,28°C,0%,0,0分钟
20211025013355,关,关,关,29°C,0%,0,0分钟
20211025013401,关,关,关,28°C,0%,0,0分钟
20211025013407,关,关,关,29°C,0%,0,0分钟
20211025013425,关,关,关,28°C,0%,0,0分钟
20211025013431,关,关,关,29°C,0%,0,0分钟
20211025013437,关,关,关,28°C,0%,0,0分钟
20211025013456,关,关,关,29°C,0%,0,0分钟
20211025013508,关,关,关,28°C,0%,0,0分钟
20211025013556,关,关,关,29°C,0%,0,0分钟
20211025013651,关,关,关,28°C,0%,0,0分钟
20211025013657,关,关,关,29°C,0%,0,0分钟
20211025013721,关,关,关,28°C,0%,0,0分钟
20211025013809,关,关,关,29°C,0%,0,0分钟
20211025013821,关,关,关,28°C,0%,0,0分钟
20211025013828,关,关,关,29°C,0%,0,0分钟
20211025013837,关,关,关,28°C,0%,0,0分钟
20211025013910,关,关,关,29°C,0%,0,0分钟
20211025013916,关,关,关,28°C,0%,0,0分钟
20211025013928,关,关,关,29°C,0%,0,0分钟
20211025013934,关,关,关,28°C,0%,0,0分钟
20211025014004,关,关,关,29°C,0%,0,0分钟
20211025014017,关,关,关,28°C,0%,0,0分钟
20211025014105,关,关,关,29°C,0%,0,0分钟
20211025014117,关,关,关,28°C,0%,0,0分钟
20211025014123,关,关,关,29°C,0%,0,0分钟
20211025014135,关,关,关,28°C,0%,0,0分钟
20211025014141,关,关,关,29°C,0%,0,0分钟
20211025014153,关,关,关,28°C,0%,0,0分钟
20211025014206,关,关,关,29°C,0%,0,0分钟
20211025014218,关,关,关,28°C,0%,0,0分钟
20211025014230,关,关,关,29°C,0%,0,0分钟
20211025014236,关,关,关,28°C,0%,0,0分钟
20211025014324,关,关,关,29°C,0%,0,0分钟
20211025014330,关,关,关,28°C,0%,0,0分钟
20211025014336,关,关,关,29°C,0%,0,0分钟
20211025014343,关,关,关,28°C,0%,0,0分钟
20211025014455,关,关,关,29°C,0%,0,0分钟
20211025014507,关,关,关,28°C,0%,0,0分钟
20211025014513,关,关,关,29°C,0%,0,0分钟
20211025014532,关,关,关,28°C,0%,0,0分钟
20211025014540,关,关,关,29°C,0%,0,0分钟
20211025014544,关,关,关,28°C,0%,0,0分钟
20211025014632,关,关,关,29°C,0%,0,0分钟
20211025014702,关,关,关,28°C,0%,0,0分钟
20211025014733,关,关,关,29°C,0%,0,0分钟
20211025014739,关,关,关,28°C,0%,0,0分钟
20211025014745,关,关,关,29°C,0%,0,0分钟
20211025014801,关,关,关,28°C,0%,0,0分钟
20211025014815,关,关,关,29°C,0%,0,0分钟
20211025014821,关,关,关,28°C,0%,0,0分钟
20211025014845,关,关,关,29°C,0%,0,0分钟
20211025014851,关,关,关,28°C,0%,0,0分钟
20211025014910,关,关,关,29°C,0%,0,0分钟
20211025014922,关,关,关,28°C,0%,0,0分钟
20211025014958,关,关,关,29°C,0%,0,0分钟
20211025015004,关,关,关,28°C,0%,0,0分钟
20211025015010,关,关,关,29°C,0%,0,0分钟
20211025015016,关,关,关,28°C,0%,0,0分钟
20211025015111,关,关,关,29°C,0%,0,0分钟
20211025015123,关,关,关,28°C,0%,0,0分钟
20211025015129,关,关,关,29°C,0%,0,0分钟
20211025015135,关,关,关,28°C,0%,0,0分钟
20211025015211,关,关,关,29°C,0%,0,0分钟
20211025015300,关,关,关,28°C,0%,0,0分钟
20211025015306,关,关,关,29°C,0%,0,0分钟
20211025015312,关,关,关,28°C,0%,0,0分钟
20211025015342,关,关,关,29°C,0%,0,0分钟
20211025015348,关,关,关,28°C,0%,0,0分钟
20211025015354,关,关,关,29°C,0%,0,0分钟
20211025015437,关,关,关,28°C,0%,0,0分钟
20211025015443,关,关,关,29°C,0%,0,0分钟
20211025015449,关,关,关,28°C,0%,0,0分钟
20211025015509,关,关,关,29°C,0%,0,0分钟
20211025015515,关,关,关,29°C,0%,0,0分钟
20211025015533,关,关,关,28°C,0%,0,0分钟
20211025015539,关,关,关,29°C,0%,0,0分钟
20211025015545,关,关,关,28°C,0%,0,0分钟
20211025015551,关,关,关,29°C,0%,0,0分钟
20211025015557,关,关,关,28°C,0%,0,0分钟
20211025015616,关,关,关,29°C,0%,0,0分钟
20211025015628,关,关,关,28°C,0%,0,0分钟
20211025015634,关,关,关,29°C,0%,0,0分钟
20211025015640,关,关,关,28°C,0%,0,0分钟
20211025015652,关,关,关,29°C,0%,0,0分钟
20211025015658,关,关,关,28°C,0%,0,0分钟
20211025015704,关,关,关,29°C,0%,0,0分钟
20211025015716,关,关,关,28°C,0%,0,0分钟
20211025015734,关,关,关,29°C,0%,0,0分钟
20211025015811,关,关,关,28°C,0%,0,0分钟
20211025015817,关,关,关,29°C,0%,0,0分钟
20211025015835,关,关,关,28°C,0%,0,0分钟
20211025015841,关,关,关,29°C,0%,0,0分钟
20211025015853,关,关,关,28°C,0%,0,0分钟
20211025015859,关,关,关,29°C,0%,0,0分钟
20211025015954,关,关,关,28°C,0%,0,0分钟
20211025020000,关,关,关,29°C,0%,0,0分钟
20211025020012,关,关,关,28°C,0%,0,0分钟
20211025020018,关,关,关,29°C,0%,0,0分钟
20211025020030,关,关,关,28°C,0%,0,0分钟
20211025020036,关,关,关,29°C,0%,0,0分钟
20211025020048,关,关,关,28°C,0%,0,0分钟
20211025020054,关,关,关,29°C,0%,0,0分钟
20211025020118,关,关,关,28°C,0%,0,0分钟
20211025020125,关,关,关,29°C,0%,0,0分钟
20211025020155,关,关,关,28°C,0%,0,0分钟
20211025020201,关,关,关,29°C,0%,0,0分钟
20211025020219,关,关,关,28°C,0%,0,0分钟
20211025020215,关,关,关,29°C,0%,0,0分钟
20211025020249,关,关,关,28°C,0%,0,0分钟
20211025020255,关,关,关,29°C,0%,0,0分钟
20211025020301,关,关,关,28°C,0%,0,0分钟
20211025020307,关,关,关,29°C,0%,0,0分钟
20211025020320,关,关,关,28°C,0%,0,0分钟
20211025020338,关,关,关,29°C,0%,0,0分钟
20211025020344,关,关,关,28°C,0%,0,0分钟
20211025020350,关,关,关,29°C,0%,0,0分钟
20211025020356,关,关,关,28°C,0%,0,0分钟
20211025020408,关,关,关,29°C,0%,0,0分钟
20211025020420,关,关,关,28°C,0%,0,0分钟
20211025020427,关,关,关,29°C,0%,0,0分钟
20211025020503,关,关,关,28°C,0%,0,0分钟
20211025020509,关,关,关,29°C,0%,0,0分钟
20211025020521,关,关,关,28°C,0%,0,0分钟
20211025020527,关,关,关,29°C,0%,0,0分钟
20211025020545,关,关,关,28°C,0%,0,0分钟
20211025020551,关,关,关,29°C,0%,0,0分钟
20211025020609,关,关,关,28°C,0%,0,0分钟
20211025020615,关,关,关,29°C,0%,0,0分钟
20211025020621,关,关,关,28°C,0%,0,0分钟
20211025020633,关,关,关,29°C,0%,0,0分钟
20211025020639,关,关,关,28°C,0%,0,0分钟
20211025020652,关,关,关,29°C,0%,0,0分钟
20211025020710,关,关,关,28°C,0%,0,0分钟
20211025020746,关,关,关,29°C,0%,0,0分钟
20211025020752,关,关,关,28°C,0%,0,0分钟
20211025020804,关,关,关,29°C,0%,0,0分钟
20211025020828,关,关,关,28°C,0%,0,0分钟
20211025020834,关,关,关,29°C,0%,0,0分钟
20211025020841,关,关,关,28°C,0%,0,0分钟
20211025020847,关,关,关,29°C,0%,0,0分钟
20211025020853,关,关,关,28°C,0%,0,0分钟
20211025020859,关,关,关,29°C,0%,0,0分钟
20211025020953,关,关,关,28°C,0%,0,0分钟
20211025021030,关,关,关,29°C,0%,0,0分钟
20211025021042,关,关,关,28°C,0%,0,0分钟
20211025021054,关,关,关,29°C,0%,0,0分钟
20211025021100,关,关,关,28°C,0%,0,0分钟
20211025021154,关,关,关,29°C,0%,0,0分钟
20211025021206,关,关,关,28°C,0%,0,0分钟
20211025021307,关,关,关,29°C,0%,0,0分钟
20211025021337,关,关,关,28°C,0%,0,0分钟
20211025021551,关,关,关,29°C,0%,0,0分钟
20211025021603,关,关,关,28°C,0%,0,0分钟
20211025021615,关,关,关,29°C,0%,0,0分钟
20211025021621,关,关,关,28°C,0%,0,0分钟
20211025021627,关,关,关,29°C,0%,0,0分钟
20211025021639,关,关,关,28°C,0%,0,0分钟
20211025021645,关,关,关,29°C,0%,0,0分钟
20211025021651,关,关,关,28°C,0%,0,0分钟
20211025021657,关,关,关,29°C,0%,0,0分钟
20211025021721,关,关,关,28°C,0%,0,0分钟
20211025021728,关,关,关,29°C,0%,0,0分钟
20211025021734,关,关,关,28°C,0%,0,0分钟
20211025021740,关,关,关,29°C,0%,0,0分钟
20211025021804,关,关,关,28°C,0%,0,0分钟
20211025021810,关,关,关,29°C,0%,0,0分钟
20211025021840,关,关,关,28°C,0%,0,0分钟
20211025021846,关,关,关,29°C,0%,0,0分钟
20211025021852,关,关,关,28°C,0%,0,0分钟
20211025021858,关,关,关,29°C,0%,0,0分钟
20211025021910,关,关,关,28°C,0%,0,0分钟
20211025021916,关,关,关,29°C,0%,0,0分钟
20211025022005,关,关,关,28°C,0%,0,0分钟
20211025022011,关,关,关,29°C,0%,0,0分钟
20211025022017,关,关,关,28°C,0%,0,0分钟
20211025022023,关,关,关,29°C,0%,0,0分钟
20211025022029,关,关,关,28°C,0%,0,0分钟
20211025022047,关,关,关,29°C,0%,0,0分钟
20211025022118,关,关,关,28°C,0%,0,0分钟
20211025022124,关,关,关,29°C,0%,0,0分钟
20211025022130,关,关,关,28°C,0%,0,0分钟
20211025022148,关,关,关,29°C,0%,0,0分钟
20211025022154,关,关,关,28°C,0%,0,0分钟
20211025022200,关,关,关,29°C,0%,0,0分钟
20211025022206,关,关,关,28°C,0%,0,0分钟
20211025022212,关,关,关,29°C,0%,0,0分钟
20211025022218,关,关,关,28°C,0%,0,0分钟
20211025022230,关,关,关,29°C,0%,0,0分钟
20211025022242,关,关,关,28°C,0%,0,0分钟
20211025022301,关,关,关,29°C,0%,0,0分钟
20211025022316,关,关,关,28°C,0%,0,0分钟
20211025022319,关,关,关,29°C,0%,0,0分钟
20211025022331,关,关,关,28°C,0%,0,0分钟
20211025022431,关,关,关,29°C,0%,0,0分钟
20211025022437,关,关,关,28°C,0%,0,0分钟
20211025022444,关,关,关,29°C,0%,0,0分钟
20211025022508,关,关,关,28°C,0%,0,0分钟
20211025022639,关,关,关,29°C,0%,0,0分钟
20211025022645,关,关,关,28°C,0%,0,0分钟
20211025022651,关,关,关,29°C,0%,0,0分钟
20211025022657,关,关,关,28°C,0%,0,0分钟
20211025022703,关,关,关,29°C,0%,0,0分钟
20211025022715,关,关,关,28°C,0%,0,0分钟
20211025022721,关,关,关,29°C,0%,0,0分钟
20211025022727,关,关,关,28°C,0%,0,0分钟
20211025022733,关,关,关,29°C,0%,0,0分钟
20211025022739,关,关,关,28°C,0%,0,0分钟
20211025022803,关,关,关,29°C,0%,0,0分钟
20211025022816,关,关,关,28°C,0%,0,0分钟
20211025022828,关,关,关,29°C,0%,0,0分钟
20211025022910,关,关,关,28°C,0%,0,0分钟
20211025022916,关,关,关,29°C,0%,0,0分钟
20211025022922,关,关,关,28°C,0%,0,0分钟
20211025022928,关,关,关,29°C,0%,0,0分钟
20211025022934,关,关,关,28°C,0%,0,0分钟
20211025022946,关,关,关,29°C,0%,0,0分钟
20211025022959,关,关,关,28°C,0%,0,0分钟
20211025023011,关,关,关,29°C,0%,0,0分钟
20211025023029,关,关,关,28°C,0%,0,0分钟
20211025023035,关,关,关,29°C,0%,0,0分钟
20211025023129,关,关,关,28°C,0%,0,0分钟
20211025023148,关,关,关,29°C,0%,0,0分钟
20211025023206,关,关,关,28°C,0%,0,0分钟
20211025023218,关,关,关,29°C,0%,0,0分钟
20211025023224,关,关,关,28°C,0%,0,0分钟
20211025023242,关,关,关,29°C,0%,0,0分钟
20211025023254,关,关,关,28°C,0%,0,0分钟
20211025023300,关,关,关,29°C,0%,0,0分钟
20211025023306,关,关,关,28°C,0%,0,0分钟
20211025023312,关,关,关,29°C,0%,0,0分钟
20211025023330,关,关,关,28°C,0%,0,0分钟
20211025023349,关,关,关,29°C,0%,0,0分钟
20211025023431,关,关,关,28°C,0%,0,0分钟
20211025023437,关,关,关,29°C,0%,0,0分钟
20211025023443,关,关,关,28°C,0%,0,0分钟
20211025023614,关,关,关,29°C,0%,0,0分钟
20211025023620,关,关,关,28°C,0%,0,0分钟
20211025023632,关,关,关,29°C,0%,0,0分钟
20211025023638,关,关,关,28°C,0%,0,0分钟
20211025023702,关,关,关,29°C,0%,0,0分钟
20211025023708,关,关,关,28°C,0%,0,0分钟
20211025023721,关,关,关,29°C,0%,0,0分钟
20211025023727,关,关,关,28°C,0%,0,0分钟
20211025023733,关,关,关,29°C,0%,0,0分钟
20211025023739,关,关,关,28°C,0%,0,0分钟
20211025023745,关,关,关,29°C,0%,0,0分钟
20211025023803,关,关,关,28°C,0%,0,0分钟
20211025023839,关,关,关,29°C,0%,0,0分钟
20211025023851,关,关,关,28°C,0%,0,0分钟
20211025023910,关,关,关,29°C,0%,0,0分钟
20211025023916,关,关,关,28°C,0%,0,0分钟
20211025023928,关,关,关,29°C,0%,0,0分钟
20211025023934,关,关,关,28°C,0%,0,0分钟
20211025023952,关,关,关,29°C,0%,0,0分钟
20211025024004,关,关,关,28°C,0%,0,0分钟
20211025024028,关,关,关,29°C,0%,0,0分钟
20211025024046,关,关,关,28°C,0%,0,0分钟
20211025024052,关,关,关,29°C,0%,0,0分钟
20211025024147,关,关,关,28°C,0%,0,0分钟
20211025024217,关,关,关,29°C,0%,0,0分钟
20211025024223,关,关,关,28°C,0%,0,0分钟
20211025024229,关,关,关,29°C,0%,0,0分钟
20211025024248,关,关,关,28°C,0%,0,0分钟
20211025024300,关,关,关,29°C,0%,0,0分钟
20211025024306,关,关,关,28°C,0%,0,0分钟
20211025024312,关,关,关,29°C,0%,0,0分钟
20211025024318,关,关,关,28°C,0%,0,0分钟
20211025024348,关,关,关,29°C,0%,0,0分钟
20211025024354,关,关,关,28°C,0%,0,0分钟
20211025024406,关,关,关,29°C,0%,0,0分钟
20211025024412,关,关,关,28°C,0%,0,0分钟
20211025024431,关,关,关,29°C,0%,0,0分钟
20211025024443,关,关,关,28°C,0%,0,0分钟
20211025024449,关,关,关,29°C,0%,0,0分钟
20211025024455,关,关,关,28°C,0%,0,0分钟
20211025024501,关,关,关,29°C,0%,0,0分钟
20211025024507,关,关,关,28°C,0%,0,0分钟
20211025024513,关,关,关,29°C,0%,0,0分钟
20211025024537,关,关,关,28°C,0%,0,0分钟
20211025024549,关,关,关,29°C,0%,0,0分钟
20211025024555,关,关,关,28°C,0%,0,0分钟
20211025024601,关,关,关,29°C,0%,0,0分钟
20211025024608,关,关,关,28°C,0%,0,0分钟
20211025024632,关,关,关,29°C,0%,0,0分钟
20211025024638,关,关,关,28°C,0%,0,0分钟
20211025024645,关,关,关,29°C,0%,0,0分钟
20211025024650,关,关,关,28°C,0%,0,0分钟
20211025024656,关,关,关,29°C,0%,0,0分钟
20211025024708,关,关,关,28°C,0%,0,0分钟
20211025024714,关,关,关,29°C,0%,0,0分钟
20211025024726,关,关,关,28°C,0%,0,0分钟
20211025024738,关,关,关,29°C,0%,0,0分钟
20211025024744,关,关,关,28°C,0%,0,0分钟
20211025024839,关,关,关,29°C,0%,0,0分钟
20211025024845,关,关,关,28°C,0%,0,0分钟
20211025024857,关,关,关,29°C,0%,0,0分钟
20211025024909,关,关,关,28°C,0%,0,0分钟
20211025024915,关,关,关,29°C,0%,0,0分钟
20211025024933,关,关,关,28°C,0%,0,0分钟
20211025024946,关,关,关,29°C,0%,0,0分钟
20211025025004,关,关,关,28°C,0%,0,0分钟
20211025025104,关,关,关,29°C,0%,0,0分钟
20211025025110,关,关,关,28°C,0%,0,0分钟
20211025025122,关,关,关,29°C,0%,0,0分钟
20211025025147,关,关,关,28°C,0%,0,0分钟
20211025025153,关,关,关,28°C,0%,0,0分钟
20211025025159,关,关,关,29°C,0%,0,0分钟
20211025025217,关,关,关,28°C,0%,0,0分钟
20211025025223,关,关,关,29°C,0%,0,0分钟
20211025025229,关,关,关,28°C,0%,0,0分钟
20211025025235,关,关,关,29°C,0%,0,0分钟
20211025025247,关,关,关,28°C,0%,0,0分钟
20211025025253,关,关,关,29°C,0%,0,0分钟
20211025025336,关,关,关,28°C,0%,0,0分钟
20211025025342,关,关,关,29°C,0%,0,0分钟
20211025025348,关,关,关,28°C,0%,0,0分钟
20211025025354,关,关,关,29°C,0%,0,0分钟
20211025025406,关,关,关,28°C,0%,0,0分钟
20211025025412,关,关,关,29°C,0%,0,0分钟
20211025025442,关,关,关,28°C,0%,0,0分钟
20211025025448,关,关,关,29°C,0%,0,0分钟
20211025025501,关,关,关,28°C,0%,0,0分钟
20211025025513,关,关,关,29°C,0%,0,0分钟
20211025025531,关,关,关,28°C,0%,0,0分钟
20211025025537,关,关,关,29°C,0%,0,0分钟
20211025025650,关,关,关,28°C,0%,0,0分钟
20211025025702,关,关,关,29°C,0%,0,0分钟
20211025025720,关,关,关,28°C,0%,0,0分钟
20211025025726,关,关,关,29°C,0%,0,0分钟
20211025025732,关,关,关,28°C,0%,0,0分钟
20211025025738,关,关,关,29°C,0%,0,0分钟
20211025025750,关,关,关,28°C,0%,0,0分钟
20211025025756,关,关,关,29°C,0%,0,0分钟
20211025025903,关,关,关,28°C,0%,0,0分钟
20211025025909,关,关,关,29°C,0%,0,0分钟
20211025030028,关,关,关,28°C,0%,0,0分钟
20211025030034,关,关,关,29°C,0%,0,0分钟
20211025030052,关,关,关,28°C,0%,0,0分钟
20211025030104,关,关,关,29°C,0%,0,0分钟
20211025030110,关,关,关,28°C,0%,0,0分钟
20211025030128,关,关,关,29°C,0%,0,0分钟
20211025030146,关,关,关,28°C,0%,0,0分钟
20211025030152,关,关,关,29°C,0%,0,0分钟
20211025030211,关,关,关,28°C,0%,0,0分钟
20211025030229,关,关,关,29°C,0%,0,0分钟
20211025030235,关,关,关,28°C,0%,0,0分钟
20211025030247,关,关,关,29°C,0%,0,0分钟
20211025030257,关,关,关,28°C,0%,0,0分钟
20211025030305,关,关,关,29°C,0%,0,0分钟
20211025030312,关,关,关,28°C,0%,0,0分钟
20211025030406,关,关,关,29°C,0%,0,0分钟
20211025030430,关,关,关,28°C,0%,0,0分钟
20211025030442,关,关,关,29°C,0%,0,0分钟
20211025030454,关,关,关,28°C,0%,0,0分钟
20211025030500,关,关,关,29°C,0%,0,0分钟
20211025030506,关,关,关,28°C,0%,0,0分钟
20211025030512,关,关,关,29°C,0%,0,0分钟
20211025030534,关,关,关,28°C,0%,0,0分钟
20211025030555,关,关,关,29°C,0%,0,0分钟
20211025030601,关,关,关,28°C,0%,0,0分钟
20211025030607,关,关,关,29°C,0%,0,0分钟
20211025030613,关,关,关,28°C,0%,0,0分钟
20211025030619,关,关,关,29°C,0%,0,0分钟
20211025030637,关,关,关,28°C,0%,0,0分钟
20211025030643,关,关,关,29°C,0%,0,0分钟
20211025030649,关,关,关,28°C,0%,0,0分钟
20211025030655,关,关,关,29°C,0%,0,0分钟
20211025030701,关,关,关,28°C,0%,0,0分钟
20211025030707,关,关,关,29°C,0%,0,0分钟
20211025030713,关,关,关,28°C,0%,0,0分钟
20211025030732,关,关,关,29°C,0%,0,0分钟
20211025030744,关,关,关,28°C,0%,0,0分钟
20211025030750,关,关,关,29°C,0%,0,0分钟
20211025030756,关,关,关,28°C,0%,0,0分钟
20211025030808,关,关,关,29°C,0%,0,0分钟
20211025030820,关,关,关,28°C,0%,0,0分钟
20211025030832,关,关,关,29°C,0%,0,0分钟
20211025030844,关,关,关,28°C,0%,0,0分钟
20211025030850,关,关,关,29°C,0%,0,0分钟
20211025030856,关,关,关,28°C,0%,0,0分钟
20211025030902,关,关,关,29°C,0%,0,0分钟
20211025030915,关,关,关,28°C,0%,0,0分钟
20211025030921,关,关,关,29°C,0%,0,0分钟
20211025030927,关,关,关,28°C,0%,0,0分钟
20211025030933,关,关,关,29°C,0%,0,0分钟
20211025030945,关,关,关,28°C,0%,0,0分钟
20211025030951,关,关,关,29°C,0%,0,0分钟
20211025030957,关,关,关,28°C,0%,0,0分钟
20211025031003,关,关,关,29°C,0%,0,0分钟
20211025031009,关,关,关,28°C,0%,0,0分钟
20211025031021,关,关,关,29°C,0%,0,0分钟
20211025031033,关,关,关,28°C,0%,0,0分钟
20211025031104,关,关,关,29°C,0%,0,0分钟
20211025031128,关,关,关,28°C,0%,0,0分钟
20211025031146,关,关,关,29°C,0%,0,0分钟
20211025031152,关,关,关,28°C,0%,0,0分钟
20211025031247,关,关,关,29°C,0%,0,0分钟
20211025031259,关,关,关,28°C,0%,0,0分钟
20211025031305,关,关,关,29°C,0%,0,0分钟
20211025031311,关,关,关,28°C,0%,0,0分钟
20211025031323,关,关,关,29°C,0%,0,0分钟
20211025031335,关,关,关,28°C,0%,0,0分钟
20211025031347,关,关,关,29°C,0%,0,0分钟
20211025031359,关,关,关,28°C,0%,0,0分钟
20211025031411,关,关,关,29°C,0%,0,0分钟
20211025031423,关,关,关,28°C,0%,0,0分钟
20211025031429,关,关,关,29°C,0%,0,0分钟
20211025031442,关,关,关,28°C,0%,0,0分钟
20211025031448,关,关,关,29°C,0%,0,0分钟
20211025031506,关,关,关,28°C,0%,0,0分钟
20211025031512,关,关,关,29°C,0%,0,0分钟
20211025031524,关,关,关,28°C,0%,0,0分钟
20211025031530,关,关,关,29°C,0%,0,0分钟
20211025031536,关,关,关,28°C,0%,0,0分钟
20211025031548,关,关,关,29°C,0%,0,0分钟
20211025031554,关,关,关,28°C,0%,0,0分钟
20211025031600,关,关,关,29°C,0%,0,0分钟
20211025031618,关,关,关,28°C,0%,0,0分钟
20211025031631,关,关,关,29°C,0%,0,0分钟
20211025031643,关,关,关,28°C,0%,0,0分钟
20211025031655,关,关,关,29°C,0%,0,0分钟
20211025031719,关,关,关,28°C,0%,0,0分钟
20211025031731,关,关,关,29°C,0%,0,0分钟
20211025031737,关,关,关,28°C,0%,0,0分钟
20211025031755,关,关,关,29°C,0%,0,0分钟
20211025031814,关,关,关,28°C,0%,0,0分钟
20211025031820,关,关,关,29°C,0%,0,0分钟
20211025031838,关,关,关,28°C,0%,0,0分钟
20211025031844,关,关,关,29°C,0%,0,0分钟
20211025031902,关,关,关,28°C,0%,0,0分钟
20211025031914,关,关,关,29°C,0%,0,0分钟
20211025031920,关,关,关,28°C,0%,0,0分钟
20211025031932,关,关,关,29°C,0%,0,0分钟
20211025031939,关,关,关,28°C,0%,0,0分钟
20211025031944,关,关,关,29°C,0%,0,0分钟
20211025031957,关,关,关,28°C,0%,0,0分钟
20211025032003,关,关,关,29°C,0%,0,0分钟
20211025032009,关,关,关,28°C,0%,0,0分钟
20211025032021,关,关,关,29°C,0%,0,0分钟
20211025032033,关,关,关,28°C,0%,0,0分钟
20211025032039,关,关,关,29°C,0%,0,0分钟
20211025032045,关,关,关,28°C,0%,0,0分钟
20211025032051,关,关,关,29°C,0%,0,0分钟
20211025032115,关,关,关,28°C,0%,0,0分钟
20211025032121,关,关,关,29°C,0%,0,0分钟
20211025032134,关,关,关,28°C,0%,0,0分钟
20211025032140,关,关,关,29°C,0%,0,0分钟
20211025032152,关,关,关,28°C,0%,0,0分钟
20211025032210,关,关,关,29°C,0%,0,0分钟
20211025032222,关,关,关,28°C,0%,0,0分钟
20211025032228,关,关,关,29°C,0%,0,0分钟
20211025032234,关,关,关,28°C,0%,0,0分钟
20211025032240,关,关,关,29°C,0%,0,0分钟
20211025032310,关,关,关,28°C,0%,0,0分钟
20211025032316,关,关,关,29°C,0%,0,0分钟
20211025032335,关,关,关,28°C,0%,0,0分钟
20211025032341,关,关,关,29°C,0%,0,0分钟
20211025032353,关,关,关,28°C,0%,0,0分钟
20211025032405,关,关,关,29°C,0%,0,0分钟
20211025032423,关,关,关,28°C,0%,0,0分钟
20211025032441,关,关,关,29°C,0%,0,0分钟
20211025032447,关,关,关,28°C,0%,0,0分钟
20211025032453,关,关,关,29°C,0%,0,0分钟
20211025032459,关,关,关,28°C,0%,0,0分钟
20211025032505,关,关,关,29°C,0%,0,0分钟
20211025032518,关,关,关,28°C,0%,0,0分钟
20211025032524,关,关,关,29°C,0%,0,0分钟
20211025032536,关,关,关,28°C,0%,0,0分钟
20211025032542,关,关,关,29°C,0%,0,0分钟
20211025032554,关,关,关,28°C,0%,0,0分钟
20211025032600,关,关,关,29°C,0%,0,0分钟
20211025032618,关,关,关,28°C,0%,0,0分钟
20211025032624,关,关,关,29°C,0%,0,0分钟
20211025032636,关,关,关,28°C,0%,0,0分钟
20211025032642,关,关,关,29°C,0%,0,0分钟
20211025032648,关,关,关,28°C,0%,0,0分钟
20211025032654,关,关,关,29°C,0%,0,0分钟
20211025032700,关,关,关,28°C,0%,0,0分钟
20211025032713,关,关,关,29°C,0%,0,0分钟
20211025032731,关,关,关,28°C,0%,0,0分钟
20211025032743,关,关,关,29°C,0%,0,0分钟
20211025032749,关,关,关,28°C,0%,0,0分钟
20211025032755,关,关,关,29°C,0%,0,0分钟
20211025032801,关,关,关,28°C,0%,0,0分钟
20211025032807,关,关,关,29°C,0%,0,0分钟
20211025032813,关,关,关,28°C,0%,0,0分钟
20211025032819,关,关,关,29°C,0%,0,0分钟
20211025032837,关,关,关,28°C,0%,0,0分钟
20211025032843,关,关,关,29°C,0%,0,0分钟
20211025032856,关,关,关,28°C,0%,0,0分钟
20211025032903,关,关,关,29°C,0%,0,0分钟
20211025032914,关,关,关,28°C,0%,0,0分钟
20211025032920,关,关,关,29°C,0%,0,0分钟
20211025032926,关,关,关,28°C,0%,0,0分钟
20211025032938,关,关,关,29°C,0%,0,0分钟
20211025033008,关,关,关,28°C,0%,0,0分钟
20211025033014,关,关,关,29°C,0%,0,0分钟
20211025033020,关,关,关,28°C,0%,0,0分钟
20211025033026,关,关,关,29°C,0%,0,0分钟
20211025033033,关,关,关,28°C,0%,0,0分钟
20211025033039,关,关,关,29°C,0%,0,0分钟
20211025033051,关,关,关,28°C,0%,0,0分钟
20211025033057,关,关,关,29°C,0%,0,0分钟
20211025033103,关,关,关,28°C,0%,0,0分钟
20211025033115,关,关,关,29°C,0%,0,0分钟
20211025033127,关,关,关,28°C,0%,0,0分钟
20211025033203,关,关,关,29°C,0%,0,0分钟
20211025033209,关,关,关,28°C,0%,0,0分钟
20211025033216,关,关,关,29°C,0%,0,0分钟
20211025033228,关,关,关,28°C,0%,0,0分钟
20211025033234,关,关,关,29°C,0%,0,0分钟
20211025033240,关,关,关,28°C,0%,0,0分钟
20211025033252,关,关,关,29°C,0%,0,0分钟
20211025033310,关,关,关,28°C,0%,0,0分钟
20211025033322,关,关,关,29°C,0%,0,0分钟
20211025033345,关,关,关,28°C,0%,0,0分钟
20211025033358,关,关,关,29°C,0%,0,0分钟
20211025033417,关,关,关,28°C,0%,0,0分钟
20211025033423,关,关,关,29°C,0%,0,0分钟
20211025033453,关,关,关,28°C,0%,0,0分钟
20211025033459,关,关,关,29°C,0%,0,0分钟
20211025033511,关,关,关,28°C,0%,0,0分钟
20211025033517,关,关,关,29°C,0%,0,0分钟
20211025033523,关,关,关,28°C,0%,0,0分钟
20211025033535,关,关,关,29°C,0%,0,0分钟
20211025033541,关,关,关,28°C,0%,0,0分钟
20211025033548,关,关,关,29°C,0%,0,0分钟
20211025033612,关,关,关,28°C,0%,0,0分钟
20211025033618,关,关,关,29°C,0%,0,0分钟
20211025033654,关,关,关,28°C,0%,0,0分钟
20211025033700,关,关,关,29°C,0%,0,0分钟
20211025033706,关,关,关,28°C,0%,0,0分钟
20211025033712,关,关,关,29°C,0%,0,0分钟
20211025033718,关,关,关,28°C,0%,0,0分钟
20211025033724,关,关,关,29°C,0%,0,0分钟
20211025033737,关,关,关,28°C,0%,0,0分钟
20211025033749,关,关,关,29°C,0%,0,0分钟
20211025033813,关,关,关,28°C,0%,0,0分钟
20211025033819,关,关,关,29°C,0%,0,0分钟
20211025033831,关,关,关,28°C,0%,0,0分钟
20211025033843,关,关,关,29°C,0%,0,0分钟
20211025033849,关,关,关,28°C,0%,0,0分钟
20211025033855,关,关,关,29°C,0%,0,0分钟
20211025033901,关,关,关,28°C,0%,0,0分钟
20211025033907,关,关,关,29°C,0%,0,0分钟
20211025033932,关,关,关,28°C,0%,0,0分钟
20211025033938,关,关,关,29°C,0%,0,0分钟
20211025033944,关,关,关,28°C,0%,0,0分钟
20211025033950,关,关,关,29°C,0%,0,0分钟
20211025034002,关,关,关,28°C,0%,0,0分钟
20211025034014,关,关,关,29°C,0%,0,0分钟
20211025034026,关,关,关,28°C,0%,0,0分钟
20211025034032,关,关,关,29°C,0%,0,0分钟
20211025034049,关,关,关,28°C,0%,0,0分钟
20211025034050,关,关,关,29°C,0%,0,0分钟
20211025034102,关,关,关,28°C,0%,0,0分钟
20211025034108,关,关,关,29°C,0%,0,0分钟
20211025034221,关,关,关,28°C,0%,0,0分钟
20211025034233,关,关,关,29°C,0%,0,0分钟
20211025034245,关,关,关,28°C,0%,0,0分钟
20211025034257,关,关,关,29°C,0%,0,0分钟
20211025034316,关,关,关,28°C,0%,0,0分钟
20211025034322,关,关,关,29°C,0%,0,0分钟
20211025034416,关,关,关,28°C,0%,0,0分钟
20211025034422,关,关,关,29°C,0%,0,0分钟
20211025034440,关,关,关,28°C,0%,0,0分钟
20211025034446,关,关,关,29°C,0%,0,0分钟
20211025034535,关,关,关,28°C,0%,0,0分钟
20211025034541,关,关,关,29°C,0%,0,0分钟
20211025034547,关,关,关,28°C,0%,0,0分钟
20211025034559,关,关,关,29°C,0%,0,0分钟
20211025034611,关,关,关,28°C,0%,0,0分钟
20211025034623,关,关,关,29°C,0%,0,0分钟
20211025034636,关,关,关,28°C,0%,0,0分钟
20211025034642,关,关,关,29°C,0%,0,0分钟
20211025034654,关,关,关,28°C,0%,0,0分钟
20211025034706,关,关,关,29°C,0%,0,0分钟
20211025034718,关,关,关,28°C,0%,0,0分钟
20211025034736,关,关,关,29°C,0%,0,0分钟
20211025034742,关,关,关,28°C,0%,0,0分钟
20211025034751,关,关,关,29°C,0%,0,0分钟
20211025034819,关,关,关,28°C,0%,0,0分钟
20211025034825,关,关,关,29°C,0%,0,0分钟
20211025034837,关,关,关,28°C,0%,0,0分钟
20211025034843,关,关,关,29°C,0%,0,0分钟
20211025034855,关,关,关,28°C,0%,0,0分钟
20211025034901,关,关,关,29°C,0%,0,0分钟
20211025034925,关,关,关,28°C,0%,0,0分钟
20211025034931,关,关,关,29°C,0%,0,0分钟
20211025034943,关,关,关,28°C,0%,0,0分钟
20211025034949,关,关,关,29°C,0%,0,0分钟
20211025035002,关,关,关,28°C,0%,0,0分钟
20211025035014,关,关,关,29°C,0%,0,0分钟
20211025035102,关,关,关,28°C,0%,0,0分钟
20211025035108,关,关,关,29°C,0%,0,0分钟
20211025035215,关,关,关,28°C,0%,0,0分钟
20211025035251,关,关,关,29°C,0%,0,0分钟
20211025035327,关,关,关,28°C,0%,0,0分钟
20211025035404,关,关,关,29°C,0%,0,0分钟
20211025035440,关,关,关,28°C,0%,0,0分钟
20211025035446,关,关,关,29°C,0%,0,0分钟
20211025035541,关,关,关,28°C,0%,0,0分钟
20211025035553,关,关,关,28°C,0%,0,0分钟
20211025035635,关,关,关,29°C,0%,0,0分钟
20211025035907,关,关,关,28°C,0%,0,0分钟
20211025035913,关,关,关,29°C,0%,0,0分钟
20211025035955,关,关,关,28°C,0%,0,0分钟
20211025040001,关,关,关,29°C,0%,0,0分钟
20211025040019,关,关,关,28°C,0%,0,0分钟
20211025040031,关,关,关,29°C,0%,0,0分钟
20211025040102,关,关,关,28°C,0%,0,0分钟
20211025040108,关,关,关,29°C,0%,0,0分钟
20211025040138,关,关,关,28°C,0%,0,0分钟
20211025040144,关,关,关,29°C,0%,0,0分钟
20211025040202,关,关,关,28°C,0%,0,0分钟
20211025040208,关,关,关,29°C,0%,0,0分钟
20211025040226,关,关,关,28°C,0%,0,0分钟
20211025040232,关,关,关,29°C,0%,0,0分钟
20211025040245,关,关,关,28°C,0%,0,0分钟
20211025040251,关,关,关,29°C,0%,0,0分钟
20211025040303,关,关,关,28°C,0%,0,0分钟
20211025040309,关,关,关,29°C,0%,0,0分钟
20211025040327,关,关,关,28°C,0%,0,0分钟
20211025040333,关,关,关,29°C,0%,0,0分钟
20211025040516,关,关,关,28°C,0%,0,0分钟
20211025040522,关,关,关,29°C,0%,0,0分钟
20211025040534,关,关,关,28°C,0%,0,0分钟
20211025040540,关,关,关,29°C,0%,0,0分钟
20211025040552,关,关,关,28°C,0%,0,0分钟
20211025040605,关,关,关,29°C,0%,0,0分钟
20211025040623,关,关,关,28°C,0%,0,0分钟
20211025040717,关,关,关,29°C,0%,0,0分钟
20211025040723,关,关,关,29°C,0%,0,0分钟
20211025040735,关,关,关,28°C,0%,0,0分钟
20211025040741,关,关,关,29°C,0%,0,0分钟
20211025040818,关,关,关,28°C,0%,0,0分钟
20211025040824,关,关,关,29°C,0%,0,0分钟
20211025041019,关,关,关,28°C,0%,0,0分钟
20211025041025,关,关,关,29°C,0%,0,0分钟
20211025041138,关,关,关,28°C,0%,0,0分钟
20211025041144,关,关,关,29°C,0%,0,0分钟
20211025041302,关,关,关,28°C,0%,0,0分钟
20211025041309,关,关,关,29°C,0%,0,0分钟
20211025041409,关,关,关,28°C,0%,0,0分钟
20211025041415,关,关,关,29°C,0%,0,0分钟
20211025041445,关,关,关,28°C,0%,0,0分钟
20211025041451,关,关,关,29°C,0%,0,0分钟
20211025041522,关,关,关,28°C,0%,0,0分钟
20211025041528,关,关,关,29°C,0%,0,0分钟
20211025041540,关,关,关,28°C,0%,0,0分钟
20211025041546,关,关,关,29°C,0%,0,0分钟
20211025041604,关,关,关,28°C,0%,0,0分钟
20211025041610,关,关,关,29°C,0%,0,0分钟
20211025041616,关,关,关,28°C,0%,0,0分钟
20211025041622,关,关,关,29°C,0%,0,0分钟
20211025041640,关,关,关,28°C,0%,0,0分钟
20211025041653,关,关,关,29°C,0%,0,0分钟
20211025041705,关,关,关,28°C,0%,0,0分钟
20211025041711,关,关,关,29°C,0%,0,0分钟
20211025041747,关,关,关,28°C,0%,0,0分钟
20211025041753,关,关,关,29°C,0%,0,0分钟
20211025041759,关,关,关,28°C,0%,0,0分钟
20211025041811,关,关,关,29°C,0%,0,0分钟
20211025041825,关,关,关,28°C,0%,0,0分钟
20211025041829,关,关,关,29°C,0%,0,0分钟
20211025041842,关,关,关,28°C,0%,0,0分钟
20211025041854,关,关,关,29°C,0%,0,0分钟
20211025041906,关,关,关,28°C,0%,0,0分钟
20211025041918,关,关,关,29°C,0%,0,0分钟
20211025041936,关,关,关,28°C,0%,0,0分钟
20211025041942,关,关,关,29°C,0%,0,0分钟
20211025041954,关,关,关,28°C,0%,0,0分钟
20211025042000,关,关,关,29°C,0%,0,0分钟
20211025042006,关,关,关,28°C,0%,0,0分钟
20211025042012,关,关,关,29°C,0%,0,0分钟
20211025042024,关,关,关,28°C,0%,0,0分钟
20211025042031,关,关,关,29°C,0%,0,0分钟
20211025042103,关,关,关,28°C,0%,0,0分钟
20211025042139,关,关,关,28°C,0%,0,0分钟
20211025042145,关,关,关,29°C,0%,0,0分钟
20211025042157,关,关,关,28°C,0%,0,0分钟
20211025042204,关,关,关,29°C,0%,0,0分钟
20211025042340,关,关,关,28°C,0%,0,0分钟
20211025042346,关,关,关,29°C,0%,0,0分钟
20211025042417,关,关,关,28°C,0%,0,0分钟
20211025042429,关,关,关,29°C,0%,0,0分钟
20211025042435,关,关,关,28°C,0%,0,0分钟
20211025042447,关,关,关,29°C,0%,0,0分钟
20211025042505,关,关,关,28°C,0%,0,0分钟
20211025042511,关,关,关,29°C,0%,0,0分钟
20211025042612,关,关,关,28°C,0%,0,0分钟
20211025042636,关,关,关,29°C,0%,0,0分钟
20211025042730,关,关,关,28°C,0%,0,0分钟
20211025042737,关,关,关,29°C,0%,0,0分钟
20211025042749,关,关,关,28°C,0%,0,0分钟
20211025042755,关,关,关,29°C,0%,0,0分钟
20211025042849,关,关,关,28°C,0%,0,0分钟
20211025042855,关,关,关,29°C,0%,0,0分钟
20211025043127,关,关,关,28°C,0%,0,0分钟
20211025043133,关,关,关,29°C,0%,0,0分钟
20211025043203,关,关,关,28°C,0%,0,0分钟
20211025043209,关,关,关,29°C,0%,0,0分钟
20211025043221,关,关,关,28°C,0%,0,0分钟
20211025043230,关,关,关,29°C,0%,0,0分钟
20211025043233,关,关,关,28°C,0%,0,0分钟
20211025043252,关,关,关,29°C,0%,0,0分钟
20211025043352,关,关,关,28°C,0%,0,0分钟
20211025043358,关,关,关,29°C,0%,0,0分钟
20211025043435,关,关,关,28°C,0%,0,0分钟
20211025043441,关,关,关,29°C,0%,0,0分钟
20211025043453,关,关,关,28°C,0%,0,0分钟
20211025043505,关,关,关,29°C,0%,0,0分钟
20211025043907,关,关,关,28°C,0%,0,0分钟
20211025043913,关,关,关,29°C,0%,0,0分钟
20211025043925,关,关,关,28°C,0%,0,0分钟
20211025043933,关,关,关,29°C,0%,0,0分钟
20211025043949,关,关,关,28°C,0%,0,0分钟
20211025043956,关,关,关,29°C,0%,0,0分钟
20211025044038,关,关,关,28°C,0%,0,0分钟
20211025044050,关,关,关,29°C,0%,0,0分钟
20211025044114,关,关,关,28°C,0%,0,0分钟
20211025044120,关,关,关,29°C,0%,0,0分钟
20211025044221,关,关,关,28°C,0%,0,0分钟
20211025044227,关,关,关,29°C,0%,0,0分钟
20211025044404,关,关,关,28°C,0%,0,0分钟
20211025044410,关,关,关,29°C,0%,0,0分钟
20211025044422,关,关,关,28°C,0%,0,0分钟
20211025044428,关,关,关,29°C,0%,0,0分钟
20211025044541,关,关,关,28°C,0%,0,0分钟
20211025044547,关,关,关,29°C,0%,0,0分钟
20211025044559,关,关,关,28°C,0%,0,0分钟
20211025044605,关,关,关,29°C,0%,0,0分钟
20211025044617,关,关,关,28°C,0%,0,0分钟
20211025044623,关,关,关,29°C,0%,0,0分钟
20211025044836,关,关,关,28°C,0%,0,0分钟
20211025044849,关,关,关,29°C,0%,0,0分钟
20211025044901,关,关,关,28°C,0%,0,0分钟
20211025044907,关,关,关,29°C,0%,0,0分钟
20211025045032,关,关,关,28°C,0%,0,0分钟
20211025045038,关,关,关,29°C,0%,0,0分钟
20211025045214,关,关,关,28°C,0%,0,0分钟
20211025045221,关,关,关,29°C,0%,0,0分钟
20211025045315,关,关,关,28°C,0%,0,0分钟
20211025045321,关,关,关,29°C,0%,0,0分钟
20211025045358,关,关,关,28°C,0%,0,0分钟
20211025045404,关,关,关,29°C,0%,0,0分钟
20211025045428,关,关,关,28°C,0%,0,0分钟
20211025045434,关,关,关,29°C,0%,0,0分钟
20211025045723,关,关,关,28°C,0%,0,0分钟
20211025045736,关,关,关,28°C,0%,0,0分钟
20211025045742,关,关,关,29°C,0%,0,0分钟
20211025050001,关,关,关,28°C,0%,0,0分钟
20211025050007,关,关,关,29°C,0%,0,0分钟
20211025050635,关,关,关,28°C,0%,0,0分钟
20211025050641,关,关,关,29°C,0%,0,0分钟
20211025050717,关,关,关,28°C,0%,0,0分钟
20211025050723,关,关,关,29°C,0%,0,0分钟
20211025051049,关,关,关,28°C,0%,0,0分钟
20211025051055,关,关,关,29°C,0%,0,0分钟
20211025051208,关,关,关,28°C,0%,0,0分钟
20211025051214,关,关,关,29°C,0%,0,0分钟
20211025051534,关,关,关,28°C,0%,0,0分钟
20211025051540,关,关,关,29°C,0%,0,0分钟
20211025051948,关,关,关,28°C,0%,0,0分钟
20211025051954,关,关,关,29°C,0%,0,0分钟
20211025052055,关,关,关,28°C,0%,0,0分钟
20211025052107,关,关,关,29°C,0%,0,0分钟
20211025052119,关,关,关,28°C,0%,0,0分钟
20211025052125,关,关,关,29°C,0%,0,0分钟
20211025052137,关,关,关,28°C,0%,0,0分钟
20211025052143,关,关,关,29°C,0%,0,0分钟
20211025052201,关,关,关,28°C,0%,0,0分钟
20211025052213,关,关,关,29°C,0%,0,0分钟
20211025052238,关,关,关,28°C,0%,0,0分钟
20211025052244,关,关,关,29°C,0%,0,0分钟
20211025052509,关,关,关,28°C,0%,0,0分钟
20211025052515,关,关,关,29°C,0%,0,0分钟
20211025052632,关,关,关,28°C,0%,0,0分钟
20211025052634,关,关,关,29°C,0%,0,0分钟
20211025052704,关,关,关,28°C,0%,0,0分钟
20211025052710,关,关,关,29°C,0%,0,0分钟
20211025052859,关,关,关,28°C,0%,0,0分钟
20211025052905,关,关,关,29°C,0%,0,0分钟
20211025052954,关,关,关,28°C,0%,0,0分钟
20211025053000,关,关,关,29°C,0%,0,0分钟
20211025053125,关,关,关,28°C,0%,0,0分钟
20211025054947,关,关,关,28°C,0%,0,0分钟
20211025054953,关,关,关,29°C,0%,0,0分钟
20211025055011,关,关,关,28°C,0%,0,0分钟
20211025055017,关,关,关,29°C,0%,0,0分钟
20211025055426,关,关,关,28°C,0%,0,0分钟
20211025055432,关,关,关,29°C,0%,0,0分钟
20211025065645,关,关,关,28°C,0%,0,0分钟
20211025114001,关,关,关,28°C,0%,0,0分钟
20211025123732,关,关,关,28°C,0%,0,0分钟
20211025123737,关,关,关,28°C,0%,0,0分钟
20211025123742,关,关,关,28°C,0%,0,0分钟
20211025123747,关,关,关,28°C,0%,0,0分钟
20211025123752,关,关,关,28°C,0%,0,0分钟
20211025123757,关,关,关,28°C,0%,0,0分钟
20211025123802,关,关,关,28°C,0%,0,0分钟
20211025123807,关,关,关,28°C,0%,0,0分钟
20211025123812,关,关,关,28°C,0%,0,0分钟
20211025123817,关,关,关,28°C,0%,0,0分钟
20211025123822,关,关,关,28°C,0%,0,0分钟
20211025123827,关,关,关,28°C,0%,0,0分钟
20211025123832,关,关,关,28°C,0%,0,0分钟
20211025123837,关,关,关,28°C,0%,0,0分钟
20211025123843,关,关,关,28°C,0%,0,0分钟
20211025123848,关,关,关,28°C,0%,0,0分钟
20211025123853,关,关,关,28°C,0%,0,0分钟
20211025123858,关,关,关,28°C,0%,0,0分钟
20211025124503,关,关,关,28°C,0%,0,0分钟
20211025130406,关,关,关,28°C,0%,0,0分钟
20211025130408,关,关,关,28°C,0%,10,0分钟
20211025153300,关,关,关,28°C,0%,0,0分钟
20211025153306,开,开,关,28°C,0%,0,31分钟
20211025153352,开,开,关,29°C,0%,0,29分钟
20211025153413,开,开,关,29°C,0%,0,28分钟
20211025153435,开,开,关,30°C,0%,0,28分钟
20211025153501,开,开,关,30°C,0%,0,27分钟
20211025153558,开,开,关,31°C,0%,0,26分钟
20211025153620,开,开,关,31°C,0%,0,25分钟
20211025153652,开,开,关,32°C,0%,0,25分钟
20211025153715,开,开,关,32°C,0%,0,24分钟
20211025153720,开,开,关,33°C,0%,0,24分钟
20211025153803,开,开,关,33°C,0%,0,23分钟
20211025153845,开,开,关,34°C,0%,0,22分钟
20211025153916,开,开,关,34°C,0%,0,21分钟
20211025153926,开,开,关,35°C,0%,0,21分钟
20211025154356,关,关,关,35°C,0%,0,0分钟
20211025154457,开,开,关,36°C,0%,0,18分钟
20211025154501,开,开,关,36°C,0%,0,17分钟
20211025154503,开,开,关,36°C,0%,28,18分钟
20211025154505,开,开,关,36°C,0%,48,18分钟
20211025154511,开,开,关,37°C,0%,48,18分钟
20211025154515,开,开,关,37°C,0%,50,18分钟
20211025154519,开,开,关,37°C,0%,48,18分钟
20211025154527,开,开,关,37°C,0%,50,18分钟
20211025154531,开,开,关,37°C,0%,50,17分钟
20211025154535,开,开,关,37°C,0%,51,17分钟
20211025154537,开,开,关,37°C,0%,50,17分钟
20211025154542,开,开,关,37°C,0%,51,17分钟
20211025154545,开,开,关,37°C,0%,50,17分钟
20211025154549,开,开,关,37°C,0%,51,17分钟
20211025154551,开,开,关,37°C,0%,50,17分钟
20211025154553,开,开,关,37°C,0%,51,17分钟
20211025154555,开,开,关,37°C,0%,50,17分钟
20211025154559,开,开,关,37°C,0%,51,17分钟
20211025154605,开,开,关,37°C,0%,50,17分钟
20211025154609,开,开,关,37°C,0%,51,17分钟
20211025154615,开,开,关,37°C,0%,50,17分钟
20211025154617,开,开,关,37°C,0%,51,17分钟
20211025154620,开,开,关,37°C,0%,50,17分钟
20211025154624,开,开,关,37°C,0%,51,17分钟
20211025154628,开,开,关,37°C,0%,47,17分钟
20211025154630,开,开,关,37°C,0%,42,16分钟
20211025154634,开,开,关,37°C,0%,36,16分钟
20211025154644,开,开,关,37°C,0%,35,16分钟
20211025154646,开,开,关,37°C,0%,36,16分钟
20211025154654,开,开,关,37°C,0%,35,16分钟
20211025154658,开,开,关,37°C,0%,36,16分钟
20211025154702,开,开,关,37°C,0%,35,16分钟
20211025154704,开,开,关,37°C,0%,36,16分钟
20211025154714,开,开,关,37°C,0%,35,16分钟
20211025154718,开,开,关,37°C,0%,36,16分钟
20211025154722,开,开,关,37°C,0%,35,16分钟
20211025154724,开,开,关,37°C,0%,36,16分钟
20211025154728,开,开,关,37°C,0%,35,16分钟
20211025154734,开,开,关,37°C,0%,36,15分钟
20211025154738,开,开,关,37°C,0%,35,15分钟
20211025154740,开,开,关,37°C,0%,36,15分钟
20211025154742,开,开,关,37°C,0%,30,15分钟
20211025154744,开,开,关,37°C,0%,31,15分钟
20211025154750,开,开,关,37°C,0%,32,15分钟
20211025154756,开,开,关,37°C,0%,37,15分钟
20211025154758,开,开,关,37°C,0%,36,15分钟
20211025154801,开,开,关,37°C,0%,30,15分钟
20211025154803,开,开,关,37°C,0%,31,15分钟
20211025154804,开,开,关,37°C,0%,37,15分钟
20211025154807,开,开,关,37°C,0%,36,15分钟
20211025154811,开,开,关,37°C,0%,37,15分钟
20211025154815,开,开,关,37°C,0%,36,15分钟
20211025154819,开,开,关,37°C,0%,37,15分钟
20211025154827,开,开,关,37°C,0%,36,15分钟
20211025154829,开,开,关,37°C,0%,37,15分钟
20211025154833,开,开,关,37°C,0%,37,14分钟
20211025154835,开,开,关,37°C,0%,36,14分钟
20211025154837,开,开,关,37°C,0%,37,14分钟
20211025154843,开,开,关,37°C,0%,36,14分钟
20211025154847,开,开,关,37°C,0%,37,14分钟
20211025154855,开,开,关,37°C,0%,36,14分钟
20211025154900,开,开,关,37°C,0%,37,14分钟
20211025154901,开,开,关,37°C,0%,22,14分钟
20211025154903,开,开,关,37°C,0%,23,14分钟
20211025154945,开,开,关,37°C,0%,22,14分钟
20211025154948,开,开,关,37°C,0%,23,14分钟
20211025154950,开,开,关,37°C,0%,21,14分钟
20211025154954,开,开,关,37°C,0%,22,14分钟
20211025154956,开,开,关,37°C,0%,23,14分钟
20211025155002,开,开,关,37°C,0%,22,14分钟
20211025155004,开,开,关,37°C,0%,23,14分钟
20211025155006,开,开,关,37°C,0%,22,14分钟
20211025155008,开,开,关,37°C,0%,23,14分钟
20211025155010,开,开,关,37°C,0%,22,14分钟
20211025155012,开,开,关,37°C,0%,23,14分钟
20211025155014,开,开,关,37°C,0%,22,14分钟
20211025155016,开,开,关,37°C,0%,23,14分钟
20211025155022,开,开,关,37°C,0%,22,14分钟
20211025155024,开,开,关,37°C,0%,21,14分钟
20211025155028,开,开,关,37°C,0%,22,14分钟
20211025155032,开,开,关,37°C,0%,21,14分钟
20211025155034,开,开,关,37°C,0%,22,14分钟
20211025155042,开,开,关,37°C,0%,21,14分钟
20211025155044,开,开,关,37°C,0%,22,14分钟
20211025155046,开,开,关,37°C,0%,23,14分钟
20211025155048,开,开,关,37°C,0%,23,19分钟
20211025155050,开,开,关,37°C,0%,22,19分钟
20211025155054,开,开,关,36°C,0%,22,19分钟
20211025155056,开,开,关,36°C,0%,23,19分钟
20211025155102,开,开,关,36°C,0%,22,19分钟
20211025155106,开,开,关,36°C,0%,23,19分钟
20211025155110,开,开,关,36°C,0%,22,19分钟
20211025155112,开,开,关,36°C,0%,21,19分钟
20211025155124,开,开,关,36°C,0%,22,19分钟
20211025155126,开,开,关,36°C,0%,23,19分钟
20211025155128,开,开,关,36°C,0%,22,19分钟
20211025155131,开,开,关,36°C,0%,21,19分钟
20211025155132,开,开,关,36°C,0%,23,19分钟
20211025155135,开,开,关,36°C,0%,22,19分钟
20211025155137,开,开,关,36°C,0%,22,21分钟
20211025155139,开,开,关,36°C,0%,21,21分钟
20211025155151,开,开,关,35°C,0%,22,21分钟
20211025155153,开,开,关,35°C,0%,22,20分钟
20211025155155,开,开,关,35°C,0%,23,20分钟
20211025155159,开,开,关,35°C,0%,22,20分钟
20211025155201,开,开,关,35°C,0%,23,20分钟
20211025155203,开,开,关,35°C,0%,22,20分钟
20211025155205,开,开,关,35°C,0%,23,20分钟
20211025155213,开,开,关,35°C,0%,22,20分钟
20211025155223,开,开,关,35°C,0%,18,20分钟
20211025155227,开,开,关,35°C,0%,20,20分钟
20211025155229,开,开,关,35°C,0%,18,20分钟
20211025155233,开,开,关,35°C,0%,17,20分钟
20211025155235,开,开,关,35°C,0%,21,20分钟
20211025155237,开,开,关,35°C,0%,21,22分钟
20211025155239,开,开,关,35°C,0%,22,22分钟
20211025155249,开,开,关,34°C,0%,23,22分钟
20211025155251,开,开,关,34°C,0%,22,22分钟
20211025155253,开,开,关,34°C,0%,23,22分钟
20211025155255,开,开,关,34°C,0%,22,22分钟
20211025155259,开,开,关,34°C,0%,18,22分钟
20211025155301,开,开,关,34°C,0%,20,22分钟
20211025155303,开,开,关,34°C,0%,21,22分钟
20211025155305,开,开,关,34°C,0%,20,22分钟
20211025155312,开,开,关,34°C,0%,21,22分钟
20211025155315,开,开,关,34°C,0%,20,22分钟
20211025155318,开,开,关,34°C,0%,21,22分钟
20211025155320,开,开,关,34°C,0%,21,21分钟
20211025155322,开,开,关,34°C,0%,20,21分钟
20211025155324,开,开,关,34°C,0%,25,21分钟
20211025155328,开,开,关,34°C,0%,23,24分钟
20211025155330,开,开,关,33°C,0%,23,24分钟
20211025155332,开,开,关,33°C,0%,22,23分钟
20211025155334,开,开,关,33°C,0%,23,23分钟
20211025155336,开,开,关,33°C,0%,22,23分钟
20211025155344,开,开,关,33°C,0%,23,23分钟
20211025155346,开,开,关,33°C,0%,22,23分钟
20211025155352,开,开,关,33°C,0%,23,23分钟
20211025155354,开,开,关,33°C,0%,22,23分钟
20211025155358,开,开,关,33°C,0%,23,23分钟
20211025155400,开,开,关,33°C,0%,22,23分钟
20211025155404,开,开,关,33°C,0%,23,25分钟
20211025155408,开,开,关,32°C,0%,23,25分钟
20211025155410,开,开,关,32°C,0%,22,25分钟
20211025155412,开,开,关,32°C,0%,23,25分钟
20211025155414,开,开,关,32°C,0%,22,25分钟
20211025155422,开,开,关,32°C,0%,23,25分钟
20211025155424,开,开,关,32°C,0%,18,25分钟
20211025155426,开,开,关,32°C,0%,20,25分钟
20211025155428,开,开,关,32°C,0%,18,25分钟
20211025155432,开,开,关,32°C,0%,20,25分钟
20211025155434,开,开,关,32°C,0%,20,24分钟
20211025155436,开,开,关,32°C,0%,18,24分钟
20211025155440,开,开,关,32°C,0%,20,26分钟
20211025155442,开,开,关,31°C,0%,18,26分钟
20211025155444,开,开,关,31°C,0%,20,26分钟
20211025155452,开,开,关,31°C,0%,23,26分钟
20211025155454,开,开,关,31°C,0%,18,26分钟
20211025155459,开,开,关,31°C,0%,20,26分钟
20211025155505,开,开,关,31°C,0%,18,26分钟
20211025155507,开,开,关,31°C,0%,21,26分钟
20211025155509,开,开,关,31°C,0%,12,26分钟
20211025155533,开,开,关,31°C,0%,0,26分钟
20211025155633,开,开,关,31°C,0%,0,25分钟
20211025155637,开,开,关,31°C,0%,0,24分钟
20211025155642,开,开,关,31°C,0%,0,25分钟
20211025155710,开,开,关,32°C,0%,0,25分钟
20211025155724,开,开,关,32°C,0%,0,24分钟
20211025155726,开,开,关,33°C,0%,0,24分钟
20211025155756,开,开,关,33°C,0%,0,23分钟
20211025155800,开,开,关,33°C,0%,0,22分钟
20211025155802,开,开,关,34°C,0%,0,22分钟
20211025155806,开,开,关,34°C,0%,0,24分钟
20211025155808,开,开,关,33°C,0%,0,24分钟
20211025155812,开,开,关,33°C,0%,0,22分钟
20211025155851,开,开,关,34°C,0%,0,22分钟
20211025155913,开,开,关,34°C,0%,0,21分钟
20211025155925,开,开,关,35°C,0%,0,21分钟
20211025160016,开,开,关,35°C,0%,0,20分钟
20211025160020,开,开,关,35°C,0%,0,19分钟
20211025160046,开,开,关,36°C,0%,0,19分钟
20211025160050,开,开,关,36°C,0%,0,18分钟
20211025160112,开,开,关,37°C,0%,0,18分钟
20211025160155,开,开,关,37°C,0%,0,17分钟
20211025160157,开,开,关,37°C,0%,0,16分钟
20211025160241,开,开,关,38°C,0%,0,16分钟
20211025160245,开,开,关,38°C,0%,0,15分钟
20211025160317,开,开,关,39°C,0%,0,15分钟
20211025160346,开,开,关,39°C,0%,0,14分钟
20211025160354,开,开,关,40°C,0%,0,14分钟
20211025160424,开,开,关,40°C,0%,0,13分钟
20211025160428,开,开,关,40°C,0%,0,12分钟
20211025160510,开,开,关,41°C,0%,0,12分钟
20211025160535,开,开,关,41°C,0%,0,11分钟
20211025160553,开,开,关,42°C,0%,0,11分钟
20211025160637,开,开,关,42°C,0%,0,10分钟
20211025160641,开,开,关,42°C,0%,0,9分钟
20211025160732,开,开,关,43°C,0%,0,9分钟
20211025160736,开,开,关,43°C,25%,0,8分钟
20211025160804,开,开,关,44°C,25%,0,8分钟
20211025160855,开,开,关,44°C,25%,0,7分钟
20211025160857,开,开,关,45°C,25%,0,7分钟
20211025160945,开,开,关,45°C,25%,0,6分钟
20211025160949,开,开,关,45°C,25%,0,5分钟
20211025161027,开,开,关,46°C,25%,0,5分钟
20211025161050,开,开,关,46°C,25%,0,4分钟
20211025161102,开,开,关,47°C,25%,0,4分钟
20211025161152,开,开,关,47°C,25%,0,3分钟
20211025161156,开,开,关,47°C,25%,0,2分钟
20211025161245,开,开,关,48°C,25%,0,2分钟
20211025161257,开,开,关,48°C,25%,0,1分钟
20211025161319,开,开,关,49°C,25%,0,1分钟
20211025161354,开,开,关,49°C,25%,0,0分钟
20211025161355,开,关,开,50°C,100%,0,0分钟
20211025164739,开,关,开,50°C,50%,0,0分钟
20211025164745,开,开,关,50°C,50%,48,0分钟
20211025164751,开,开,关,50°C,50%,47,0分钟
20211025164805,开,开,关,50°C,50%,48,0分钟
20211025164808,开,开,关,50°C,50%,47,0分钟
20211025164810,开,开,关,50°C,50%,48,0分钟
20211025164818,开,开,关,50°C,50%,47,0分钟
20211025164820,开,开,关,50°C,50%,20,0分钟
20211025164822,开,开,关,50°C,50%,50,0分钟
20211025164824,开,开,关,50°C,50%,51,0分钟
20211025164830,开,开,关,50°C,50%,50,0分钟
20211025164836,开,开,关,50°C,50%,52,0分钟
20211025164842,开,开,关,50°C,50%,51,0分钟
20211025164852,开,开,关,50°C,50%,50,0分钟
20211025164854,开,开,关,50°C,50%,32,0分钟
20211025164856,开,开,关,50°C,50%,33,0分钟
20211025164908,开,开,关,50°C,50%,32,0分钟
20211025164930,开,开,关,50°C,50%,33,0分钟
20211025164932,开,开,关,50°C,50%,32,0分钟
20211025164938,开,开,关,50°C,50%,33,0分钟
20211025164940,开,开,关,50°C,50%,32,0分钟
20211025164942,开,开,关,50°C,50%,35,0分钟
20211025164947,开,开,关,50°C,50%,32,0分钟
20211025164950,开,开,关,50°C,50%,33,0分钟
20211025164953,开,开,关,50°C,50%,32,0分钟
20211025164955,开,开,关,50°C,50%,33,0分钟
20211025165001,开,开,关,50°C,50%,32,0分钟
20211025165005,开,开,关,50°C,50%,33,0分钟
20211025165006,开,开,关,50°C,50%,32,0分钟
20211025165013,开,开,关,50°C,50%,33,0分钟
20211025165019,开,开,关,50°C,50%,32,0分钟
20211025165025,开,开,关,50°C,50%,33,0分钟
20211025165027,开,开,关,50°C,50%,32,0分钟
20211025165033,开,开,关,50°C,50%,33,0分钟
20211025165035,开,开,关,50°C,50%,32,0分钟
20211025165039,开,开,关,50°C,50%,33,0分钟
20211025165041,开,开,关,49°C,50%,33,1分钟
20211025165051,开,开,关,49°C,50%,32,1分钟
20211025165103,开,开,关,49°C,50%,33,1分钟
20211025165105,开,开,关,49°C,50%,32,1分钟
20211025165107,开,开,关,49°C,50%,32,0分钟
20211025165115,开,开,关,49°C,50%,33,0分钟
20211025165117,开,开,关,49°C,50%,32,0分钟
20211025165125,开,开,关,49°C,50%,33,0分钟
20211025165127,开,开,关,49°C,50%,32,0分钟
20211025165130,开,开,关,49°C,50%,23,0分钟
20211025165134,开,开,关,49°C,50%,20,0分钟
20211025165136,开,开,关,49°C,50%,21,0分钟
20211025165144,开,开,关,49°C,50%,20,0分钟
20211025165148,开,开,关,49°C,50%,27,0分钟
20211025165152,开,开,关,49°C,50%,28,0分钟
20211025165200,开,开,关,49°C,50%,27,0分钟
20211025165202,开,开,关,49°C,50%,28,0分钟
20211025165204,开,开,关,49°C,50%,27,0分钟
20211025165208,开,开,关,48°C,50%,28,2分钟
20211025165210,开,开,关,48°C,50%,27,2分钟
20211025165226,开,开,关,49°C,50%,27,1分钟
20211025165230,开,开,关,48°C,50%,28,2分钟
20211025165234,开,开,关,48°C,50%,27,2分钟
20211025165236,开,开,关,48°C,50%,28,2分钟
20211025165250,开,开,关,48°C,50%,27,2分钟
20211025165254,开,开,关,48°C,50%,28,2分钟
20211025165258,开,开,关,48°C,50%,27,2分钟
20211025165302,开,开,关,48°C,50%,28,2分钟
20211025165311,开,开,关,48°C,50%,27,2分钟
20211025165315,开,开,关,47°C,50%,27,4分钟
20211025165317,开,开,关,47°C,50%,28,4分钟
20211025165321,开,开,关,48°C,50%,27,2分钟
20211025165323,开,开,关,48°C,50%,28,2分钟
20211025165327,开,开,关,47°C,50%,28,4分钟
20211025165329,开,开,关,47°C,50%,27,4分钟
20211025165333,开,开,关,47°C,50%,28,4分钟
20211025165337,开,开,关,47°C,50%,27,4分钟
20211025165339,开,开,关,47°C,50%,28,4分钟
20211025165341,开,开,关,47°C,50%,28,3分钟
20211025165343,开,开,关,47°C,50%,27,3分钟
20211025165345,开,开,关,47°C,50%,28,3分钟
20211025165349,开,开,关,47°C,50%,27,3分钟
20211025165351,开,开,关,47°C,50%,28,3分钟
20211025165353,开,开,关,47°C,50%,27,3分钟
20211025165359,开,开,关,47°C,50%,28,3分钟
20211025165401,开,开,关,47°C,50%,27,3分钟
20211025165405,开,开,关,47°C,50%,28,3分钟
20211025165409,开,开,关,46°C,50%,27,5分钟
20211025165411,开,开,关,46°C,50%,28,5分钟
20211025165415,开,开,关,46°C,50%,27,5分钟
20211025165417,开,开,关,46°C,50%,28,5分钟
20211025165419,开,开,关,46°C,50%,27,5分钟
20211025165423,开,开,关,46°C,50%,28,5分钟
20211025165427,开,开,关,46°C,50%,27,5分钟
20211025165431,开,开,关,46°C,50%,28,5分钟
20211025165439,开,开,关,46°C,50%,27,5分钟
20211025165441,开,开,关,46°C,50%,28,5分钟
20211025165447,开,开,关,46°C,50%,27,5分钟
20211025165448,开,开,关,46°C,50%,28,5分钟
20211025165453,开,开,关,45°C,50%,27,7分钟
20211025165456,开,开,关,45°C,50%,27,6分钟
20211025165500,开,开,关,45°C,50%,28,6分钟
20211025165502,开,开,关,45°C,50%,27,6分钟
20211025165506,开,开,关,45°C,50%,28,6分钟
20211025165508,开,开,关,44°C,50%,28,8分钟
20211025165522,开,开,关,44°C,50%,27,8分钟
20211025165526,开,开,关,44°C,50%,28,8分钟
20211025165530,开,开,关,44°C,50%,0,8分钟
20211025165536,开,开,关,43°C,50%,0,9分钟
20211025165542,开,开,关,43°C,25%,0,9分钟
20211025165604,开,开,关,42°C,25%,0,11分钟
20211025165618,开,开,关,42°C,25%,0,10分钟
20211025165701,开,开,关,41°C,25%,0,12分钟
20211025165713,开,开,关,40°C,25%,0,14分钟
20211025165725,开,开,关,40°C,25%,0,13分钟
20211025165737,开,开,关,39°C,25%,0,15分钟
20211025165749,开,开,关,40°C,25%,0,14分钟
20211025165850,开,开,关,40°C,25%,0,13分钟
20211025165914,开,开,关,40°C,25%,0,12分钟
20211025170001,开,开,关,41°C,25%,0,12分钟
20211025170033,开,开,关,41°C,25%,0,11分钟
20211025170055,开,开,关,42°C,25%,0,11分钟
20211025170133,开,开,关,42°C,25%,0,10分钟
20211025170204,开,开,关,43°C,25%,0,9分钟
20211025170236,开,开,关,44°C,25%,0,8分钟
20211025170316,开,开,关,44°C,25%,0,7分钟
20211025170323,开,开,关,45°C,25%,0,7分钟
20211025170347,开,开,关,45°C,25%,0,6分钟
20211025170429,开,开,关,46°C,25%,0,5分钟
20211025170447,开,开,关,46°C,25%,0,4分钟
20211025170504,开,开,关,47°C,25%,0,4分钟
20211025170548,开,开,关,47°C,25%,0,3分钟
20211025170632,开,开,关,48°C,25%,0,2分钟
20211025170636,开,开,关,49°C,25%,0,1分钟
20211025170643,开,开,关,48°C,25%,0,2分钟
20211025170709,开,开,关,49°C,25%,0,1分钟
20211025170725,开,开,关,49°C,25%,0,0分钟
20211025170727,开,关,开,50°C,100%,0,0分钟
20211025170938,开,关,开,50°C,50%,0,0分钟
20211025170944,开,关,开,51°C,50%,0,0分钟
20211025170950,开,关,开,50°C,50%,0,0分钟
20211025171002,开,关,开,51°C,50%,0,0分钟
20211025171021,开,关,开,50°C,50%,0,0分钟
20211025171027,开,关,开,51°C,50%,0,0分钟
20211025171033,开,关,开,50°C,50%,0,0分钟
20211025171606,开,关,开,51°C,50%,0,0分钟
20211025171701,开,关,开,51°C,50%,0,0分钟
20211025171707,开,关,开,50°C,50%,0,0分钟
20211025171801,开,关,开,51°C,50%,0,0分钟
20211025171807,开,关,开,50°C,50%,0,0分钟
20211025171819,开,关,开,51°C,50%,0,0分钟
20211025171838,开,关,开,50°C,50%,0,0分钟
20211025171844,开,关,开,51°C,50%,0,0分钟
20211025171856,开,关,开,50°C,50%,0,0分钟
20211025171902,开,关,开,51°C,50%,0,0分钟
20211025171914,开,关,开,50°C,50%,0,0分钟
20211025171926,开,关,开,51°C,50%,0,0分钟
20211025171950,开,关,开,50°C,50%,0,0分钟
20211025171956,开,关,开,51°C,50%,0,0分钟
20211025172015,开,关,开,50°C,50%,0,0分钟
20211025172021,开,关,开,51°C,50%,0,0分钟
20211025173405,开,关,开,50°C,50%,0,0分钟
20211025184906,开,关,开,50°C,50%,0,0分钟
20211025191546,关,关,关,50°C,50%,0,0分钟
20211025191552,关,关,关,49°C,50%,0,0分钟
20211025191629,关,关,关,50°C,50%,0,0分钟
20211025191641,关,关,关,49°C,50%,0,0分钟
20211025191711,关,关,关,50°C,50%,0,0分钟
20211025191717,关,关,关,49°C,50%,0,0分钟
20211025191735,关,关,关,50°C,50%,0,0分钟
20211025191741,关,关,关,49°C,50%,0,0分钟
20211025191753,关,关,关,50°C,50%,0,0分钟
20211025191759,关,关,关,49°C,50%,0,0分钟
20211025191824,关,关,关,50°C,50%,0,0分钟
20211025191854,关,关,关,49°C,50%,0,0分钟
20211025191900,关,关,关,50°C,50%,0,0分钟
20211025191906,关,关,关,49°C,50%,0,0分钟
20211025191914,关,关,关,50°C,50%,0,0分钟
20211025191930,关,关,关,49°C,50%,0,0分钟
20211025191936,关,关,关,50°C,50%,0,0分钟
20211025193338,关,关,关,49°C,50%,0,0分钟
20211025193340,关,关,关,49°C,50%,62,0分钟
20211025193342,关,关,关,49°C,50%,63,0分钟
20211025193344,关,关,关,49°C,50%,62,0分钟
20211025193346,关,关,关,49°C,50%,61,0分钟
20211025193355,关,关,关,49°C,50%,62,0分钟
20211025193357,关,关,关,49°C,50%,63,0分钟
20211025193401,关,关,关,49°C,50%,62,0分钟
20211025193447,关,关,关,49°C,50%,0,0分钟
20211025193449,关,关,关,49°C,50%,60,0分钟
20211025193453,关,关,关,49°C,50%,61,0分钟
20211025193457,关,关,关,49°C,50%,62,0分钟
20211025193501,关,关,关,49°C,50%,0,0分钟
20211025193503,关,关,关,49°C,50%,51,0分钟
20211025193505,关,关,关,49°C,50%,50,0分钟
20211025193509,关,关,关,49°C,50%,51,0分钟
20211025193511,关,关,关,49°C,50%,50,0分钟
20211025193513,关,关,关,49°C,50%,40,0分钟
20211025193515,关,关,关,49°C,50%,33,0分钟
20211025193519,关,关,关,49°C,50%,35,0分钟
20211025193521,关,关,关,49°C,50%,33,0分钟
20211025193523,关,关,关,49°C,50%,30,0分钟
20211025193525,关,关,关,49°C,50%,26,0分钟
20211025193541,关,关,关,49°C,50%,25,0分钟
20211025193542,关,关,关,49°C,50%,23,0分钟
20211025193544,关,关,关,49°C,50%,25,0分钟
20211025193546,关,关,关,49°C,50%,23,0分钟
20211025193548,关,关,关,49°C,50%,25,0分钟
20211025193606,关,关,关,49°C,50%,23,0分钟
20211025193608,关,关,关,48°C,50%,23,0分钟
20211025193610,关,关,关,48°C,50%,25,0分钟
20211025193624,关,关,关,48°C,50%,23,0分钟
20211025193626,关,关,关,48°C,50%,25,0分钟
20211025193630,关,关,关,48°C,50%,23,0分钟
20211025193634,关,关,关,48°C,50%,25,0分钟
20211025193638,关,关,关,48°C,50%,23,0分钟
20211025193642,关,关,关,48°C,50%,25,0分钟
20211025193644,关,关,关,48°C,50%,23,0分钟
20211025193646,关,关,关,48°C,50%,25,0分钟
20211025193650,关,关,关,48°C,50%,23,0分钟
20211025193652,关,关,关,48°C,50%,25,0分钟
20211025193656,关,关,关,48°C,50%,23,0分钟
20211025193702,关,关,关,48°C,50%,25,0分钟
20211025193713,关,关,关,48°C,50%,23,0分钟
20211025193714,关,关,关,48°C,50%,25,0分钟
20211025193716,关,关,关,48°C,50%,23,0分钟
20211025193719,关,关,关,48°C,50%,25,0分钟
20211025193721,关,关,关,48°C,50%,23,0分钟
20211025193723,关,关,关,48°C,50%,25,0分钟
20211025193725,关,关,关,48°C,50%,23,0分钟
20211025193729,关,关,关,48°C,50%,25,0分钟
20211025193731,关,关,关,48°C,50%,23,0分钟
20211025193735,关,关,关,48°C,50%,25,0分钟
20211025193739,关,关,关,48°C,50%,23,0分钟
20211025193741,关,关,关,48°C,50%,25,0分钟
20211025193745,关,关,关,48°C,50%,23,0分钟
20211025193747,关,关,关,48°C,50%,22,0分钟
20211025193749,关,关,关,48°C,50%,21,0分钟
20211025193802,关,关,关,47°C,50%,21,0分钟
20211025193805,关,关,关,47°C,50%,22,0分钟
20211025193807,关,关,关,47°C,50%,23,0分钟
20211025193811,关,关,关,47°C,50%,22,0分钟
20211025193813,关,关,关,47°C,50%,21,0分钟
20211025193815,关,关,关,47°C,50%,23,0分钟
20211025193825,关,关,关,47°C,50%,22,0分钟
20211025193827,关,关,关,47°C,50%,23,0分钟
20211025193839,关,关,关,47°C,50%,22,0分钟
20211025193841,关,关,关,47°C,50%,23,0分钟
20211025193847,关,关,关,47°C,50%,22,0分钟
20211025193849,关,关,关,47°C,50%,23,0分钟
20211025193918,关,关,关,47°C,50%,22,0分钟
20211025193920,关,关,关,47°C,50%,23,0分钟
20211025193940,关,关,关,47°C,50%,22,0分钟
20211025193942,关,关,关,47°C,50%,21,0分钟
20211025193958,关,关,关,47°C,50%,22,0分钟
20211025194000,关,关,关,47°C,50%,23,0分钟
20211025194008,关,关,关,47°C,50%,0,0分钟
20211025195016,关,关,关,46°C,50%,0,0分钟
20211025195040,关,关,关,46°C,50%,0,0分钟
20211025195046,关,关,关,45°C,50%,0,0分钟
20211025195052,关,关,关,46°C,50%,0,0分钟
20211025195058,关,关,关,45°C,50%,0,0分钟
20211025195117,关,关,关,46°C,50%,0,0分钟
20211025201112,关,关,关,45°C,50%,0,0分钟
20211025201116,关,关,关,45°C,25%,0,0分钟
20211025201122,关,关,关,44°C,25%,0,0分钟
20211025201158,关,关,关,45°C,25%,0,0分钟
20211025201223,关,关,关,44°C,25%,0,0分钟
20211025201235,关,关,关,45°C,25%,0,0分钟
20211025201247,关,关,关,44°C,25%,0,0分钟
20211025201253,关,关,关,45°C,25%,0,0分钟
20211025201305,关,关,关,44°C,25%,0,0分钟
20211025201311,关,关,关,45°C,25%,0,0分钟
20211025204008,关,关,关,44°C,25%,0,0分钟
20211025204010,关,关,关,44°C,25%,17,0分钟
20211025204012,关,关,关,44°C,25%,22,0分钟
20211025204014,关,关,关,44°C,25%,23,0分钟
20211025204023,关,关,关,44°C,25%,22,0分钟
20211025204027,关,关,关,44°C,25%,23,0分钟
20211025204035,关,关,关,44°C,25%,22,0分钟
20211025204037,关,关,关,44°C,25%,23,0分钟
20211025204039,关,关,关,44°C,25%,22,0分钟
20211025204041,关,关,关,44°C,25%,23,0分钟
20211025204045,关,关,关,44°C,25%,22,0分钟
20211025204047,关,关,关,44°C,25%,23,0分钟
20211025204049,关,关,关,44°C,25%,22,0分钟
20211025204051,关,关,关,44°C,25%,23,0分钟
20211025204053,关,关,关,44°C,25%,22,0分钟
20211025204107,关,关,关,44°C,25%,23,0分钟
20211025204115,关,关,关,44°C,25%,27,0分钟
20211025204117,关,关,关,43°C,25%,28,0分钟
20211025204123,关,关,关,43°C,25%,27,0分钟
20211025204128,关,关,关,43°C,25%,28,0分钟
20211025204135,关,关,关,43°C,25%,27,0分钟
20211025204137,关,关,关,43°C,25%,28,0分钟
20211025204139,关,关,关,43°C,25%,27,0分钟
20211025204141,关,关,关,43°C,25%,28,0分钟
20211025204147,关,关,关,43°C,25%,27,0分钟
20211025204149,关,关,关,43°C,25%,28,0分钟
20211025204153,关,关,关,43°C,25%,27,0分钟
20211025204155,关,关,关,43°C,25%,28,0分钟
20211025204210,关,关,关,43°C,25%,27,0分钟
20211025204214,关,关,关,42°C,25%,27,0分钟
20211025204216,关,关,关,42°C,25%,28,0分钟
20211025204220,关,关,关,42°C,25%,27,0分钟
20211025204222,关,关,关,42°C,25%,28,0分钟
20211025204226,关,关,关,42°C,25%,27,0分钟
20211025204228,关,关,关,42°C,25%,28,0分钟
20211025204240,关,关,关,42°C,25%,27,0分钟
20211025204242,关,关,关,42°C,25%,28,0分钟
20211025204252,关,关,关,42°C,25%,27,0分钟
20211025204254,关,关,关,42°C,25%,28,0分钟
20211025204302,关,关,关,42°C,25%,27,0分钟
20211025204306,关,关,关,42°C,25%,26,0分钟
20211025204308,关,关,关,42°C,25%,28,0分钟
20211025204310,关,关,关,42°C,25%,27,0分钟
20211025204314,关,关,关,41°C,25%,27,0分钟
20211025204316,关,关,关,41°C,25%,26,0分钟
20211025204318,关,关,关,41°C,25%,27,0分钟
20211025204320,关,关,关,41°C,25%,26,0分钟
20211025204328,关,关,关,41°C,25%,27,0分钟
20211025204330,关,关,关,41°C,25%,28,0分钟
20211025204344,关,关,关,41°C,25%,27,0分钟
20211025204357,关,关,关,41°C,25%,28,0分钟
20211025204359,关,关,关,41°C,25%,28,0分钟
20211025204401,关,关,关,41°C,25%,27,0分钟
20211025204405,关,关,关,40°C,25%,27,0分钟
20211025204437,关,关,关,40°C,25%,0,0分钟
20211025210110,关,关,关,39°C,25%,0,0分钟
20211025210116,关,关,关,38°C,25%,0,0分钟
20211025210159,关,关,关,39°C,25%,0,0分钟
20211025210205,关,关,关,38°C,25%,0,0分钟
20211025210259,关,关,关,39°C,25%,0,0分钟
20211025210306,关,关,关,38°C,25%,0,0分钟
20211025210312,关,关,关,39°C,25%,0,0分钟
20211025210501,关,关,关,38°C,25%,0,0分钟
20211025210507,关,关,关,39°C,25%,0,0分钟
20211025210637,关,关,关,38°C,25%,0,0分钟
20211025210644,关,关,关,39°C,25%,0,0分钟
20211025215225,关,关,关,38°C,25%,0,0分钟
20211025215227,关,关,关,38°C,25%,46,0分钟
20211025215241,关,关,关,38°C,25%,47,0分钟
20211025215243,关,关,关,38°C,25%,42,0分钟
20211025215245,关,关,关,38°C,25%,48,0分钟
20211025215248,关,关,关,38°C,25%,50,0分钟
20211025215252,关,关,关,38°C,25%,48,0分钟
20211025215254,关,关,关,38°C,25%,47,0分钟
20211025215302,关,关,关,38°C,25%,50,0分钟
20211025215304,关,关,关,38°C,25%,48,0分钟
20211025215308,关,关,关,38°C,25%,50,0分钟
20211025215314,关,关,关,38°C,25%,48,0分钟
20211025215316,关,关,关,38°C,25%,50,0分钟
20211025215318,关,关,关,37°C,25%,50,0分钟
20211025215322,关,关,关,37°C,25%,48,0分钟
20211025215324,关,关,关,37°C,25%,45,0分钟
20211025215326,关,关,关,37°C,25%,46,0分钟
20211025215328,关,关,关,37°C,25%,43,0分钟
20211025215330,关,关,关,37°C,25%,35,0分钟
20211025215332,关,关,关,37°C,25%,30,0分钟
20211025215336,关,关,关,37°C,25%,27,0分钟
20211025215350,关,关,关,37°C,25%,28,0分钟
20211025215354,关,关,关,37°C,25%,27,0分钟
20211025215358,关,关,关,37°C,25%,28,0分钟
20211025215400,关,关,关,37°C,25%,27,0分钟
20211025215402,关,关,关,37°C,25%,30,0分钟
20211025215406,关,关,关,37°C,25%,28,0分钟
20211025215408,关,关,关,37°C,25%,27,0分钟
20211025215418,关,关,关,37°C,25%,28,0分钟
20211025215419,关,关,关,36°C,25%,32,0分钟
20211025215420,关,关,关,36°C,25%,33,0分钟
20211025215422,关,关,关,36°C,25%,31,0分钟
20211025215451,关,关,关,36°C,25%,32,0分钟
20211025215453,关,关,关,36°C,25%,31,0分钟
20211025215455,关,关,关,36°C,25%,32,0分钟
20211025215459,关,关,关,36°C,25%,31,0分钟
20211025215503,关,关,关,35°C,25%,31,0分钟
20211025215505,关,关,关,35°C,25%,32,0分钟
20211025215509,关,关,关,35°C,25%,31,0分钟
20211025215513,关,关,关,35°C,25%,32,0分钟
20211025215515,关,关,关,35°C,25%,13,0分钟
20211025215611,关,关,关,35°C,25%,0,0分钟
20211025215650,关,关,关,34°C,0%,0,0分钟
20211025215652,关,关,关,34°C,0%,38,0分钟
20211025215656,关,关,关,34°C,0%,40,0分钟
20211025215658,关,关,关,34°C,0%,41,0分钟
20211025215700,关,关,关,34°C,0%,40,0分钟
20211025215702,关,关,关,34°C,0%,41,0分钟
20211025215704,关,关,关,34°C,0%,40,0分钟
20211025215706,关,关,关,34°C,0%,41,0分钟
20211025215708,关,关,关,34°C,0%,38,0分钟
20211025215710,关,关,关,34°C,0%,40,0分钟
20211025215712,关,关,关,34°C,0%,41,0分钟
20211025215714,关,关,关,34°C,0%,40,0分钟
20211025215716,关,关,关,34°C,0%,41,0分钟
20211025215728,关,关,关,34°C,0%,40,0分钟
20211025215732,关,关,关,34°C,0%,41,0分钟
20211025215736,关,关,关,34°C,0%,40,0分钟
20211025215746,关,关,关,34°C,0%,41,0分钟
20211025215750,关,关,关,34°C,0%,40,0分钟
20211025215752,关,关,关,34°C,0%,41,0分钟
20211025215754,关,关,关,34°C,0%,40,0分钟
20211025215756,关,关,关,34°C,0%,41,0分钟
20211025215758,关,关,关,34°C,0%,40,0分钟
20211025215804,关,关,关,34°C,0%,41,0分钟
20211025215809,关,关,关,34°C,0%,40,0分钟
20211025215811,关,关,关,34°C,0%,41,0分钟
20211025215815,关,关,关,34°C,0%,40,0分钟
20211025215817,关,关,关,34°C,0%,41,0分钟
20211025215819,关,关,关,34°C,0%,42,0分钟
20211025215823,关,关,关,33°C,0%,40,0分钟
20211025215825,关,关,关,33°C,0%,33,0分钟
20211025215827,关,关,关,33°C,0%,36,0分钟
20211025215829,关,关,关,33°C,0%,37,0分钟
20211025215831,关,关,关,33°C,0%,36,0分钟
20211025215833,关,关,关,33°C,0%,37,0分钟
20211025215835,关,关,关,33°C,0%,36,0分钟
20211025215837,关,关,关,33°C,0%,37,0分钟
20211025215839,关,关,关,33°C,0%,36,0分钟
20211025215841,关,关,关,33°C,0%,43,0分钟
20211025215843,关,关,关,33°C,0%,42,0分钟
20211025215845,关,关,关,33°C,0%,43,0分钟
20211025215847,关,关,关,33°C,0%,41,0分钟
20211025215853,关,关,关,33°C,0%,42,0分钟
20211025215855,关,关,关,33°C,0%,41,0分钟
20211025215901,关,关,关,33°C,0%,43,0分钟
20211025215903,关,关,关,32°C,0%,42,0分钟
20211025215905,关,关,关,32°C,0%,43,0分钟
20211025215907,关,关,关,32°C,0%,42,0分钟
20211025215909,关,关,关,32°C,0%,41,0分钟
20211025215921,关,关,关,32°C,0%,42,0分钟
20211025215923,关,关,关,32°C,0%,41,0分钟
20211025215931,关,关,关,32°C,0%,42,0分钟
20211025215935,关,关,关,31°C,0%,42,0分钟
20211025215937,关,关,关,31°C,0%,41,0分钟
20211025215953,关,关,关,31°C,0%,42,0分钟
20211025215956,关,关,关,31°C,0%,41,0分钟
20211025220000,关,关,关,31°C,0%,42,0分钟
20211025220002,关,关,关,31°C,0%,10,0分钟
20211025220014,关,关,关,31°C,0%,0,0分钟
20211025223222,关,关,关,30°C,0%,0,0分钟
20211025223224,关,关,关,30°C,0%,8,0分钟
20211025224002,关,关,关,30°C,0%,0,0分钟
20211025224004,关,关,关,30°C,0%,8,0分钟
20211025233841,关,关,关,30°C,0%,0,0分钟
20211025234100,关,关,关,30°C,0%,0,0分钟
20211025234106,关,关,关,31°C,0%,0,0分钟
20211025234143,关,关,关,30°C,0%,0,0分钟
20211025234155,关,关,关,31°C,0%,0,0分钟
20211025234255,关,关,关,30°C,0%,0,0分钟
20211025234301,关,关,关,31°C,0%,0,0分钟
20211025234314,关,关,关,30°C,0%,0,0分钟
20211025234320,关,关,关,31°C,0%,0,0分钟
20211025234503,关,关,关,30°C,0%,0,0分钟
20211025234515,关,关,关,31°C,0%,0,0分钟
20211025234521,关,关,关,30°C,0%,0,0分钟
20211025234533,关,关,关,31°C,0%,0,0分钟
20211025234557,关,关,关,30°C,0%,0,0分钟
20211025234609,关,关,关,31°C,0%,0,0分钟
20211025234722,关,关,关,30°C,0%,0,0分钟
20211025234728,关,关,关,31°C,0%,0,0分钟
20211025234752,关,关,关,30°C,0%,0,0分钟
20211025234758,关,关,关,31°C,0%,0,0分钟
20211025234810,关,关,关,30°C,0%,0,0分钟
20211025234816,关,关,关,31°C,0%,0,0分钟
20211025234835,关,关,关,30°C,0%,0,0分钟
20211025234841,关,关,关,31°C,0%,0,0分钟
20211025234905,关,关,关,30°C,0%,0,0分钟
20211025234911,关,关,关,31°C,0%,0,0分钟
20211025234917,关,关,关,30°C,0%,0,0分钟
20211025234929,关,关,关,31°C,0%,0,0分钟
20211025234947,关,关,关,30°C,0%,0,0分钟
20211025234959,关,关,关,31°C,0%,0,0分钟
20211025235036,关,关,关,30°C,0%,0,0分钟
20211025235048,关,关,关,31°C,0%,0,0分钟
20211025235106,关,关,关,30°C,0%,0,0分钟
20211025235112,关,关,关,31°C,0%,0,0分钟
20211025235124,关,关,关,30°C,0%,0,0分钟
20211025235136,关,关,关,31°C,0%,0,0分钟
20211025235142,关,关,关,30°C,0%,0,0分钟
20211025235148,关,关,关,31°C,0%,0,0分钟
20211025235154,关,关,关,30°C,0%,0,0分钟
20211025235201,关,关,关,31°C,0%,0,0分钟
20211025235207,关,关,关,30°C,0%,0,0分钟
20211025235213,关,关,关,31°C,0%,0,0分钟
20211025235219,关,关,关,30°C,0%,0,0分钟
20211025235225,关,关,关,31°C,0%,0,0分钟
20211025235231,关,关,关,30°C,0%,0,0分钟
20211025235237,关,关,关,31°C,0%,0,0分钟
20211025235243,关,关,关,30°C,0%,0,0分钟
20211025235249,关,关,关,31°C,0%,0,0分钟
20211025235255,关,关,关,30°C,0%,0,0分钟
20211025235307,关,关,关,31°C,0%,0,0分钟
20211025235337,关,关,关,30°C,0%,0,0分钟
20211025235343,关,关,关,31°C,0%,0,0分钟
20211025235350,关,关,关,30°C,0%,0,0分钟
20211025235356,关,关,关,31°C,0%,0,0分钟
20211025235408,关,关,关,30°C,0%,0,0分钟
20211025235414,关,关,关,31°C,0%,0,0分钟
20211025235420,关,关,关,30°C,0%,0,0分钟
20211025235426,关,关,关,31°C,0%,0,0分钟
20211025235438,关,关,关,30°C,0%,0,0分钟
20211025235508,关,关,关,31°C,0%,0,0分钟
20211025235514,关,关,关,30°C,0%,0,0分钟
20211025235520,关,关,关,31°C,0%,0,0分钟
20211025235526,关,关,关,30°C,0%,0,0分钟
20211025235557,关,关,关,31°C,0%,0,0分钟
20211025235609,关,关,关,30°C,0%,0,0分钟
20211025235621,关,关,关,31°C,0%,0,0分钟
20211025235629,关,关,关,30°C,0%,0,0分钟
20211025235633,关,关,关,31°C,0%,0,0分钟
20211025235639,关,关,关,30°C,0%,0,0分钟
20211025235816,关,关,关,31°C,0%,0,0分钟
20211025235828,关,关,关,30°C,0%,0,0分钟
20211025235840,关,关,关,31°C,0%,0,0分钟
20211025235858,关,关,关,30°C,0%,0,0分钟
20211025235917,关,关,关,31°C,0%,0,0分钟
20211025235929,关,关,关,30°C,0%,0,0分钟
20211025235947,关,关,关,31°C,0%,0,0分钟
20211025235953,关,关,关,30°C,0%,0,0分钟
20211026000017,关,关,关,31°C,0%,0,0分钟
20211026000023,关,关,关,30°C,0%,0,0分钟
20211026000100,关,关,关,31°C,0%,0,0分钟
20211026000112,关,关,关,30°C,0%,0,0分钟
20211026000124,关,关,关,31°C,0%,0,0分钟
20211026000130,关,关,关,30°C,0%,0,0分钟
20211026000136,关,关,关,31°C,0%,0,0分钟
20211026000148,关,关,关,30°C,0%,0,0分钟
20211026000212,关,关,关,31°C,0%,0,0分钟
20211026000218,关,关,关,30°C,0%,0,0分钟
20211026000301,关,关,关,31°C,0%,0,0分钟
20211026000413,关,关,关,31°C,0%,0,0分钟
20211026000419,关,关,关,30°C,0%,0,0分钟
20211026000514,关,关,关,31°C,0%,0,0分钟
20211026000520,关,关,关,30°C,0%,0,0分钟
20211026000639,关,关,关,31°C,0%,0,0分钟
20211026000645,关,关,关,30°C,0%,0,0分钟
20211026000721,关,关,关,31°C,0%,0,0分钟
20211026000727,关,关,关,30°C,0%,0,0分钟
20211026000745,关,关,关,31°C,0%,0,0分钟
20211026000751,关,关,关,30°C,0%,0,0分钟
20211026030348,关,关,关,31°C,0%,0,0分钟
20211026034322,关,关,关,31°C,0%,0,0分钟
20211026034340,关,关,关,31°C,0%,0,0分钟
20211026034346,关,关,关,30°C,0%,0,0分钟
20211026034358,关,关,关,31°C,0%,0,0分钟
20211026034404,关,关,关,30°C,0%,0,0分钟
20211026034505,关,关,关,31°C,0%,0,0分钟
20211026034511,关,关,关,30°C,0%,0,0分钟
20211026034529,关,关,关,31°C,0%,0,0分钟
20211026034535,关,关,关,30°C,0%,0,0分钟
20211026034547,关,关,关,31°C,0%,0,0分钟
20211026034553,关,关,关,30°C,0%,0,0分钟
20211026034624,关,关,关,31°C,0%,0,0分钟
20211026034630,关,关,关,30°C,0%,0,0分钟
20211026034700,关,关,关,31°C,0%,0,0分钟
20211026034706,关,关,关,30°C,0%,0,0分钟
20211026034807,关,关,关,31°C,0%,0,0分钟
20211026034813,关,关,关,30°C,0%,0,0分钟
20211026034825,关,关,关,31°C,0%,0,0分钟
20211026034831,关,关,关,30°C,0%,0,0分钟
20211026034843,关,关,关,31°C,0%,0,0分钟
20211026034849,关,关,关,30°C,0%,0,0分钟
20211026034931,关,关,关,31°C,0%,0,0分钟
20211026034937,关,关,关,30°C,0%,0,0分钟
20211026034956,关,关,关,31°C,0%,0,0分钟
20211026035002,关,关,关,30°C,0%,0,0分钟
20211026035044,关,关,关,31°C,0%,0,0分钟
20211026035056,关,关,关,30°C,0%,0,0分钟
20211026035102,关,关,关,31°C,0%,0,0分钟
20211026035108,关,关,关,30°C,0%,0,0分钟
20211026035120,关,关,关,31°C,0%,0,0分钟
20211026035126,关,关,关,30°C,0%,0,0分钟
20211026035157,关,关,关,31°C,0%,0,0分钟
20211026035203,关,关,关,30°C,0%,0,0分钟
20211026035233,关,关,关,31°C,0%,0,0分钟
20211026035239,关,关,关,30°C,0%,0,0分钟
20211026035328,关,关,关,31°C,0%,0,0分钟
20211026035334,关,关,关,30°C,0%,0,0分钟
20211026035440,关,关,关,31°C,0%,0,0分钟
20211026035446,关,关,关,30°C,0%,0,0分钟
20211026035559,关,关,关,31°C,0%,0,0分钟
20211026035608,关,关,关,30°C,0%,0,0分钟
20211026035623,关,关,关,31°C,0%,0,0分钟
20211026035629,关,关,关,30°C,0%,0,0分钟
20211026035806,关,关,关,31°C,0%,0,0分钟
20211026035812,关,关,关,30°C,0%,0,0分钟
20211026035818,关,关,关,31°C,0%,0,0分钟
20211026035836,关,关,关,30°C,0%,0,0分钟
20211026040044,关,关,关,31°C,0%,0,0分钟
20211026040050,关,关,关,30°C,0%,0,0分钟
20211026040126,关,关,关,31°C,0%,0,0分钟
20211026040132,关,关,关,30°C,0%,0,0分钟
20211026040138,关,关,关,31°C,0%,0,0分钟
20211026040144,关,关,关,30°C,0%,0,0分钟
20211026040221,关,关,关,31°C,0%,0,0分钟
20211026040233,关,关,关,30°C,0%,0,0分钟
20211026040239,关,关,关,31°C,0%,0,0分钟
20211026040245,关,关,关,30°C,0%,0,0分钟
20211026040251,关,关,关,31°C,0%,0,0分钟
20211026040257,关,关,关,30°C,0%,0,0分钟
20211026040315,关,关,关,31°C,0%,0,0分钟
20211026040321,关,关,关,30°C,0%,0,0分钟
20211026040327,关,关,关,31°C,0%,0,0分钟
20211026040333,关,关,关,30°C,0%,0,0分钟
20211026040339,关,关,关,31°C,0%,0,0分钟
20211026040357,关,关,关,30°C,0%,0,0分钟
20211026040410,关,关,关,31°C,0%,0,0分钟
20211026040422,关,关,关,30°C,0%,0,0分钟
20211026040516,关,关,关,31°C,0%,0,0分钟
20211026040522,关,关,关,30°C,0%,0,0分钟
20211026040531,关,关,关,31°C,0%,0,0分钟
20211026040540,关,关,关,30°C,0%,0,0分钟
20211026040546,关,关,关,31°C,0%,0,0分钟
20211026040552,关,关,关,30°C,0%,0,0分钟
20211026040605,关,关,关,31°C,0%,0,0分钟
20211026040611,关,关,关,30°C,0%,0,0分钟
20211026040659,关,关,关,31°C,0%,0,0分钟
20211026040705,关,关,关,30°C,0%,0,0分钟
20211026040735,关,关,关,31°C,0%,0,0分钟
20211026040741,关,关,关,30°C,0%,0,0分钟
20211026040754,关,关,关,31°C,0%,0,0分钟
20211026040800,关,关,关,30°C,0%,0,0分钟
20211026040842,关,关,关,31°C,0%,0,0分钟
20211026040848,关,关,关,30°C,0%,0,0分钟
20211026040854,关,关,关,31°C,0%,0,0分钟
20211026040900,关,关,关,30°C,0%,0,0分钟
20211026040918,关,关,关,31°C,0%,0,0分钟
20211026040937,关,关,关,30°C,0%,0,0分钟
20211026040943,关,关,关,31°C,0%,0,0分钟
20211026040949,关,关,关,30°C,0%,0,0分钟
20211026040955,关,关,关,31°C,0%,0,0分钟
20211026041001,关,关,关,30°C,0%,0,0分钟
20211026041055,关,关,关,31°C,0%,0,0分钟
20211026041101,关,关,关,31°C,0%,0,0分钟
20211026041113,关,关,关,30°C,0%,0,0分钟
20211026041120,关,关,关,31°C,0%,0,0分钟
20211026041132,关,关,关,30°C,0%,0,0分钟
20211026041138,关,关,关,31°C,0%,0,0分钟
20211026041156,关,关,关,30°C,0%,0,0分钟
20211026041202,关,关,关,31°C,0%,0,0分钟
20211026041220,关,关,关,30°C,0%,0,0分钟
20211026041238,关,关,关,31°C,0%,0,0分钟
20211026041256,关,关,关,30°C,0%,0,0分钟
20211026041309,关,关,关,31°C,0%,0,0分钟
20211026041315,关,关,关,30°C,0%,0,0分钟
20211026041327,关,关,关,31°C,0%,0,0分钟
20211026041333,关,关,关,30°C,0%,0,0分钟
20211026041339,关,关,关,31°C,0%,0,0分钟
20211026041357,关,关,关,30°C,0%,0,0分钟
20211026041403,关,关,关,31°C,0%,0,0分钟
20211026041409,关,关,关,30°C,0%,0,0分钟
20211026041427,关,关,关,31°C,0%,0,0分钟
20211026041456,关,关,关,30°C,0%,0,0分钟
20211026041516,关,关,关,31°C,0%,0,0分钟
20211026041534,关,关,关,30°C,0%,0,0分钟
20211026041540,关,关,关,31°C,0%,0,0分钟
20211026041552,关,关,关,30°C,0%,0,0分钟
20211026041558,关,关,关,31°C,0%,0,0分钟
20211026041622,关,关,关,30°C,0%,0,0分钟
20211026041634,关,关,关,31°C,0%,0,0分钟
20211026041641,关,关,关,30°C,0%,0,0分钟
20211026041647,关,关,关,31°C,0%,0,0分钟
20211026041659,关,关,关,30°C,0%,0,0分钟
20211026041723,关,关,关,31°C,0%,0,0分钟
20211026041735,关,关,关,30°C,0%,0,0分钟
20211026041741,关,关,关,31°C,0%,0,0分钟
20211026041747,关,关,关,30°C,0%,0,0分钟
20211026041753,关,关,关,31°C,0%,0,0分钟
20211026041759,关,关,关,30°C,0%,0,0分钟
20211026041805,关,关,关,31°C,0%,0,0分钟
20211026041811,关,关,关,30°C,0%,0,0分钟
20211026041817,关,关,关,31°C,0%,0,0分钟
20211026041924,关,关,关,30°C,0%,0,0分钟
20211026041938,关,关,关,31°C,0%,0,0分钟
20211026042013,关,关,关,30°C,0%,0,0分钟
20211026042031,关,关,关,31°C,0%,0,0分钟
20211026042037,关,关,关,30°C,0%,0,0分钟
20211026042043,关,关,关,31°C,0%,0,0分钟
20211026042049,关,关,关,30°C,0%,0,0分钟
20211026042101,关,关,关,31°C,0%,0,0分钟
20211026042113,关,关,关,30°C,0%,0,0分钟
20211026042131,关,关,关,31°C,0%,0,0分钟
20211026042202,关,关,关,30°C,0%,0,0分钟
20211026042208,关,关,关,31°C,0%,0,0分钟
20211026042214,关,关,关,30°C,0%,0,0分钟
20211026042226,关,关,关,31°C,0%,0,0分钟
20211026042308,关,关,关,30°C,0%,0,0分钟
20211026042314,关,关,关,31°C,0%,0,0分钟
20211026042326,关,关,关,30°C,0%,0,0分钟
20211026042338,关,关,关,31°C,0%,0,0分钟
20211026042345,关,关,关,30°C,0%,0,0分钟
20211026042403,关,关,关,31°C,0%,0,0分钟
20211026042415,关,关,关,30°C,0%,0,0分钟
20211026042427,关,关,关,31°C,0%,0,0分钟
20211026042433,关,关,关,30°C,0%,0,0分钟
20211026042451,关,关,关,31°C,0%,0,0分钟
20211026042509,关,关,关,30°C,0%,0,0分钟
20211026042558,关,关,关,31°C,0%,0,0分钟
20211026042634,关,关,关,30°C,0%,0,0分钟
20211026042646,关,关,关,31°C,0%,0,0分钟
20211026042652,关,关,关,30°C,0%,0,0分钟
20211026042704,关,关,关,31°C,0%,0,0分钟
20211026042735,关,关,关,30°C,0%,0,0分钟
20211026042741,关,关,关,31°C,0%,0,0分钟
20211026042753,关,关,关,30°C,0%,0,0分钟
20211026042759,关,关,关,31°C,0%,0,0分钟
20211026042853,关,关,关,30°C,0%,0,0分钟
20211026042902,关,关,关,31°C,0%,0,0分钟
20211026042905,关,关,关,30°C,0%,0,0分钟
20211026042918,关,关,关,31°C,0%,0,0分钟
20211026042924,关,关,关,30°C,0%,0,0分钟
20211026042930,关,关,关,31°C,0%,0,0分钟
20211026042936,关,关,关,30°C,0%,0,0分钟
20211026042942,关,关,关,31°C,0%,0,0分钟
20211026043006,关,关,关,30°C,0%,0,0分钟
20211026043012,关,关,关,31°C,0%,0,0分钟
20211026043030,关,关,关,30°C,0%,0,0分钟
20211026043048,关,关,关,31°C,0%,0,0分钟
20211026043113,关,关,关,30°C,0%,0,0分钟
20211026043122,关,关,关,31°C,0%,0,0分钟
20211026043125,关,关,关,30°C,0%,0,0分钟
20211026043137,关,关,关,31°C,0%,0,0分钟
20211026043149,关,关,关,30°C,0%,0,0分钟
20211026043155,关,关,关,31°C,0%,0,0分钟
20211026043201,关,关,关,30°C,0%,0,0分钟
20211026043213,关,关,关,31°C,0%,0,0分钟
20211026043225,关,关,关,30°C,0%,0,0分钟
20211026043237,关,关,关,31°C,0%,0,0分钟
20211026043243,关,关,关,30°C,0%,0,0分钟
20211026043250,关,关,关,31°C,0%,0,0分钟
20211026043302,关,关,关,30°C,0%,0,0分钟
20211026043308,关,关,关,31°C,0%,0,0分钟
20211026043320,关,关,关,30°C,0%,0,0分钟
20211026043326,关,关,关,31°C,0%,0,0分钟
20211026043338,关,关,关,30°C,0%,0,0分钟
20211026043344,关,关,关,31°C,0%,0,0分钟
20211026043356,关,关,关,30°C,0%,0,0分钟
20211026043408,关,关,关,31°C,0%,0,0分钟
20211026043414,关,关,关,30°C,0%,0,0分钟
20211026043420,关,关,关,31°C,0%,0,0分钟
20211026043426,关,关,关,30°C,0%,0,0分钟
20211026043445,关,关,关,31°C,0%,0,0分钟
20211026043451,关,关,关,30°C,0%,0,0分钟
20211026043503,关,关,关,31°C,0%,0,0分钟
20211026043509,关,关,关,30°C,0%,0,0分钟
20211026043515,关,关,关,31°C,0%,0,0分钟
20211026043521,关,关,关,30°C,0%,0,0分钟
20211026043533,关,关,关,31°C,0%,0,0分钟
20211026043545,关,关,关,30°C,0%,0,0分钟
20211026043551,关,关,关,31°C,0%,0,0分钟
20211026043557,关,关,关,30°C,0%,0,0分钟
20211026043605,关,关,关,31°C,0%,0,0分钟
20211026043622,关,关,关,30°C,0%,0,0分钟
20211026043628,关,关,关,31°C,0%,0,0分钟
20211026043640,关,关,关,30°C,0%,0,0分钟
20211026043646,关,关,关,31°C,0%,0,0分钟
20211026043652,关,关,关,30°C,0%,0,0分钟
20211026043704,关,关,关,31°C,0%,0,0分钟
20211026043752,关,关,关,30°C,0%,0,0分钟
20211026043758,关,关,关,31°C,0%,0,0分钟
20211026043805,关,关,关,30°C,0%,0,0分钟
20211026043811,关,关,关,31°C,0%,0,0分钟
20211026043817,关,关,关,30°C,0%,0,0分钟
20211026043826,关,关,关,31°C,0%,0,0分钟
20211026043829,关,关,关,30°C,0%,0,0分钟
20211026043835,关,关,关,31°C,0%,0,0分钟
20211026043841,关,关,关,30°C,0%,0,0分钟
20211026043847,关,关,关,31°C,0%,0,0分钟
20211026043911,关,关,关,30°C,0%,0,0分钟
20211026043917,关,关,关,31°C,0%,0,0分钟
20211026043923,关,关,关,30°C,0%,0,0分钟
20211026043929,关,关,关,31°C,0%,0,0分钟
20211026043954,关,关,关,30°C,0%,0,0分钟
20211026044000,关,关,关,31°C,0%,0,0分钟
20211026044012,关,关,关,30°C,0%,0,0分钟
20211026044018,关,关,关,31°C,0%,0,0分钟
20211026044047,关,关,关,30°C,0%,0,0分钟
20211026044054,关,关,关,31°C,0%,0,0分钟
20211026044112,关,关,关,30°C,0%,0,0分钟
20211026044124,关,关,关,31°C,0%,0,0分钟
20211026044201,关,关,关,30°C,0%,0,0分钟
20211026044213,关,关,关,31°C,0%,0,0分钟
20211026044219,关,关,关,30°C,0%,0,0分钟
20211026044225,关,关,关,31°C,0%,0,0分钟
20211026044313,关,关,关,30°C,0%,0,0分钟
20211026044319,关,关,关,31°C,0%,0,0分钟
20211026044350,关,关,关,30°C,0%,0,0分钟
20211026044356,关,关,关,31°C,0%,0,0分钟
20211026044402,关,关,关,30°C,0%,0,0分钟
20211026044420,关,关,关,31°C,0%,0,0分钟
20211026044426,关,关,关,30°C,0%,0,0分钟
20211026044502,关,关,关,31°C,0%,0,0分钟
20211026044508,关,关,关,30°C,0%,0,0分钟
20211026044521,关,关,关,31°C,0%,0,0分钟
20211026044551,关,关,关,30°C,0%,0,0分钟
20211026044603,关,关,关,31°C,0%,0,0分钟
20211026044615,关,关,关,30°C,0%,0,0分钟
20211026044627,关,关,关,31°C,0%,0,0分钟
20211026044633,关,关,关,30°C,0%,0,0分钟
20211026044639,关,关,关,31°C,0%,0,0分钟
20211026044657,关,关,关,30°C,0%,0,0分钟
20211026044710,关,关,关,31°C,0%,0,0分钟
20211026044734,关,关,关,30°C,0%,0,0分钟
20211026044750,关,关,关,31°C,0%,0,0分钟
20211026044804,关,关,关,30°C,0%,0,0分钟
20211026044810,关,关,关,31°C,0%,0,0分钟
20211026044828,关,关,关,30°C,0%,0,0分钟
20211026044840,关,关,关,31°C,0%,0,0分钟
20211026044929,关,关,关,30°C,0%,0,0分钟
20211026044941,关,关,关,31°C,0%,0,0分钟
20211026045118,关,关,关,30°C,0%,0,0分钟
20211026045136,关,关,关,31°C,0%,0,0分钟
20211026045148,关,关,关,30°C,0%,0,0分钟
20211026045154,关,关,关,31°C,0%,0,0分钟
20211026045206,关,关,关,30°C,0%,0,0分钟
20211026045212,关,关,关,31°C,0%,0,0分钟
20211026045249,关,关,关,30°C,0%,0,0分钟
20211026045255,关,关,关,31°C,0%,0,0分钟
20211026045313,关,关,关,30°C,0%,0,0分钟
20211026045319,关,关,关,31°C,0%,0,0分钟
20211026045325,关,关,关,30°C,0%,0,0分钟
20211026045331,关,关,关,31°C,0%,0,0分钟
20211026045407,关,关,关,30°C,0%,0,0分钟
20211026045413,关,关,关,31°C,0%,0,0分钟
20211026045432,关,关,关,30°C,0%,0,0分钟
20211026045438,关,关,关,31°C,0%,0,0分钟
20211026045456,关,关,关,30°C,0%,0,0分钟
20211026045502,关,关,关,31°C,0%,0,0分钟
20211026045651,关,关,关,30°C,0%,0,0分钟
20211026045703,关,关,关,31°C,0%,0,0分钟
20211026045721,关,关,关,30°C,0%,0,0分钟
20211026045727,关,关,关,31°C,0%,0,0分钟
20211026045852,关,关,关,30°C,0%,0,0分钟
20211026045858,关,关,关,31°C,0%,0,0分钟
20211026050148,关,关,关,30°C,0%,0,0分钟
20211026050343,关,关,关,30°C,0%,0,0分钟
20211026050349,关,关,关,31°C,0%,0,0分钟
20211026050852,关,关,关,30°C,0%,0,0分钟
20211026050858,关,关,关,31°C,0%,0,0分钟
20211026051614,关,关,关,30°C,0%,0,0分钟
20211026051620,关,关,关,31°C,0%,0,0分钟
20211026075435,关,关,关,30°C,0%,0,0分钟
20211026114736,关,关,关,30°C,0%,0,0分钟
20211026125111,关,关,关,30°C,0%,0,0分钟
20211026125116,关,关,关,30°C,0%,0,0分钟
20211026125121,关,关,关,30°C,0%,0,0分钟
20211026125126,关,关,关,30°C,0%,0,0分钟
20211026125131,关,关,关,30°C,0%,0,0分钟
20211026125136,关,关,关,30°C,0%,0,0分钟
20211026125141,关,关,关,30°C,0%,0,0分钟
20211026125146,关,关,关,30°C,0%,0,0分钟
20211026125151,关,关,关,30°C,0%,0,0分钟
20211026125156,关,关,关,30°C,0%,0,0分钟
20211026125201,关,关,关,30°C,0%,0,0分钟
20211026125206,关,关,关,30°C,0%,0,0分钟
20211026125211,关,关,关,30°C,0%,0,0分钟
20211026125216,关,关,关,30°C,0%,0,0分钟
20211026125221,关,关,关,30°C,0%,0,0分钟
20211026125226,关,关,关,30°C,0%,0,0分钟
20211026125231,关,关,关,30°C,0%,0,0分钟
20211026125236,关,关,关,30°C,0%,0,0分钟
20211026155825,关,关,关,30°C,0%,0,0分钟
20211026155925,开,开,关,30°C,0%,0,27分钟
20211026155952,开,开,关,30°C,0%,0,26分钟
20211026160046,开,开,关,31°C,0%,0,26分钟
20211026160104,开,开,关,31°C,0%,0,25分钟
20211026160135,开,开,关,32°C,0%,0,25分钟
20211026160153,开,开,关,32°C,0%,0,24分钟
20211026160157,开,开,关,33°C,0%,0,24分钟
20211026160245,开,开,关,33°C,0%,0,23分钟
20211026160247,开,开,关,33°C,0%,0,22分钟
20211026160328,开,开,关,34°C,0%,0,22分钟
20211026160406,开,开,关,34°C,0%,0,21分钟
20211026160420,开,开,关,35°C,0%,0,21分钟
20211026160511,开,开,关,35°C,0%,0,20分钟
20211026160513,开,开,关,35°C,0%,0,19分钟
20211026160547,开,开,关,36°C,0%,0,19分钟
20211026160549,开,开,关,36°C,0%,0,18分钟
20211026160613,开,开,关,37°C,0%,0,18分钟
20211026160714,开,开,关,37°C,0%,0,17分钟
20211026160803,开,开,关,38°C,0%,0,16分钟
20211026160804,开,开,关,38°C,0%,0,15分钟
20211026160837,开,开,关,39°C,0%,0,15分钟
20211026160927,开,开,关,39°C,0%,0,14分钟
20211026160937,开,开,关,40°C,0%,0,14分钟
20211026161001,开,开,关,40°C,0%,0,13分钟
20211026161003,开,开,关,40°C,0%,0,12分钟
20211026161048,开,开,关,41°C,0%,0,12分钟
20211026161122,开,开,关,41°C,0%,0,11分钟
20211026161142,开,开,关,42°C,0%,0,11分钟
20211026161239,开,开,关,42°C,0%,0,10分钟
20211026161241,开,开,关,42°C,0%,0,9分钟
20211026161335,开,开,关,43°C,0%,0,9分钟
20211026161339,开,开,关,43°C,0%,0,8分钟
20211026161341,开,开,关,43°C,25%,0,8分钟
20211026161412,开,开,关,44°C,25%,0,8分钟
20211026161448,开,开,关,44°C,25%,0,7分钟
20211026161452,开,开,关,45°C,25%,0,7分钟
20211026161540,开,开,关,45°C,25%,0,6分钟
20211026161543,开,开,关,45°C,25%,0,5分钟
20211026161623,开,开,关,46°C,25%,0,5分钟
20211026161643,开,开,关,46°C,25%,0,4分钟
20211026161657,开,开,关,47°C,25%,0,4分钟
20211026161814,开,开,关,47°C,25%,0,3分钟
20211026161904,开,开,关,48°C,25%,0,2分钟
20211026161908,开,开,关,48°C,25%,0,1分钟
20211026161933,开,开,关,49°C,25%,0,1分钟
20211026161955,开,开,关,49°C,25%,0,0分钟
20211026161957,开,关,开,50°C,100%,0,0分钟
20211026163158,开,关,开,50°C,50%,0,0分钟
20211026163314,关,关,关,50°C,50%,0,0分钟
20211026163316,关,关,关,50°C,50%,30,0分钟
20211026163319,关,关,关,50°C,50%,56,0分钟
20211026163322,关,关,关,50°C,50%,58,0分钟
20211026163325,关,关,关,50°C,50%,61,0分钟
20211026163331,关,关,关,50°C,50%,62,0分钟
20211026163333,关,关,关,50°C,50%,61,0分钟
20211026163339,关,关,关,50°C,50%,62,0分钟
20211026163447,关,关,关,50°C,50%,0,0分钟
20211026163449,关,关,关,50°C,50%,37,0分钟
20211026163451,关,关,关,50°C,50%,48,0分钟
20211026163453,关,关,关,50°C,50%,50,0分钟
20211026163455,关,关,关,50°C,50%,48,0分钟
20211026163459,关,关,关,50°C,50%,50,0分钟
20211026163501,关,关,关,50°C,50%,51,0分钟
20211026163503,关,关,关,50°C,50%,48,0分钟
20211026163506,关,关,关,50°C,50%,20,0分钟
20211026163508,关,关,关,50°C,50%,28,0分钟
20211026163509,关,关,关,50°C,50%,31,0分钟
20211026163512,关,关,关,50°C,50%,30,0分钟
20211026163516,关,关,关,50°C,50%,31,0分钟
20211026163518,关,关,关,50°C,50%,32,0分钟
20211026163520,关,关,关,50°C,50%,33,0分钟
20211026163522,关,关,关,50°C,50%,36,0分钟
20211026163526,关,关,关,50°C,50%,37,0分钟
20211026163532,关,关,关,50°C,50%,35,0分钟
20211026163534,关,关,关,50°C,50%,32,0分钟
20211026163540,关,关,关,50°C,50%,31,0分钟
20211026163542,关,关,关,50°C,50%,30,0分钟
20211026163544,关,关,关,50°C,50%,31,0分钟
20211026163546,关,关,关,50°C,50%,30,0分钟
20211026163548,关,关,关,50°C,50%,31,0分钟
20211026163550,关,关,关,50°C,50%,30,0分钟
20211026163552,关,关,关,50°C,50%,26,0分钟
20211026163600,关,关,关,50°C,50%,27,0分钟
20211026163602,关,关,关,50°C,50%,26,0分钟
20211026163608,关,关,关,50°C,50%,27,0分钟
20211026163610,关,关,关,50°C,50%,26,0分钟
20211026163615,关,关,关,50°C,50%,27,0分钟
20211026163616,关,关,关,50°C,50%,26,0分钟
20211026163655,关,关,关,50°C,50%,27,0分钟
20211026163657,关,关,关,50°C,50%,26,0分钟
20211026163707,关,关,关,50°C,50%,27,0分钟
20211026163709,关,关,关,50°C,50%,26,0分钟
20211026163713,关,关,关,50°C,50%,27,0分钟
20211026163715,关,关,关,50°C,50%,26,0分钟
20211026163721,关,关,关,50°C,50%,27,0分钟
20211026163723,关,关,关,50°C,50%,26,0分钟
20211026163733,关,关,关,50°C,50%,27,0分钟
20211026163735,关,关,关,50°C,50%,26,0分钟
20211026163737,关,关,关,50°C,50%,27,0分钟
20211026163739,关,关,关,50°C,50%,26,0分钟
20211026163801,关,关,关,50°C,50%,27,0分钟
20211026163803,关,关,关,50°C,50%,28,0分钟
20211026163805,关,关,关,50°C,50%,27,0分钟
20211026163817,关,关,关,50°C,50%,23,0分钟
20211026163819,关,关,关,50°C,50%,22,0分钟
20211026163825,关,关,关,50°C,50%,23,0分钟
20211026163831,关,关,关,50°C,50%,22,0分钟
20211026163836,关,关,关,50°C,50%,22,0分钟
20211026163844,关,关,关,50°C,50%,23,0分钟
20211026163846,关,关,关,50°C,50%,22,0分钟
20211026163852,关,关,关,50°C,50%,23,0分钟
20211026163856,关,关,关,50°C,50%,22,0分钟
20211026163904,关,关,关,50°C,50%,23,0分钟
20211026163908,关,关,关,50°C,50%,22,0分钟
20211026163910,关,关,关,50°C,50%,23,0分钟
20211026163912,关,关,关,50°C,50%,22,0分钟
20211026163920,关,关,关,50°C,50%,23,0分钟
20211026163922,关,关,关,50°C,50%,22,0分钟
20211026163926,关,关,关,50°C,50%,23,0分钟
20211026163928,关,关,关,50°C,50%,22,0分钟
20211026163934,关,关,关,50°C,50%,23,0分钟
20211026163936,关,关,关,50°C,50%,22,0分钟
20211026163946,关,关,关,49°C,50%,22,0分钟
20211026163956,关,关,关,49°C,50%,23,0分钟
20211026163958,关,关,关,49°C,50%,25,0分钟
20211026164004,关,关,关,49°C,50%,22,0分钟
20211026164006,关,关,关,49°C,50%,23,0分钟
20211026164008,关,关,关,49°C,50%,25,0分钟
20211026164018,关,关,关,49°C,50%,23,0分钟
20211026164020,关,关,关,49°C,50%,22,0分钟
20211026164022,关,关,关,49°C,50%,23,0分钟
20211026164024,关,关,关,49°C,50%,22,0分钟
20211026164028,关,关,关,49°C,50%,23,0分钟
20211026164033,关,关,关,49°C,50%,22,0分钟
20211026164037,关,关,关,49°C,50%,23,0分钟
20211026164041,关,关,关,49°C,50%,22,0分钟
20211026164047,关,关,关,49°C,50%,23,0分钟
20211026164049,关,关,关,49°C,50%,22,0分钟
20211026164057,关,关,关,48°C,50%,22,0分钟
20211026164059,关,关,关,48°C,50%,23,0分钟
20211026164101,关,关,关,48°C,50%,22,0分钟
20211026164103,关,关,关,48°C,50%,23,0分钟
20211026164105,关,关,关,48°C,50%,22,0分钟
20211026164109,关,关,关,48°C,50%,23,0分钟
20211026164113,关,关,关,48°C,50%,22,0分钟
20211026164117,关,关,关,48°C,50%,23,0分钟
20211026164121,关,关,关,48°C,50%,22,0分钟
20211026164125,关,关,关,48°C,50%,23,0分钟
20211026164129,关,关,关,48°C,50%,22,0分钟
20211026164131,关,关,关,48°C,50%,23,0分钟
20211026164137,关,关,关,47°C,50%,23,0分钟
20211026164139,关,关,关,47°C,50%,22,0分钟
20211026164145,关,关,关,47°C,50%,23,0分钟
20211026164147,关,关,关,47°C,50%,22,0分钟
20211026164149,关,关,关,47°C,50%,0,0分钟
20211026164151,关,关,关,47°C,50%,37,0分钟
20211026164153,关,关,关,47°C,50%,40,0分钟
20211026164155,关,关,关,47°C,50%,26,0分钟
20211026164157,关,关,关,47°C,50%,23,0分钟
20211026164213,关,关,关,47°C,50%,22,0分钟
20211026164224,关,关,关,46°C,50%,22,0分钟
20211026164226,关,关,关,46°C,50%,21,0分钟
20211026164228,关,关,关,46°C,50%,23,0分钟
20211026164240,关,关,关,46°C,50%,22,0分钟
20211026164242,关,关,关,46°C,50%,21,0分钟
20211026164246,关,关,关,46°C,50%,22,0分钟
20211026164248,关,关,关,46°C,50%,21,0分钟
20211026164250,关,关,关,46°C,50%,22,0分钟
20211026164252,关,关,关,45°C,50%,23,0分钟
20211026164302,关,关,关,45°C,50%,22,0分钟
20211026164308,关,关,关,45°C,50%,0,0分钟
20211026164350,关,关,关,44°C,50%,0,0分钟
20211026164451,关,关,关,43°C,25%,0,0分钟
20211026165022,关,关,关,42°C,25%,0,0分钟
20211026165024,关,关,关,42°C,25%,23,0分钟
20211026165030,关,关,关,42°C,25%,52,0分钟
20211026165034,关,关,关,42°C,25%,51,0分钟
20211026165040,关,关,关,42°C,25%,52,0分钟
20211026165042,关,关,关,42°C,25%,53,0分钟
20211026165048,关,关,关,42°C,25%,52,0分钟
20211026165052,关,关,关,41°C,25%,52,0分钟
20211026165056,关,关,关,41°C,25%,53,0分钟
20211026165100,关,关,关,41°C,25%,52,0分钟
20211026165119,关,关,关,41°C,25%,0,0分钟
20211026165137,关,关,关,40°C,25%,0,0分钟
20211026165237,关,关,关,39°C,25%,0,0分钟
20211026175749,关,关,关,38°C,25%,0,0分钟
20211026175751,开,开,关,38°C,25%,0,18分钟
20211026175803,关,关,关,37°C,25%,0,0分钟
20211026184926,关,关,关,38°C,25%,0,0分钟
20211026190629,关,关,关,38°C,25%,0,0分钟
20211026190631,关,关,关,38°C,25%,8,0分钟
20211026192244,关,关,关,38°C,25%,0,0分钟
20211026192250,关,关,关,37°C,25%,0,0分钟
20211026192308,关,关,关,38°C,25%,0,0分钟
20211026192314,关,关,关,37°C,25%,0,0分钟
20211026192522,关,关,关,38°C,25%,0,0分钟
20211026192528,关,关,关,37°C,25%,0,0分钟
20211026192546,关,关,关,38°C,25%,0,0分钟
20211026192552,关,关,关,37°C,25%,0,0分钟
20211026192558,关,关,关,38°C,25%,0,0分钟
20211026192604,关,关,关,37°C,25%,0,0分钟
20211026192622,关,关,关,38°C,25%,0,0分钟
20211026192628,关,关,关,37°C,25%,0,0分钟
20211026192900,关,关,关,38°C,25%,0,0分钟
20211026192912,关,关,关,37°C,25%,0,0分钟
20211026192924,关,关,关,38°C,25%,0,0分钟
20211026192930,关,关,关,37°C,25%,0,0分钟
20211026193107,关,关,关,38°C,25%,0,0分钟
20211026193113,关,关,关,37°C,25%,0,0分钟
20211026193125,关,关,关,38°C,25%,0,0分钟
20211026193131,关,关,关,37°C,25%,0,0分钟
20211026193137,关,关,关,38°C,25%,0,0分钟
20211026193143,关,关,关,37°C,25%,0,0分钟
20211026193356,关,关,关,38°C,25%,0,0分钟
20211026193403,关,关,关,37°C,25%,0,0分钟
20211026193716,关,关,关,38°C,25%,0,0分钟
20211026193722,关,关,关,37°C,25%,0,0分钟
20211026194006,关,关,关,38°C,25%,0,0分钟
20211026194012,关,关,关,37°C,25%,0,0分钟
20211026194119,关,关,关,38°C,25%,0,0分钟
20211026194131,关,关,关,37°C,25%,0,0分钟
20211026194149,关,关,关,38°C,25%,0,0分钟
20211026194207,关,关,关,37°C,25%,0,0分钟
20211026194225,关,关,关,38°C,25%,0,0分钟
20211026194231,关,关,关,37°C,25%,0,0分钟
20211026194248,关,关,关,38°C,25%,0,0分钟
20211026194255,关,关,关,37°C,25%,0,0分钟
20211026194308,关,关,关,38°C,25%,0,0分钟
20211026194332,关,关,关,37°C,25%,0,0分钟
20211026194344,关,关,关,38°C,25%,0,0分钟
20211026194356,关,关,关,37°C,25%,0,0分钟
20211026194402,关,关,关,38°C,25%,0,0分钟
20211026194408,关,关,关,37°C,25%,0,0分钟
20211026194426,关,关,关,38°C,25%,0,0分钟
20211026194432,关,关,关,37°C,25%,0,0分钟
20211026194444,关,关,关,38°C,25%,0,0分钟
20211026194450,关,关,关,37°C,25%,0,0分钟
20211026194509,关,关,关,38°C,25%,0,0分钟
20211026194515,关,关,关,37°C,25%,0,0分钟
20211026194521,关,关,关,38°C,25%,0,0分钟
20211026194533,关,关,关,37°C,25%,0,0分钟
20211026194615,关,关,关,38°C,25%,0,0分钟
20211026194634,关,关,关,37°C,25%,0,0分钟
20211026194710,关,关,关,38°C,25%,0,0分钟
20211026194804,关,关,关,37°C,25%,0,0分钟
20211026194810,关,关,关,38°C,25%,0,0分钟
20211026194847,关,关,关,37°C,25%,0,0分钟
20211026194853,关,关,关,38°C,25%,0,0分钟
20211026194859,关,关,关,37°C,25%,0,0分钟
20211026194911,关,关,关,38°C,25%,0,0分钟
20211026195012,关,关,关,37°C,25%,0,0分钟
20211026195024,关,关,关,37°C,25%,0,0分钟
20211026195030,关,关,关,38°C,25%,0,0分钟
20211026195106,关,关,关,37°C,25%,0,0分钟
20211026195118,关,关,关,38°C,25%,0,0分钟
20211026195124,关,关,关,37°C,25%,0,0分钟
20211026195130,关,关,关,38°C,25%,0,0分钟
20211026195148,关,关,关,37°C,25%,0,0分钟
20211026195154,关,关,关,38°C,25%,0,0分钟
20211026195237,关,关,关,37°C,25%,0,0分钟
20211026195243,关,关,关,38°C,25%,0,0分钟
20211026195313,关,关,关,37°C,25%,0,0分钟
20211026195319,关,关,关,38°C,25%,0,0分钟
20211026195438,关,关,关,37°C,25%,0,0分钟
20211026195444,关,关,关,38°C,25%,0,0分钟
20211026195456,关,关,关,37°C,25%,0,0分钟
20211026195502,关,关,关,38°C,25%,0,0分钟
20211026195514,关,关,关,37°C,25%,0,0分钟
20211026195520,关,关,关,38°C,25%,0,0分钟
20211026195840,关,关,关,37°C,25%,0,0分钟
20211026195846,关,关,关,38°C,25%,0,0分钟
20211026201335,关,关,关,37°C,25%,0,0分钟
20211026202129,开,开,关,37°C,25%,0,14分钟
20211026202131,开,开,关,38°C,25%,0,17分钟
20211026201532,开,开,关,38°C,25%,0,16分钟
20211026201554,开,开,关,38°C,25%,0,15分钟
20211026201630,开,开,关,39°C,25%,0,15分钟
20211026201655,开,开,关,39°C,25%,0,14分钟
20211026201707,开,开,关,40°C,25%,0,14分钟
20211026201743,开,开,关,40°C,25%,0,13分钟
20211026201829,开,开,关,41°C,25%,0,12分钟
20211026201902,开,开,关,41°C,25%,0,11分钟
20211026201924,开,开,关,42°C,25%,0,11分钟
20211026202021,开,开,关,42°C,25%,0,10分钟
20211026202103,开,开,关,43°C,25%,0,9分钟
20211026202135,开,开,关,44°C,25%,0,8分钟
20211026202110,开,开,关,44°C,25%,0,7分钟
20211026202116,开,开,关,45°C,25%,0,7分钟
20211026202158,开,开,关,45°C,25%,0,6分钟
20211026202340,开,开,关,46°C,25%,0,5分钟
20211026202405,开,开,关,46°C,25%,0,4分钟
20211026202421,开,开,关,47°C,25%,0,4分钟
20211026202521,开,开,关,47°C,25%,0,3分钟
20211026202535,开,开,关,47°C,25%,0,2分钟
20211026202618,开,开,关,48°C,25%,0,2分钟
20211026202644,开,开,关,49°C,25%,0,1分钟
20211026202712,开,开,关,49°C,25%,0,0分钟
20211026202715,开,关,开,50°C,100%,0,0分钟
20211026203632,开,关,开,50°C,50%,0,0分钟
20211026203634,开,关,开,50°C,50%,11,0分钟
20211026203636,开,关,开,50°C,50%,12,0分钟
20211026203638,开,关,开,50°C,50%,13,0分钟
20211026203642,开,开,关,50°C,50%,25,0分钟
20211026203649,开,开,关,50°C,50%,26,0分钟
20211026203650,开,开,关,50°C,50%,25,0分钟
20211026203654,开,开,关,50°C,50%,26,0分钟
20211026203656,开,开,关,50°C,50%,30,0分钟
20211026203700,开,开,关,50°C,50%,33,0分钟
20211026203702,开,开,关,50°C,50%,32,0分钟
20211026203704,开,开,关,50°C,50%,33,0分钟
20211026203706,开,开,关,50°C,50%,35,0分钟
20211026203708,开,开,关,50°C,50%,32,0分钟
20211026203710,开,开,关,50°C,50%,33,0分钟
20211026203712,开,开,关,50°C,50%,32,0分钟
20211026203722,开,开,关,50°C,50%,33,0分钟
20211026203724,开,开,关,50°C,50%,32,0分钟
20211026203730,开,开,关,50°C,50%,33,0分钟
20211026203732,开,开,关,50°C,50%,32,0分钟
20211026203738,开,开,关,50°C,50%,33,0分钟
20211026203741,开,开,关,50°C,50%,35,0分钟
20211026203743,开,开,关,50°C,50%,32,0分钟
20211026203745,开,开,关,50°C,50%,18,0分钟
20211026203747,开,开,关,50°C,50%,20,0分钟
20211026203753,开,开,关,50°C,50%,18,0分钟
20211026203755,开,开,关,50°C,50%,20,0分钟
20211026203801,开,开,关,50°C,50%,18,0分钟
20211026203803,开,开,关,50°C,50%,20,0分钟
20211026203815,开,开,关,50°C,50%,18,0分钟
20211026203817,开,开,关,50°C,50%,20,0分钟
20211026203819,开,开,关,50°C,50%,18,0分钟
20211026203821,开,开,关,50°C,50%,20,0分钟
20211026203829,开,开,关,50°C,50%,18,0分钟
20211026203831,开,开,关,50°C,50%,20,0分钟
20211026203833,开,开,关,50°C,50%,18,0分钟
20211026203835,开,开,关,50°C,50%,20,0分钟
20211026203844,开,开,关,50°C,50%,18,0分钟
20211026203845,开,开,关,50°C,50%,20,0分钟
20211026203849,开,开,关,50°C,50%,18,0分钟
20211026203851,开,开,关,50°C,50%,20,0分钟
20211026203855,开,开,关,50°C,50%,18,0分钟
20211026203857,开,开,关,50°C,50%,20,0分钟
20211026203859,开,开,关,50°C,50%,18,0分钟
20211026203901,开,开,关,50°C,50%,20,0分钟
20211026203911,开,开,关,50°C,50%,18,0分钟
20211026203913,开,开,关,50°C,50%,20,0分钟
20211026203915,开,开,关,50°C,50%,18,0分钟
20211026203920,开,开,关,50°C,50%,20,0分钟
20211026203926,开,开,关,50°C,50%,18,0分钟
20211026203932,开,开,关,50°C,50%,20,0分钟
20211026203936,开,开,关,50°C,50%,18,0分钟
20211026203940,开,开,关,50°C,50%,20,0分钟
20211026203954,开,开,关,50°C,50%,18,0分钟
20211026203958,开,开,关,50°C,50%,20,0分钟
20211026204008,开,开,关,50°C,50%,18,0分钟
20211026204010,开,开,关,50°C,50%,20,0分钟
20211026204014,开,开,关,50°C,50%,18,0分钟
20211026204016,开,开,关,50°C,50%,20,0分钟
20211026204020,开,开,关,50°C,50%,18,0分钟
20211026204024,开,开,关,50°C,50%,20,0分钟
20211026204032,开,开,关,50°C,50%,18,0分钟
20211026204044,开,开,关,50°C,50%,20,0分钟
20211026204056,开,开,关,50°C,50%,18,0分钟
20211026204058,开,开,关,50°C,50%,20,0分钟
20211026204100,开,开,关,50°C,50%,18,0分钟
20211026204111,开,开,关,50°C,50%,20,0分钟
20211026204113,开,开,关,50°C,50%,18,0分钟
20211026204121,开,开,关,50°C,50%,20,0分钟
20211026204125,开,开,关,50°C,50%,18,0分钟
20211026204127,开,开,关,50°C,50%,20,0分钟
20211026204132,开,开,关,50°C,50%,20,0分钟
20211026204135,开,开,关,50°C,50%,18,0分钟
20211026204143,开,开,关,50°C,50%,20,0分钟
20211026204151,开,开,关,50°C,50%,18,0分钟
20211026204155,开,开,关,50°C,50%,20,0分钟
20211026204201,开,开,关,50°C,50%,18,0分钟
20211026204219,开,开,关,50°C,50%,20,0分钟
20211026204221,开,开,关,50°C,50%,18,0分钟
20211026204227,开,开,关,50°C,50%,20,0分钟
20211026204237,开,开,关,50°C,50%,18,0分钟
20211026204239,开,开,关,50°C,50%,20,0分钟
20211026204243,开,开,关,50°C,50%,18,0分钟
20211026204245,开,开,关,50°C,50%,20,0分钟
20211026204250,开,开,关,50°C,50%,18,0分钟
20211026204302,开,开,关,50°C,50%,20,0分钟
20211026204304,开,开,关,50°C,50%,18,0分钟
20211026204310,开,开,关,50°C,50%,20,0分钟
20211026204312,开,开,关,50°C,50%,18,0分钟
20211026204314,开,开,关,50°C,50%,20,0分钟
20211026204320,开,开,关,50°C,50%,18,0分钟
20211026204326,开,开,关,50°C,50%,20,0分钟
20211026204338,开,开,关,50°C,50%,18,0分钟
20211026204342,开,开,关,50°C,50%,20,0分钟
20211026204344,开,开,关,50°C,50%,18,0分钟
20211026204353,开,开,关,50°C,50%,20,0分钟
20211026204354,开,开,关,50°C,50%,18,0分钟
20211026204356,开,关,开,50°C,100%,0,0分钟
20211026204455,开,关,开,50°C,50%,0,0分钟
20211026204513,开,关,开,49°C,50%,0,0分钟
20211026204519,开,关,开,50°C,50%,0,0分钟
20211026204601,开,关,开,49°C,50%,0,0分钟
20211026204607,开,关,开,50°C,50%,0,0分钟
20211026205141,开,关,开,49°C,50%,0,0分钟
20211026205147,开,关,开,48°C,50%,0,0分钟
20211026205153,开,关,开,49°C,50%,0,0分钟
20211026210247,开,关,开,48°C,50%,0,0分钟
20211026210253,开,关,开,47°C,50%,0,0分钟
20211026210311,开,关,开,48°C,50%,0,0分钟
20211026212214,开,关,开,47°C,50%,0,0分钟
20211026212731,关,关,关,47°C,50%,0,0分钟
20211026212733,关,关,关,47°C,50%,21,0分钟
20211026212736,关,关,关,47°C,50%,46,0分钟
20211026212737,关,关,关,47°C,50%,50,0分钟
20211026212740,关,关,关,47°C,50%,45,0分钟
20211026212742,关,关,关,47°C,50%,46,0分钟
20211026212744,关,关,关,47°C,50%,50,0分钟
20211026212748,关,关,关,47°C,50%,52,0分钟
20211026212750,关,关,关,47°C,50%,51,0分钟
20211026212754,关,关,关,47°C,50%,52,0分钟
20211026212756,关,关,关,47°C,50%,51,0分钟
20211026212758,关,关,关,47°C,50%,53,0分钟
20211026212802,关,关,关,47°C,50%,52,0分钟
20211026212808,关,关,关,46°C,50%,51,0分钟
20211026212816,关,关,关,46°C,50%,52,0分钟
20211026212818,关,关,关,46°C,50%,50,0分钟
20211026212820,关,关,关,46°C,50%,38,0分钟
20211026212822,关,关,关,46°C,50%,37,0分钟
20211026212831,关,关,关,46°C,50%,37,0分钟
20211026212838,关,关,关,46°C,50%,31,0分钟
20211026212844,关,关,关,46°C,50%,28,0分钟
20211026212850,关,关,关,46°C,50%,22,0分钟
20211026212856,关,关,关,45°C,50%,22,0分钟
20211026212858,关,关,关,45°C,50%,21,0分钟
20211026212910,关,关,关,45°C,50%,22,0分钟
20211026212912,关,关,关,45°C,50%,21,0分钟
20211026212914,关,关,关,45°C,50%,22,0分钟
20211026212918,关,关,关,44°C,50%,22,0分钟
20211026212920,关,关,关,44°C,50%,21,0分钟
20211026212933,关,关,关,44°C,50%,22,0分钟
20211026212939,关,关,关,44°C,50%,21,0分钟
20211026212941,关,关,关,44°C,50%,23,0分钟
20211026212943,关,关,关,44°C,50%,21,0分钟
20211026212947,关,关,关,44°C,50%,22,0分钟
20211026212951,关,关,关,44°C,50%,21,0分钟
20211026212957,关,关,关,44°C,50%,22,0分钟
20211026213001,关,关,关,43°C,50%,22,0分钟
20211026213003,关,关,关,43°C,50%,21,0分钟
20211026213005,关,关,关,43°C,50%,22,0分钟
20211026213007,关,关,关,43°C,50%,21,0分钟
20211026213021,关,关,关,43°C,50%,22,0分钟
20211026213023,关,关,关,42°C,50%,21,0分钟
20211026213037,关,关,关,42°C,50%,22,0分钟
20211026213039,关,关,关,42°C,50%,21,0分钟
20211026213041,关,关,关,42°C,50%,22,0分钟
20211026213043,关,关,关,42°C,50%,21,0分钟
20211026213052,关,关,关,42°C,25%,21,0分钟
20211026213057,关,关,关,42°C,25%,22,0分钟
20211026213059,关,关,关,42°C,25%,21,0分钟
20211026213104,关,关,关,42°C,25%,22,0分钟
20211026213105,关,关,关,41°C,25%,22,0分钟
20211026213108,关,关,关,41°C,25%,21,0分钟
20211026213114,关,关,关,41°C,25%,22,0分钟
20211026213118,关,关,关,41°C,25%,21,0分钟
20211026213138,关,关,关,41°C,25%,22,0分钟
20211026213140,关,关,关,41°C,25%,21,0分钟
20211026213144,关,关,关,41°C,25%,22,0分钟
20211026213146,关,关,关,41°C,25%,21,0分钟
20211026213148,关,关,关,40°C,25%,21,0分钟
20211026213154,关,关,关,40°C,25%,22,0分钟
20211026213156,关,关,关,40°C,25%,21,0分钟
20211026213158,关,关,关,40°C,25%,22,0分钟
20211026213200,关,关,关,40°C,25%,21,0分钟
20211026213216,关,关,关,40°C,25%,22,0分钟
20211026213224,关,关,关,39°C,25%,22,0分钟
20211026213226,关,关,关,39°C,25%,21,0分钟
20211026213228,关,关,关,39°C,25%,22,0分钟
20211026213230,关,关,关,39°C,25%,21,0分钟
20211026213232,关,关,关,39°C,25%,22,0分钟
20211026213234,关,关,关,39°C,25%,21,0分钟
20211026213240,关,关,关,39°C,25%,22,0分钟
20211026213242,关,关,关,39°C,25%,21,0分钟
20211026213244,关,关,关,39°C,25%,22,0分钟
20211026213246,关,关,关,39°C,25%,21,0分钟
20211026213248,关,关,关,39°C,25%,22,0分钟
20211026213251,关,关,关,39°C,25%,21,0分钟
20211026213253,关,关,关,39°C,25%,22,0分钟
20211026213303,关,关,关,38°C,25%,22,0分钟
20211026213307,关,关,关,38°C,25%,21,0分钟
20211026213313,关,关,关,38°C,25%,21,0分钟
20211026213315,关,关,关,38°C,25%,20,0分钟
20211026213317,关,关,关,38°C,25%,21,0分钟
20211026213323,关,关,关,38°C,25%,20,0分钟
20211026213325,关,关,关,37°C,25%,21,0分钟
20211026213333,关,关,关,37°C,25%,22,0分钟
20211026213335,关,关,关,37°C,25%,23,0分钟
20211026213353,关,关,关,37°C,25%,22,0分钟
20211026213355,关,关,关,37°C,25%,21,0分钟
20211026213357,关,关,关,37°C,25%,23,0分钟
20211026213405,关,关,关,37°C,25%,22,0分钟
20211026213407,关,关,关,36°C,25%,22,0分钟
20211026213409,关,关,关,36°C,25%,21,0分钟
20211026213411,关,关,关,36°C,25%,22,0分钟
20211026213415,关,关,关,36°C,25%,23,0分钟
20211026213421,关,关,关,36°C,25%,22,0分钟
20211026213423,关,关,关,36°C,25%,21,0分钟
20211026213433,关,关,关,36°C,25%,22,0分钟
20211026213435,关,关,关,36°C,25%,23,0分钟
20211026213437,关,关,关,36°C,25%,21,0分钟
20211026213442,关,关,关,36°C,25%,22,0分钟
20211026213444,关,关,关,35°C,25%,23,0分钟
20211026213542,关,关,关,35°C,25%,0,0分钟
20211026213552,关,关,关,34°C,25%,0,0分钟
20211026213554,关,关,关,34°C,25%,11,0分钟
20211026213623,关,关,关,34°C,25%,21,0分钟
20211026213624,关,关,关,34°C,25%,25,0分钟
20211026213641,关,关,关,34°C,25%,23,0分钟
20211026213643,关,关,关,34°C,25%,22,0分钟
20211026213645,关,关,关,34°C,25%,23,0分钟
20211026213647,关,关,关,34°C,25%,22,0分钟
20211026213655,关,关,关,34°C,25%,23,0分钟
20211026213657,关,关,关,34°C,25%,22,0分钟
20211026213705,关,关,关,34°C,25%,23,0分钟
20211026213707,关,关,关,34°C,25%,22,0分钟
20211026213709,关,关,关,34°C,25%,23,0分钟
20211026213711,关,关,关,34°C,25%,22,0分钟
20211026213713,关,关,关,34°C,25%,23,0分钟
20211026213717,关,关,关,34°C,25%,18,0分钟
20211026213719,关,关,关,34°C,25%,20,0分钟
20211026213721,关,关,关,34°C,25%,18,0分钟
20211026213725,关,关,关,34°C,25%,20,0分钟
20211026213727,关,关,关,33°C,25%,20,0分钟
20211026213729,关,关,关,33°C,25%,18,0分钟
20211026213733,关,关,关,33°C,25%,20,0分钟
20211026213735,关,关,关,33°C,25%,25,0分钟
20211026213755,关,关,关,33°C,25%,25,0分钟
20211026213759,关,关,关,33°C,25%,23,0分钟
20211026213807,关,关,关,33°C,0%,23,0分钟
20211026213812,关,关,关,33°C,0%,25,0分钟
20211026213813,关,关,关,33°C,0%,23,0分钟
20211026213814,关,关,关,33°C,0%,25,0分钟
20211026213816,关,关,关,32°C,0%,22,0分钟
20211026213852,关,关,关,32°C,0%,23,0分钟
20211026213854,关,关,关,32°C,0%,22,0分钟
20211026213856,关,关,关,32°C,0%,23,0分钟
20211026213858,关,关,关,32°C,0%,10,0分钟
20211026213914,关,关,关,32°C,0%,0,0分钟
20211026214208,关,关,关,31°C,0%,0,0分钟
20211026214210,关,关,关,31°C,0%,20,0分钟
20211026214212,关,关,关,31°C,0%,22,0分钟
20211026214216,关,关,关,31°C,0%,23,0分钟
20211026214222,关,关,关,31°C,0%,22,0分钟
20211026214224,关,关,关,31°C,0%,23,0分钟
20211026214232,关,关,关,31°C,0%,22,0分钟
20211026214234,关,关,关,31°C,0%,23,0分钟
20211026214242,关,关,关,31°C,0%,22,0分钟
20211026214244,关,关,关,31°C,0%,23,0分钟
20211026214250,关,关,关,31°C,0%,22,0分钟
20211026214300,关,关,关,31°C,0%,23,0分钟
20211026214302,关,关,关,31°C,0%,22,0分钟
20211026214306,关,关,关,31°C,0%,23,0分钟
20211026214308,关,关,关,31°C,0%,22,0分钟
20211026214312,关,关,关,31°C,0%,23,0分钟
20211026214314,关,关,关,31°C,0%,22,0分钟
20211026214316,关,关,关,31°C,0%,23,0分钟
20211026214322,关,关,关,31°C,0%,22,0分钟
20211026214333,关,关,关,31°C,0%,23,0分钟
20211026214334,关,关,关,31°C,0%,22,0分钟
20211026214337,关,关,关,31°C,0%,23,0分钟
20211026214339,关,关,关,31°C,0%,22,0分钟
20211026214341,关,关,关,31°C,0%,23,0分钟
20211026214412,关,关,关,30°C,0%,23,0分钟
20211026214413,关,关,关,30°C,0%,22,0分钟
20211026214420,关,关,关,30°C,0%,32,0分钟
20211026214421,关,关,关,30°C,0%,31,0分钟
20211026214425,关,关,关,30°C,0%,32,0分钟
20211026214427,关,关,关,30°C,0%,31,0分钟
20211026214433,关,关,关,30°C,0%,32,0分钟
20211026214437,关,关,关,30°C,0%,33,0分钟
20211026214441,关,关,关,30°C,0%,32,0分钟
20211026214443,关,关,关,30°C,0%,33,0分钟
20211026214459,关,关,关,30°C,0%,32,0分钟
20211026214501,关,关,关,30°C,0%,31,0分钟
20211026214536,关,关,关,30°C,0%,0,0分钟
20211026220215,关,关,关,29°C,0%,0,0分钟
20211026220217,关,关,关,29°C,0%,8,0分钟
20211026221619,关,关,关,29°C,0%,0,0分钟
20211026223850,关,关,关,29°C,0%,0,0分钟
20211026223856,关,关,关,30°C,0%,0,0分钟
20211026223938,关,关,关,29°C,0%,0,0分钟
20211026223945,关,关,关,30°C,0%,0,0分钟
20211026224057,关,关,关,29°C,0%,0,0分钟
20211026224103,关,关,关,30°C,0%,0,0分钟
20211026224109,关,关,关,29°C,0%,0,0分钟
20211026224117,关,关,关,30°C,0%,0,0分钟
20211026224121,关,关,关,29°C,0%,0,0分钟
20211026224134,关,关,关,30°C,0%,0,0分钟
20211026224146,关,关,关,29°C,0%,0,0分钟
20211026224152,关,关,关,30°C,0%,0,0分钟
20211026224246,关,关,关,29°C,0%,0,0分钟
20211026224304,关,关,关,30°C,0%,0,0分钟
20211026224353,关,关,关,29°C,0%,0,0分钟
20211026224405,关,关,关,30°C,0%,0,0分钟
20211026224411,关,关,关,29°C,0%,0,0分钟
20211026224417,关,关,关,30°C,0%,0,0分钟
20211026224423,关,关,关,29°C,0%,0,0分钟
20211026224429,关,关,关,30°C,0%,0,0分钟
20211026224512,关,关,关,29°C,0%,0,0分钟
20211026224554,关,关,关,30°C,0%,0,0分钟
20211026224600,关,关,关,29°C,0%,0,0分钟
20211026224606,关,关,关,30°C,0%,0,0分钟
20211026224618,关,关,关,29°C,0%,0,0分钟
20211026224908,关,关,关,30°C,0%,0,0分钟
20211026224914,关,关,关,29°C,0%,0,0分钟
20211026230047,关,关,关,30°C,0%,0,0分钟
20211026230048,关,关,关,30°C,0%,21,0分钟
20211026230051,关,关,关,30°C,0%,42,0分钟
20211026230101,关,关,关,30°C,0%,43,0分钟
20211026230103,关,关,关,30°C,0%,45,0分钟
20211026230105,关,关,关,30°C,0%,43,0分钟
20211026230107,关,关,关,30°C,0%,45,0分钟
20211026230111,关,关,关,30°C,0%,43,0分钟
20211026230113,关,关,关,30°C,0%,45,0分钟
20211026230117,关,关,关,30°C,0%,43,0分钟
20211026230123,关,关,关,30°C,0%,45,0分钟
20211026230125,关,关,关,30°C,0%,43,0分钟
20211026230127,关,关,关,30°C,0%,45,0分钟
20211026230129,关,关,关,29°C,0%,43,0分钟
20211026230131,关,关,关,29°C,0%,10,0分钟
20211027001143,关,关,关,29°C,0%,0,0分钟
20211027001201,关,关,关,29°C,0%,0,0分钟
20211027001207,关,关,关,30°C,0%,0,0分钟
20211027001728,关,关,关,29°C,0%,0,0分钟
20211027001734,关,关,关,30°C,0%,0,0分钟
20211027002029,关,关,关,29°C,0%,0,0分钟
20211027002036,关,关,关,30°C,0%,0,0分钟
20211027002054,关,关,关,29°C,0%,0,0分钟
20211027002112,关,关,关,30°C,0%,0,0分钟
20211027002142,关,关,关,29°C,0%,0,0分钟
20211027002154,关,关,关,30°C,0%,0,0分钟
20211027002200,关,关,关,29°C,0%,0,0分钟
20211027002206,关,关,关,30°C,0%,0,0分钟
20211027002506,关,关,关,29°C,0%,0,0分钟
20211027002512,关,关,关,30°C,0%,0,0分钟
20211027002555,关,关,关,29°C,0%,0,0分钟
20211027002601,关,关,关,30°C,0%,0,0分钟
20211027002631,关,关,关,29°C,0%,0,0分钟
20211027002637,关,关,关,30°C,0%,0,0分钟
20211027002719,关,关,关,29°C,0%,0,0分钟
20211027002732,关,关,关,30°C,0%,0,0分钟
20211027002802,关,关,关,29°C,0%,0,0分钟
20211027002808,关,关,关,30°C,0%,0,0分钟
20211027002814,关,关,关,29°C,0%,0,0分钟
20211027002820,关,关,关,30°C,0%,0,0分钟
20211027002838,关,关,关,29°C,0%,0,0分钟
20211027002850,关,关,关,30°C,0%,0,0分钟
20211027002908,关,关,关,29°C,0%,0,0分钟
20211027002927,关,关,关,30°C,0%,0,0分钟
20211027002957,关,关,关,29°C,0%,0,0分钟
20211027003003,关,关,关,30°C,0%,0,0分钟
20211027003015,关,关,关,29°C,0%,0,0分钟
20211027003027,关,关,关,30°C,0%,0,0分钟
20211027003033,关,关,关,29°C,0%,0,0分钟
20211027003051,关,关,关,30°C,0%,0,0分钟
20211027003140,关,关,关,29°C,0%,0,0分钟
20211027003158,关,关,关,30°C,0%,0,0分钟
20211027003305,关,关,关,29°C,0%,0,0分钟
20211027003329,关,关,关,30°C,0%,0,0分钟
20211027003423,关,关,关,29°C,0%,0,0分钟
20211027003435,关,关,关,30°C,0%,0,0分钟
20211027003441,关,关,关,29°C,0%,0,0分钟
20211027003448,关,关,关,30°C,0%,0,0分钟
20211027003454,关,关,关,29°C,0%,0,0分钟
20211027003530,关,关,关,30°C,0%,0,0分钟
20211027003606,关,关,关,29°C,0%,0,0分钟
20211027003755,关,关,关,30°C,0%,0,0分钟
20211027003801,关,关,关,29°C,0%,0,0分钟
20211027003813,关,关,关,30°C,0%,0,0分钟
20211027003819,关,关,关,29°C,0%,0,0分钟
20211027003938,关,关,关,30°C,0%,0,0分钟
20211027003944,关,关,关,29°C,0%,0,0分钟
20211027003956,关,关,关,30°C,0%,0,0分钟
20211027004021,关,关,关,29°C,0%,0,0分钟
20211027004027,关,关,关,30°C,0%,0,0分钟
20211027004033,关,关,关,29°C,0%,0,0分钟
20211027004045,关,关,关,30°C,0%,0,0分钟
20211027004051,关,关,关,29°C,0%,0,0分钟
20211027004204,关,关,关,30°C,0%,0,0分钟
20211027004216,关,关,关,30°C,0%,0,0分钟
20211027004252,关,关,关,29°C,0%,0,0分钟
20211027004310,关,关,关,30°C,0%,0,0分钟
20211027004322,关,关,关,29°C,0%,0,0分钟
20211027004505,关,关,关,30°C,0%,0,0分钟
20211027004536,关,关,关,29°C,0%,0,0分钟
20211027004542,关,关,关,30°C,0%,0,0分钟
20211027004552,关,关,关,29°C,0%,0,0分钟
20211027004554,关,关,关,30°C,0%,0,0分钟
20211027004618,关,关,关,29°C,0%,0,0分钟
20211027004624,关,关,关,30°C,0%,0,0分钟
20211027004630,关,关,关,29°C,0%,0,0分钟
20211027004642,关,关,关,30°C,0%,0,0分钟
20211027004648,关,关,关,29°C,0%,0,0分钟
20211027004654,关,关,关,30°C,0%,0,0分钟
20211027004713,关,关,关,29°C,0%,0,0分钟
20211027004807,关,关,关,30°C,0%,0,0分钟
20211027004825,关,关,关,29°C,0%,0,0分钟
20211027004831,关,关,关,30°C,0%,0,0分钟
20211027004902,关,关,关,29°C,0%,0,0分钟
20211027004908,关,关,关,30°C,0%,0,0分钟
20211027004914,关,关,关,29°C,0%,0,0分钟
20211027004926,关,关,关,30°C,0%,0,0分钟
20211027004932,关,关,关,29°C,0%,0,0分钟
20211027004944,关,关,关,30°C,0%,0,0分钟
20211027004950,关,关,关,29°C,0%,0,0分钟
20211027004956,关,关,关,30°C,0%,0,0分钟
20211027005002,关,关,关,29°C,0%,0,0分钟
20211027005014,关,关,关,30°C,0%,0,0分钟
20211027005026,关,关,关,29°C,0%,0,0分钟
20211027005103,关,关,关,30°C,0%,0,0分钟
20211027005109,关,关,关,30°C,0%,0,0分钟
20211027005115,关,关,关,29°C,0%,0,0分钟
20211027005145,关,关,关,30°C,0%,0,0分钟
20211027005157,关,关,关,29°C,0%,0,0分钟
20211027005203,关,关,关,30°C,0%,0,0分钟
20211027005209,关,关,关,29°C,0%,0,0分钟
20211027005228,关,关,关,30°C,0%,0,0分钟
20211027005234,关,关,关,29°C,0%,0,0分钟
20211027005240,关,关,关,30°C,0%,0,0分钟
20211027005322,关,关,关,29°C,0%,0,0分钟
20211027005346,关,关,关,30°C,0%,0,0分钟
20211027005352,关,关,关,29°C,0%,0,0分钟
20211027005404,关,关,关,30°C,0%,0,0分钟
20211027005410,关,关,关,29°C,0%,0,0分钟
20211027005459,关,关,关,30°C,0%,0,0分钟
20211027005505,关,关,关,29°C,0%,0,0分钟
20211027005529,关,关,关,30°C,0%,0,0分钟
20211027005535,关,关,关,29°C,0%,0,0分钟
20211027005547,关,关,关,30°C,0%,0,0分钟
20211027005553,关,关,关,29°C,0%,0,0分钟
20211027005712,关,关,关,30°C,0%,0,0分钟
20211027005718,关,关,关,29°C,0%,0,0分钟
20211027005730,关,关,关,30°C,0%,0,0分钟
20211027005736,关,关,关,29°C,0%,0,0分钟
20211027005755,关,关,关,30°C,0%,0,0分钟
20211027005801,关,关,关,29°C,0%,0,0分钟
20211027005813,关,关,关,30°C,0%,0,0分钟
20211027005819,关,关,关,29°C,0%,0,0分钟
20211027005825,关,关,关,30°C,0%,0,0分钟
20211027005837,关,关,关,29°C,0%,0,0分钟
20211027005950,关,关,关,30°C,0%,0,0分钟
20211027005957,关,关,关,29°C,0%,0,0分钟
20211027010038,关,关,关,30°C,0%,0,0分钟
20211027010044,关,关,关,29°C,0%,0,0分钟
20211027013813,关,关,关,30°C,0%,0,0分钟
20211027014204,关,关,关,30°C,0%,0,0分钟
20211027014210,关,关,关,29°C,0%,0,0分钟
20211027014453,关,关,关,30°C,0%,0,0分钟
20211027014459,关,关,关,29°C,0%,0,0分钟
20211027014600,关,关,关,30°C,0%,0,0分钟
20211027014606,关,关,关,29°C,0%,0,0分钟
20211027014731,关,关,关,30°C,0%,0,0分钟
20211027014737,关,关,关,29°C,0%,0,0分钟
20211027020907,关,关,关,30°C,0%,0,0分钟
20211027024937,关,关,关,30°C,0%,0,0分钟
20211027025642,关,关,关,30°C,0%,0,0分钟
20211027025648,关,关,关,29°C,0%,0,0分钟
20211027032202,关,关,关,30°C,0%,0,0分钟
20211027032208,关,关,关,29°C,0%,0,0分钟
20211027032457,关,关,关,30°C,0%,0,0分钟
20211027032503,关,关,关,29°C,0%,0,0分钟
20211027033055,关,关,关,30°C,0%,0,0分钟
20211027033101,关,关,关,29°C,0%,0,0分钟
20211027033408,关,关,关,30°C,0%,0,0分钟
20211027033414,关,关,关,29°C,0%,0,0分钟
20211027033847,关,关,关,30°C,0%,0,0分钟
20211027033853,关,关,关,29°C,0%,0,0分钟
20211027033954,关,关,关,30°C,0%,0,0分钟
20211027034124,关,关,关,30°C,0%,0,0分钟
20211027034130,关,关,关,29°C,0%,0,0分钟
20211027034207,关,关,关,30°C,0%,0,0分钟
20211027034219,关,关,关,29°C,0%,0,0分钟
20211027034249,关,关,关,30°C,0%,0,0分钟
20211027034255,关,关,关,29°C,0%,0,0分钟
20211027034338,关,关,关,30°C,0%,0,0分钟
20211027034350,关,关,关,29°C,0%,0,0分钟
20211027034414,关,关,关,30°C,0%,0,0分钟
20211027034426,关,关,关,29°C,0%,0,0分钟
20211027034444,关,关,关,30°C,0%,0,0分钟
20211027034450,关,关,关,29°C,0%,0,0分钟
20211027034521,关,关,关,30°C,0%,0,0分钟
20211027034533,关,关,关,29°C,0%,0,0分钟
20211027034545,关,关,关,30°C,0%,0,0分钟
20211027034551,关,关,关,29°C,0%,0,0分钟
20211027034557,关,关,关,30°C,0%,0,0分钟
20211027034609,关,关,关,29°C,0%,0,0分钟
20211027034615,关,关,关,30°C,0%,0,0分钟
20211027034633,关,关,关,29°C,0%,0,0分钟
20211027034639,关,关,关,30°C,0%,0,0分钟
20211027034647,关,关,关,29°C,0%,0,0分钟
20211027034722,关,关,关,30°C,0%,0,0分钟
20211027034728,关,关,关,29°C,0%,0,0分钟
20211027034859,关,关,关,30°C,0%,0,0分钟
20211027034907,关,关,关,29°C,0%,0,0分钟
20211027034917,关,关,关,30°C,0%,0,0分钟
20211027034923,关,关,关,29°C,0%,0,0分钟
20211027034935,关,关,关,30°C,0%,0,0分钟
20211027034941,关,关,关,29°C,0%,0,0分钟
20211027034953,关,关,关,30°C,0%,0,0分钟
20211027034959,关,关,关,29°C,0%,0,0分钟
20211027035011,关,关,关,30°C,0%,0,0分钟
20211027035017,关,关,关,29°C,0%,0,0分钟
20211027035029,关,关,关,30°C,0%,0,0分钟
20211027035035,关,关,关,29°C,0%,0,0分钟
20211027035112,关,关,关,30°C,0%,0,0分钟
20211027035118,关,关,关,29°C,0%,0,0分钟
20211027035218,关,关,关,30°C,0%,0,0分钟
20211027035224,关,关,关,29°C,0%,0,0分钟
20211027035758,关,关,关,30°C,0%,0,0分钟
20211027035804,关,关,关,29°C,0%,0,0分钟
20211027035904,关,关,关,30°C,0%,0,0分钟
20211027035910,关,关,关,29°C,0%,0,0分钟
20211027040520,关,关,关,30°C,0%,0,0分钟
20211027040526,关,关,关,29°C,0%,0,0分钟
20211027040638,关,关,关,30°C,0%,0,0分钟
20211027040651,关,关,关,29°C,0%,0,0分钟
20211027040703,关,关,关,30°C,0%,0,0分钟
20211027040709,关,关,关,29°C,0%,0,0分钟
20211027040757,关,关,关,30°C,0%,0,0分钟
20211027040803,关,关,关,29°C,0%,0,0分钟
20211027040809,关,关,关,30°C,0%,0,0分钟
20211027040815,关,关,关,29°C,0%,0,0分钟
20211027040821,关,关,关,30°C,0%,0,0分钟
20211027040828,关,关,关,29°C,0%,0,0分钟
20211027040834,关,关,关,30°C,0%,0,0分钟
20211027040840,关,关,关,29°C,0%,0,0分钟
20211027040852,关,关,关,30°C,0%,0,0分钟
20211027040858,关,关,关,29°C,0%,0,0分钟
20211027040934,关,关,关,30°C,0%,0,0分钟
20211027040946,关,关,关,29°C,0%,0,0分钟
20211027041224,关,关,关,30°C,0%,0,0分钟
20211027041230,关,关,关,29°C,0%,0,0分钟
20211027041254,关,关,关,30°C,0%,0,0分钟
20211027041300,关,关,关,29°C,0%,0,0分钟
20211027041306,关,关,关,30°C,0%,0,0分钟
20211027041318,关,关,关,29°C,0%,0,0分钟
20211027041431,关,关,关,30°C,0%,0,0分钟
20211027041437,关,关,关,29°C,0%,0,0分钟
20211027041527,关,关,关,30°C,0%,0,0分钟
20211027041533,关,关,关,30°C,0%,0,0分钟
20211027041546,关,关,关,29°C,0%,0,0分钟
20211027041552,关,关,关,30°C,0%,0,0分钟
20211027041558,关,关,关,29°C,0%,0,0分钟
20211027041628,关,关,关,30°C,0%,0,0分钟
20211027041652,关,关,关,29°C,0%,0,0分钟
20211027041658,关,关,关,30°C,0%,0,0分钟
20211027041723,关,关,关,29°C,0%,0,0分钟
20211027041747,关,关,关,30°C,0%,0,0分钟
20211027041753,关,关,关,29°C,0%,0,0分钟
20211027041759,关,关,关,30°C,0%,0,0分钟
20211027041811,关,关,关,29°C,0%,0,0分钟
20211027041853,关,关,关,30°C,0%,0,0分钟
20211027041905,关,关,关,29°C,0%,0,0分钟
20211027041912,关,关,关,30°C,0%,0,0分钟
20211027041918,关,关,关,29°C,0%,0,0分钟
20211027041930,关,关,关,30°C,0%,0,0分钟
20211027041948,关,关,关,29°C,0%,0,0分钟
20211027042030,关,关,关,30°C,0%,0,0分钟
20211027042036,关,关,关,29°C,0%,0,0分钟
20211027042042,关,关,关,30°C,0%,0,0分钟
20211027042048,关,关,关,29°C,0%,0,0分钟
20211027042101,关,关,关,30°C,0%,0,0分钟
20211027042107,关,关,关,29°C,0%,0,0分钟
20211027042113,关,关,关,30°C,0%,0,0分钟
20211027042119,关,关,关,29°C,0%,0,0分钟
20211027042131,关,关,关,30°C,0%,0,0分钟
20211027042137,关,关,关,29°C,0%,0,0分钟
20211027042149,关,关,关,30°C,0%,0,0分钟
20211027042201,关,关,关,29°C,0%,0,0分钟
20211027042207,关,关,关,30°C,0%,0,0分钟
20211027042225,关,关,关,29°C,0%,0,0分钟
20211027042231,关,关,关,30°C,0%,0,0分钟
20211027042250,关,关,关,29°C,0%,0,0分钟
20211027042320,关,关,关,30°C,0%,0,0分钟
20211027042338,关,关,关,29°C,0%,0,0分钟
20211027042344,关,关,关,30°C,0%,0,0分钟
20211027042350,关,关,关,29°C,0%,0,0分钟
20211027042408,关,关,关,30°C,0%,0,0分钟
20211027042414,关,关,关,29°C,0%,0,0分钟
20211027042432,关,关,关,30°C,0%,0,0分钟
20211027042439,关,关,关,29°C,0%,0,0分钟
20211027042445,关,关,关,30°C,0%,0,0分钟
20211027042457,关,关,关,29°C,0%,0,0分钟
20211027042503,关,关,关,30°C,0%,0,0分钟
20211027042515,关,关,关,29°C,0%,0,0分钟
20211027042521,关,关,关,30°C,0%,0,0分钟
20211027042527,关,关,关,29°C,0%,0,0分钟
20211027042545,关,关,关,30°C,0%,0,0分钟
20211027042551,关,关,关,29°C,0%,0,0分钟
20211027042603,关,关,关,30°C,0%,0,0分钟
20211027042609,关,关,关,29°C,0%,0,0分钟
20211027042634,关,关,关,30°C,0%,0,0分钟
20211027042643,关,关,关,29°C,0%,0,0分钟
20211027042646,关,关,关,30°C,0%,0,0分钟
20211027042652,关,关,关,29°C,0%,0,0分钟
20211027042758,关,关,关,30°C,0%,0,0分钟
20211027042810,关,关,关,29°C,0%,0,0分钟
20211027042823,关,关,关,30°C,0%,0,0分钟
20211027042835,关,关,关,29°C,0%,0,0分钟
20211027042853,关,关,关,30°C,0%,0,0分钟
20211027042905,关,关,关,29°C,0%,0,0分钟
20211027042911,关,关,关,30°C,0%,0,0分钟
20211027042923,关,关,关,29°C,0%,0,0分钟
20211027042941,关,关,关,30°C,0%,0,0分钟
20211027042947,关,关,关,29°C,0%,0,0分钟
20211027043012,关,关,关,30°C,0%,0,0分钟
20211027043030,关,关,关,29°C,0%,0,0分钟
20211027043036,关,关,关,30°C,0%,0,0分钟
20211027043042,关,关,关,29°C,0%,0,0分钟
20211027043048,关,关,关,30°C,0%,0,0分钟
20211027043054,关,关,关,29°C,0%,0,0分钟
20211027043100,关,关,关,30°C,0%,0,0分钟
20211027043112,关,关,关,29°C,0%,0,0分钟
20211027043118,关,关,关,30°C,0%,0,0分钟
20211027043125,关,关,关,29°C,0%,0,0分钟
20211027043143,关,关,关,30°C,0%,0,0分钟
20211027043155,关,关,关,29°C,0%,0,0分钟
20211027043201,关,关,关,30°C,0%,0,0分钟
20211027043207,关,关,关,29°C,0%,0,0分钟
20211027043213,关,关,关,30°C,0%,0,0分钟
20211027043219,关,关,关,29°C,0%,0,0分钟
20211027043225,关,关,关,30°C,0%,0,0分钟
20211027043237,关,关,关,29°C,0%,0,0分钟
20211027043346,关,关,关,30°C,0%,0,0分钟
20211027043350,关,关,关,29°C,0%,0,0分钟
20211027043402,关,关,关,30°C,0%,0,0分钟
20211027043420,关,关,关,29°C,0%,0,0分钟
20211027043426,关,关,关,30°C,0%,0,0分钟
20211027043432,关,关,关,29°C,0%,0,0分钟
20211027043438,关,关,关,30°C,0%,0,0分钟
20211027043444,关,关,关,29°C,0%,0,0分钟
20211027043450,关,关,关,30°C,0%,0,0分钟
20211027043456,关,关,关,29°C,0%,0,0分钟
20211027043508,关,关,关,30°C,0%,0,0分钟
20211027043514,关,关,关,29°C,0%,0,0分钟
20211027043527,关,关,关,30°C,0%,0,0分钟
20211027043533,关,关,关,29°C,0%,0,0分钟
20211027043539,关,关,关,30°C,0%,0,0分钟
20211027043551,关,关,关,29°C,0%,0,0分钟
20211027043609,关,关,关,30°C,0%,0,0分钟
20211027043615,关,关,关,29°C,0%,0,0分钟
20211027043633,关,关,关,30°C,0%,0,0分钟
20211027043639,关,关,关,29°C,0%,0,0分钟
20211027043703,关,关,关,30°C,0%,0,0分钟
20211027043710,关,关,关,29°C,0%,0,0分钟
20211027043716,关,关,关,30°C,0%,0,0分钟
20211027043722,关,关,关,29°C,0%,0,0分钟
20211027043728,关,关,关,30°C,0%,0,0分钟
20211027043734,关,关,关,29°C,0%,0,0分钟
20211027043740,关,关,关,30°C,0%,0,0分钟
20211027043746,关,关,关,29°C,0%,0,0分钟
20211027043752,关,关,关,30°C,0%,0,0分钟
20211027043804,关,关,关,29°C,0%,0,0分钟
20211027043810,关,关,关,30°C,0%,0,0分钟
20211027043816,关,关,关,29°C,0%,0,0分钟
20211027043828,关,关,关,30°C,0%,0,0分钟
20211027043840,关,关,关,29°C,0%,0,0分钟
20211027043853,关,关,关,30°C,0%,0,0分钟
20211027043859,关,关,关,29°C,0%,0,0分钟
20211027043911,关,关,关,30°C,0%,0,0分钟
20211027043923,关,关,关,29°C,0%,0,0分钟
20211027043935,关,关,关,30°C,0%,0,0分钟
20211027043959,关,关,关,29°C,0%,0,0分钟
20211027044005,关,关,关,30°C,0%,0,0分钟
20211027044029,关,关,关,29°C,0%,0,0分钟
20211027044042,关,关,关,30°C,0%,0,0分钟
20211027044054,关,关,关,29°C,0%,0,0分钟
20211027044100,关,关,关,30°C,0%,0,0分钟
20211027044112,关,关,关,29°C,0%,0,0分钟
20211027044142,关,关,关,30°C,0%,0,0分钟
20211027044154,关,关,关,29°C,0%,0,0分钟
20211027044218,关,关,关,30°C,0%,0,0分钟
20211027044225,关,关,关,29°C,0%,0,0分钟
20211027044237,关,关,关,30°C,0%,0,0分钟
20211027044243,关,关,关,29°C,0%,0,0分钟
20211027044310,关,关,关,30°C,0%,0,0分钟
20211027044313,关,关,关,29°C,0%,0,0分钟
20211027044319,关,关,关,30°C,0%,0,0分钟
20211027044331,关,关,关,29°C,0%,0,0分钟
20211027044337,关,关,关,30°C,0%,0,0分钟
20211027044343,关,关,关,29°C,0%,0,0分钟
20211027044355,关,关,关,30°C,0%,0,0分钟
20211027044401,关,关,关,29°C,0%,0,0分钟
20211027044414,关,关,关,30°C,0%,0,0分钟
20211027044426,关,关,关,29°C,0%,0,0分钟
20211027044438,关,关,关,30°C,0%,0,0分钟
20211027044456,关,关,关,29°C,0%,0,0分钟
20211027044502,关,关,关,30°C,0%,0,0分钟
20211027044508,关,关,关,29°C,0%,0,0分钟
20211027044514,关,关,关,30°C,0%,0,0分钟
20211027044520,关,关,关,29°C,0%,0,0分钟
20211027044531,关,关,关,30°C,0%,0,0分钟
20211027044532,关,关,关,29°C,0%,0,0分钟
20211027044557,关,关,关,30°C,0%,0,0分钟
20211027044603,关,关,关,29°C,0%,0,0分钟
20211027044609,关,关,关,30°C,0%,0,0分钟
20211027044615,关,关,关,29°C,0%,0,0分钟
20211027044627,关,关,关,30°C,0%,0,0分钟
20211027044639,关,关,关,29°C,0%,0,0分钟
20211027044709,关,关,关,30°C,0%,0,0分钟
20211027044727,关,关,关,29°C,0%,0,0分钟
20211027044733,关,关,关,30°C,0%,0,0分钟
20211027044746,关,关,关,29°C,0%,0,0分钟
20211027044758,关,关,关,30°C,0%,0,0分钟
20211027044810,关,关,关,29°C,0%,0,0分钟
20211027044822,关,关,关,30°C,0%,0,0分钟
20211027044834,关,关,关,29°C,0%,0,0分钟
20211027044840,关,关,关,30°C,0%,0,0分钟
20211027044852,关,关,关,29°C,0%,0,0分钟
20211027044910,关,关,关,30°C,0%,0,0分钟
20211027044922,关,关,关,29°C,0%,0,0分钟
20211027044929,关,关,关,30°C,0%,0,0分钟
20211027044935,关,关,关,29°C,0%,0,0分钟
20211027044941,关,关,关,30°C,0%,0,0分钟
20211027044947,关,关,关,29°C,0%,0,0分钟
20211027045017,关,关,关,30°C,0%,0,0分钟
20211027045023,关,关,关,29°C,0%,0,0分钟
20211027045118,关,关,关,30°C,0%,0,0分钟
20211027045218,关,关,关,29°C,0%,0,0分钟
20211027045236,关,关,关,30°C,0%,0,0分钟
20211027045242,关,关,关,29°C,0%,0,0分钟
20211027045254,关,关,关,30°C,0%,0,0分钟
20211027045301,关,关,关,29°C,0%,0,0分钟
20211027045307,关,关,关,30°C,0%,0,0分钟
20211027045325,关,关,关,29°C,0%,0,0分钟
20211027045331,关,关,关,30°C,0%,0,0分钟
20211027045337,关,关,关,29°C,0%,0,0分钟
20211027045343,关,关,关,30°C,0%,0,0分钟
20211027045355,关,关,关,29°C,0%,0,0分钟
20211027045413,关,关,关,30°C,0%,0,0分钟
20211027045431,关,关,关,29°C,0%,0,0分钟
20211027045508,关,关,关,30°C,0%,0,0分钟
20211027045520,关,关,关,29°C,0%,0,0分钟
20211027045526,关,关,关,30°C,0%,0,0分钟
20211027045532,关,关,关,29°C,0%,0,0分钟
20211027045538,关,关,关,30°C,0%,0,0分钟
20211027045544,关,关,关,29°C,0%,0,0分钟
20211027045550,关,关,关,30°C,0%,0,0分钟
20211027045602,关,关,关,29°C,0%,0,0分钟
20211027045608,关,关,关,30°C,0%,0,0分钟
20211027045651,关,关,关,29°C,0%,0,0分钟
20211027045657,关,关,关,30°C,0%,0,0分钟
20211027045703,关,关,关,29°C,0%,0,0分钟
20211027045709,关,关,关,30°C,0%,0,0分钟
20211027045727,关,关,关,29°C,0%,0,0分钟
20211027045733,关,关,关,30°C,0%,0,0分钟
20211027045739,关,关,关,29°C,0%,0,0分钟
20211027045745,关,关,关,30°C,0%,0,0分钟
20211027045858,关,关,关,29°C,0%,0,0分钟
20211027045916,关,关,关,30°C,0%,0,0分钟
20211027045937,关,关,关,29°C,0%,0,0分钟
20211027045940,关,关,关,30°C,0%,0,0分钟
20211027045946,关,关,关,29°C,0%,0,0分钟
20211027050017,关,关,关,30°C,0%,0,0分钟
20211027050023,关,关,关,29°C,0%,0,0分钟
20211027050035,关,关,关,30°C,0%,0,0分钟
20211027050041,关,关,关,29°C,0%,0,0分钟
20211027050053,关,关,关,30°C,0%,0,0分钟
20211027050105,关,关,关,29°C,0%,0,0分钟
20211027050111,关,关,关,30°C,0%,0,0分钟
20211027050117,关,关,关,29°C,0%,0,0分钟
20211027050123,关,关,关,30°C,0%,0,0分钟
20211027050129,关,关,关,29°C,0%,0,0分钟
20211027050135,关,关,关,30°C,0%,0,0分钟
20211027050158,关,关,关,29°C,0%,0,0分钟
20211027050200,关,关,关,30°C,0%,0,0分钟
20211027050236,关,关,关,29°C,0%,0,0分钟
20211027050242,关,关,关,30°C,0%,0,0分钟
20211027050254,关,关,关,29°C,0%,0,0分钟
20211027050300,关,关,关,30°C,0%,0,0分钟
20211027050312,关,关,关,29°C,0%,0,0分钟
20211027050324,关,关,关,30°C,0%,0,0分钟
20211027050407,关,关,关,29°C,0%,0,0分钟
20211027050431,关,关,关,30°C,0%,0,0分钟
20211027050437,关,关,关,30°C,0%,0,0分钟
20211027050519,关,关,关,29°C,0%,0,0分钟
20211027050525,关,关,关,30°C,0%,0,0分钟
20211027050556,关,关,关,29°C,0%,0,0分钟
20211027050608,关,关,关,30°C,0%,0,0分钟
20211027050632,关,关,关,29°C,0%,0,0分钟
20211027050644,关,关,关,30°C,0%,0,0分钟
20211027050650,关,关,关,29°C,0%,0,0分钟
20211027050656,关,关,关,30°C,0%,0,0分钟
20211027050733,关,关,关,29°C,0%,0,0分钟
20211027050739,关,关,关,30°C,0%,0,0分钟
20211027050751,关,关,关,29°C,0%,0,0分钟
20211027050757,关,关,关,30°C,0%,0,0分钟
20211027050803,关,关,关,29°C,0%,0,0分钟
20211027050809,关,关,关,30°C,0%,0,0分钟
20211027051018,关,关,关,29°C,0%,0,0分钟
20211027051155,关,关,关,29°C,0%,0,0分钟
20211027051201,关,关,关,30°C,0%,0,0分钟
20211027051308,关,关,关,29°C,0%,0,0分钟
20211027051314,关,关,关,30°C,0%,0,0分钟
20211027051414,关,关,关,29°C,0%,0,0分钟
20211027051421,关,关,关,30°C,0%,0,0分钟
20211027051457,关,关,关,29°C,0%,0,0分钟
20211027051503,关,关,关,30°C,0%,0,0分钟
20211027051551,关,关,关,29°C,0%,0,0分钟
20211027051557,关,关,关,30°C,0%,0,0分钟
20211027051634,关,关,关,29°C,0%,0,0分钟
20211027051640,关,关,关,30°C,0%,0,0分钟
20211027051716,关,关,关,29°C,0%,0,0分钟
20211027051728,关,关,关,30°C,0%,0,0分钟
20211027051740,关,关,关,29°C,0%,0,0分钟
20211027051759,关,关,关,30°C,0%,0,0分钟
20211027051805,关,关,关,29°C,0%,0,0分钟
20211027051817,关,关,关,30°C,0%,0,0分钟
20211027051847,关,关,关,29°C,0%,0,0分钟
20211027051853,关,关,关,30°C,0%,0,0分钟
20211027051917,关,关,关,29°C,0%,0,0分钟
20211027051923,关,关,关,30°C,0%,0,0分钟
20211027052006,关,关,关,29°C,0%,0,0分钟
20211027052012,关,关,关,30°C,0%,0,0分钟
20211027052048,关,关,关,29°C,0%,0,0分钟
20211027052143,关,关,关,30°C,0%,0,0分钟
20211027052243,关,关,关,29°C,0%,0,0分钟
20211027052249,关,关,关,30°C,0%,0,0分钟
20211027052301,关,关,关,29°C,0%,0,0分钟
20211027052313,关,关,关,30°C,0%,0,0分钟
20211027052338,关,关,关,29°C,0%,0,0分钟
20211027052356,关,关,关,30°C,0%,0,0分钟
20211027052408,关,关,关,29°C,0%,0,0分钟
20211027052414,关,关,关,30°C,0%,0,0分钟
20211027052432,关,关,关,29°C,0%,0,0分钟
20211027052444,关,关,关,30°C,0%,0,0分钟
20211027052502,关,关,关,29°C,0%,0,0分钟
20211027052508,关,关,关,30°C,0%,0,0分钟
20211027052533,关,关,关,29°C,0%,0,0分钟
20211027052539,关,关,关,30°C,0%,0,0分钟
20211027052557,关,关,关,29°C,0%,0,0分钟
20211027052603,关,关,关,30°C,0%,0,0分钟
20211027052621,关,关,关,29°C,0%,0,0分钟
20211027052627,关,关,关,30°C,0%,0,0分钟
20211027052734,关,关,关,29°C,0%,0,0分钟
20211027052740,关,关,关,30°C,0%,0,0分钟
20211027052840,关,关,关,29°C,0%,0,0分钟
20211027052846,关,关,关,30°C,0%,0,0分钟
20211027052905,关,关,关,29°C,0%,0,0分钟
20211027052911,关,关,关,30°C,0%,0,0分钟
20211027052923,关,关,关,29°C,0%,0,0分钟
20211027052929,关,关,关,30°C,0%,0,0分钟
20211027053130,关,关,关,29°C,0%,0,0分钟
20211027053136,关,关,关,30°C,0%,0,0分钟
20211027053148,关,关,关,29°C,0%,0,0分钟
20211027053200,关,关,关,30°C,0%,0,0分钟
20211027053212,关,关,关,29°C,0%,0,0分钟
20211027053224,关,关,关,30°C,0%,0,0分钟
20211027053249,关,关,关,29°C,0%,0,0分钟
20211027053532,关,关,关,29°C,0%,0,0分钟
20211027053538,关,关,关,30°C,0%,0,0分钟
20211027053651,关,关,关,29°C,0%,0,0分钟
20211027053657,关,关,关,30°C,0%,0,0分钟
20211027053715,关,关,关,29°C,0%,0,0分钟
20211027053721,关,关,关,30°C,0%,0,0分钟
20211027053733,关,关,关,29°C,0%,0,0分钟
20211027053739,关,关,关,30°C,0%,0,0分钟
20211027053810,关,关,关,29°C,0%,0,0分钟
20211027053816,关,关,关,30°C,0%,0,0分钟
20211027054248,关,关,关,29°C,0%,0,0分钟
20211027054254,关,关,关,30°C,0%,0,0分钟
20211027054343,关,关,关,29°C,0%,0,0分钟
20211027054349,关,关,关,30°C,0%,0,0分钟
20211027054419,关,关,关,29°C,0%,0,0分钟
20211027054431,关,关,关,30°C,0%,0,0分钟
20211027054449,关,关,关,29°C,0%,0,0分钟
20211027054456,关,关,关,30°C,0%,0,0分钟
20211027054508,关,关,关,29°C,0%,0,0分钟
20211027054514,关,关,关,30°C,0%,0,0分钟
20211027054608,关,关,关,29°C,0%,0,0分钟
20211027054614,关,关,关,30°C,0%,0,0分钟
20211027054636,关,关,关,29°C,0%,0,0分钟
20211027054645,关,关,关,30°C,0%,0,0分钟
20211027054709,关,关,关,29°C,0%,0,0分钟
20211027054715,关,关,关,30°C,0%,0,0分钟
20211027054739,关,关,关,29°C,0%,0,0分钟
20211027054803,关,关,关,30°C,0%,0,0分钟
20211027054934,关,关,关,29°C,0%,0,0分钟
20211027054940,关,关,关,30°C,0%,0,0分钟
20211027055059,关,关,关,29°C,0%,0,0分钟
20211027055105,关,关,关,30°C,0%,0,0分钟
20211027055242,关,关,关,29°C,0%,0,0分钟
20211027055248,关,关,关,30°C,0%,0,0分钟
20211027055300,关,关,关,29°C,0%,0,0分钟
20211027055306,关,关,关,30°C,0%,0,0分钟
20211027055342,关,关,关,29°C,0%,0,0分钟
20211027055349,关,关,关,30°C,0%,0,0分钟
20211027055407,关,关,关,29°C,0%,0,0分钟
20211027055413,关,关,关,30°C,0%,0,0分钟
20211027055425,关,关,关,29°C,0%,0,0分钟
20211027055431,关,关,关,30°C,0%,0,0分钟
20211027055550,关,关,关,29°C,0%,0,0分钟
20211027055600,关,关,关,30°C,0%,0,0分钟
20211027055626,关,关,关,29°C,0%,0,0分钟
20211027055632,关,关,关,30°C,0%,0,0分钟
20211027055727,关,关,关,29°C,0%,0,0分钟
20211027055733,关,关,关,30°C,0%,0,0分钟
20211027055745,关,关,关,29°C,0%,0,0分钟
20211027055757,关,关,关,30°C,0%,0,0分钟
20211027055827,关,关,关,29°C,0%,0,0分钟
20211027055833,关,关,关,30°C,0%,0,0分钟
20211027055857,关,关,关,29°C,0%,0,0分钟
20211027055903,关,关,关,30°C,0%,0,0分钟
20211027055928,关,关,关,29°C,0%,0,0分钟
20211027055934,关,关,关,30°C,0%,0,0分钟
20211027060235,关,关,关,29°C,0%,0,0分钟
20211027060242,关,关,关,30°C,0%,0,0分钟
20211027060303,关,关,关,29°C,0%,0,0分钟
20211027060306,关,关,关,30°C,0%,0,0分钟
20211027060318,关,关,关,29°C,0%,0,0分钟
20211027060324,关,关,关,30°C,0%,0,0分钟
20211027060336,关,关,关,29°C,0%,0,0分钟
20211027060342,关,关,关,30°C,0%,0,0分钟
20211027060519,关,关,关,29°C,0%,0,0分钟
20211027060525,关,关,关,30°C,0%,0,0分钟
20211027060726,关,关,关,29°C,0%,0,0分钟
20211027060732,关,关,关,30°C,0%,0,0分钟
20211027060821,关,关,关,29°C,0%,0,0分钟
20211027060827,关,关,关,30°C,0%,0,0分钟
20211027060945,关,关,关,29°C,0%,0,0分钟
20211027060952,关,关,关,30°C,0%,0,0分钟
20211027061034,关,关,关,29°C,0%,0,0分钟
20211027061040,关,关,关,30°C,0%,0,0分钟
20211027061159,关,关,关,29°C,0%,0,0分钟
20211027061205,关,关,关,30°C,0%,0,0分钟
20211027061436,关,关,关,29°C,0%,0,0分钟
20211027061442,关,关,关,30°C,0%,0,0分钟
20211027061720,关,关,关,29°C,0%,0,0分钟
20211027061726,关,关,关,30°C,0%,0,0分钟
20211027071750,关,关,关,29°C,0%,0,0分钟
20211027130447,关,关,关,29°C,0%,0,0分钟
20211027130452,关,关,关,29°C,0%,0,0分钟
20211027130457,关,关,关,29°C,0%,0,0分钟
20211027130502,关,关,关,29°C,0%,0,0分钟
20211027130507,关,关,关,29°C,0%,0,0分钟
20211027130512,关,关,关,29°C,0%,0,0分钟
20211027130517,关,关,关,29°C,0%,0,0分钟
20211027130522,关,关,关,29°C,0%,0,0分钟
20211027130537,关,关,关,29°C,0%,0,0分钟
20211027155626,关,关,关,29°C,0%,0,0分钟
20211027163850,关,关,关,29°C,0%,0,0分钟
20211027163855,关,关,关,29°C,0%,61,0分钟
20211027163858,关,关,关,29°C,0%,63,0分钟
20211027163900,关,关,关,29°C,0%,65,0分钟
20211027163902,关,关,关,29°C,0%,66,0分钟
20211027163908,关,关,关,29°C,0%,63,0分钟
20211027163919,关,关,关,29°C,0%,66,0分钟
20211027163921,关,关,关,29°C,0%,67,0分钟
20211027163923,关,关,关,29°C,0%,66,0分钟
20211027163927,关,关,关,29°C,0%,65,0分钟
20211027163929,关,关,关,29°C,0%,66,0分钟
20211027163933,关,关,关,29°C,0%,65,0分钟
20211027163935,关,关,关,29°C,0%,23,0分钟
20211027172934,关,关,关,29°C,0%,0,0分钟
20211027185636,关,关,关,29°C,0%,0,0分钟
20211027190503,关,关,关,29°C,0%,0,0分钟
20211027190505,关,关,关,29°C,0%,8,0分钟
20211027193012,关,关,关,29°C,0%,0,0分钟
20211027193032,开,开,关,30°C,0%,0,27分钟
20211027193128,开,开,关,31°C,0%,0,26分钟
20211027193138,开,开,关,31°C,0%,0,25分钟
20211027193211,开,开,关,32°C,0%,0,25分钟
20211027193227,开,开,关,32°C,0%,0,24分钟
20211027193233,开,开,关,33°C,0%,0,24分钟
20211027193331,开,开,关,33°C,0%,0,23分钟
20211027193410,开,开,关,34°C,0%,0,22分钟
20211027193434,开,开,关,34°C,0%,0,21分钟
20211027193450,开,开,关,35°C,0%,0,21分钟
20211027193547,开,开,关,35°C,0%,0,20分钟
20211027193639,开,开,关,36°C,0%,0,19分钟
20211027193641,开,开,关,36°C,0%,0,18分钟
20211027193708,开,开,关,37°C,0%,0,18分钟
20211027193736,开,开,关,37°C,0%,0,17分钟
20211027193738,开,开,关,38°C,0%,0,17分钟
20211027193813,开,开,关,38°C,0%,0,16分钟
20211027193818,开,开,关,39°C,0%,0,15分钟
20211027193820,开,开,关,38°C,0%,0,17分钟
20211027193824,开,开,关,38°C,0%,0,16分钟
20211027193901,开,开,关,39°C,0%,0,15分钟
20211027193955,开,开,关,39°C,0%,0,14分钟
20211027194007,开,开,关,40°C,0%,0,14分钟
20211027194038,开,开,关,40°C,0%,0,13分钟
20211027194124,开,开,关,41°C,0%,0,12分钟
20211027194150,开,开,关,41°C,0%,0,11分钟
20211027194213,开,开,关,42°C,0%,0,11分钟
20211027194303,开,开,关,42°C,0%,0,10分钟
20211027194358,开,开,关,43°C,0%,0,9分钟
20211027194430,开,开,关,44°C,25%,0,8分钟
20211027194458,开,开,关,44°C,25%,0,7分钟
20211027194504,开,开,关,45°C,25%,0,7分钟
20211027194541,开,开,关,45°C,25%,0,6分钟
20211027194623,开,开,关,46°C,25%,0,5分钟
20211027194705,开,开,关,46°C,25%,0,4分钟
20211027194722,开,开,关,47°C,25%,0,4分钟
20211027194812,开,开,关,47°C,25%,0,3分钟
20211027194905,开,开,关,48°C,25%,0,2分钟
20211027194913,开,开,关,48°C,25%,0,1分钟
20211027194939,开,开,关,49°C,25%,0,1分钟
20211027194949,开,开,关,49°C,25%,0,0分钟
20211027194951,开,关,开,50°C,100%,0,0分钟
20211027195625,开,关,开,50°C,50%,0,0分钟
20211027201013,关,关,关,50°C,50%,0,0分钟
20211027201015,关,关,关,50°C,50%,25,0分钟
20211027201017,关,关,关,50°C,50%,60,0分钟
20211027201027,关,关,关,50°C,50%,61,0分钟
20211027201029,关,关,关,50°C,50%,56,0分钟
20211027201048,关,关,关,50°C,50%,57,0分钟
20211027201051,关,关,关,50°C,50%,65,0分钟
20211027201054,关,关,关,50°C,50%,66,0分钟
20211027201056,关,关,关,50°C,50%,63,0分钟
20211027201058,关,关,关,50°C,50%,66,0分钟
20211027201100,关,关,关,50°C,50%,65,0分钟
20211027201102,关,关,关,50°C,50%,77,0分钟
20211027201104,关,关,关,50°C,50%,60,0分钟
20211027201110,关,关,关,50°C,50%,52,0分钟
20211027201112,关,关,关,50°C,50%,30,0分钟
20211027201116,关,关,关,50°C,50%,28,0分钟
20211027201118,关,关,关,50°C,50%,22,0分钟
20211027201120,关,关,关,50°C,50%,25,0分钟
20211027201122,关,关,关,50°C,50%,23,0分钟
20211027201128,关,关,关,50°C,50%,25,0分钟
20211027201130,关,关,关,50°C,50%,23,0分钟
20211027201132,关,关,关,50°C,50%,31,0分钟
20211027201138,关,关,关,50°C,50%,30,0分钟
20211027201142,关,关,关,50°C,50%,28,0分钟
20211027201144,关,关,关,50°C,50%,27,0分钟
20211027201148,关,关,关,50°C,50%,28,0分钟
20211027201159,关,关,关,50°C,50%,27,0分钟
20211027201200,关,关,关,50°C,50%,28,0分钟
20211027201202,关,关,关,50°C,50%,27,0分钟
20211027201208,关,关,关,50°C,50%,28,0分钟
20211027201210,关,关,关,50°C,50%,23,0分钟
20211027201212,关,关,关,50°C,50%,22,0分钟
20211027201214,关,关,关,50°C,50%,28,0分钟
20211027201216,关,关,关,50°C,50%,27,0分钟
20211027201222,关,关,关,50°C,50%,28,0分钟
20211027201224,关,关,关,50°C,50%,27,0分钟
20211027201228,关,关,关,50°C,50%,28,0分钟
20211027201233,关,关,关,50°C,50%,27,0分钟
20211027201241,关,关,关,50°C,50%,28,0分钟
20211027201243,关,关,关,50°C,50%,22,0分钟
20211027201249,关,关,关,50°C,50%,23,0分钟
20211027201307,关,关,关,50°C,50%,28,0分钟
20211027201309,关,关,关,50°C,50%,27,0分钟
20211027201325,关,关,关,50°C,50%,28,0分钟
20211027201329,关,关,关,50°C,50%,27,0分钟
20211027201331,关,关,关,50°C,50%,28,0分钟
20211027201333,关,关,关,50°C,50%,27,0分钟
20211027201339,关,关,关,50°C,50%,28,0分钟
20211027201341,关,关,关,49°C,50%,28,0分钟
20211027201343,关,关,关,49°C,50%,27,0分钟
20211027201349,关,关,关,49°C,50%,28,0分钟
20211027201351,关,关,关,49°C,50%,27,0分钟
20211027201353,关,关,关,49°C,50%,28,0分钟
20211027201357,关,关,关,49°C,50%,27,0分钟
20211027202105,关,关,关,49°C,50%,28,0分钟
20211027202109,关,关,关,49°C,50%,27,0分钟
20211027202112,关,关,关,49°C,50%,28,0分钟
20211027202114,关,关,关,49°C,50%,27,0分钟
20211027202115,关,关,关,49°C,50%,28,0分钟
20211027202121,关,关,关,49°C,50%,28,0分钟
20211027202122,关,关,关,49°C,50%,27,0分钟
20211027202124,关,关,关,49°C,50%,28,0分钟
20211027202126,关,关,关,49°C,50%,27,0分钟
20211027202128,关,关,关,49°C,50%,28,0分钟
20211027202130,关,关,关,49°C,50%,27,0分钟
20211027202138,关,关,关,49°C,50%,28,0分钟
20211027202140,关,关,关,49°C,50%,27,0分钟
20211027202146,关,关,关,49°C,50%,28,0分钟
20211027202148,关,关,关,49°C,50%,27,0分钟
20211027202150,关,关,关,49°C,50%,28,0分钟
20211027202152,关,关,关,49°C,50%,27,0分钟
20211027202158,关,关,关,49°C,50%,28,0分钟
20211027201500,关,关,关,49°C,50%,27,0分钟
20211027201504,关,关,关,49°C,50%,28,0分钟
20211027201510,关,关,关,49°C,50%,27,0分钟
20211027201514,关,关,关,49°C,50%,28,0分钟
20211027201518,关,关,关,49°C,50%,27,0分钟
20211027201528,关,关,关,49°C,50%,28,0分钟
20211027201532,关,关,关,48°C,50%,28,0分钟
20211027201536,关,关,关,48°C,50%,32,0分钟
20211027201538,关,关,关,48°C,50%,30,0分钟
20211027201559,关,关,关,48°C,50%,27,0分钟
20211027201601,关,关,关,48°C,50%,26,0分钟
20211027201609,关,关,关,48°C,50%,27,0分钟
20211027201611,关,关,关,48°C,50%,28,0分钟
20211027201613,关,关,关,48°C,50%,26,0分钟
20211027201617,关,关,关,48°C,50%,25,0分钟
20211027201621,关,关,关,47°C,50%,25,0分钟
20211027201623,关,关,关,47°C,50%,26,0分钟
20211027201627,关,关,关,47°C,50%,25,0分钟
20211027201629,关,关,关,47°C,50%,26,0分钟
20211027201633,关,关,关,47°C,50%,25,0分钟
20211027201635,关,关,关,47°C,50%,26,0分钟
20211027201637,关,关,关,47°C,50%,25,0分钟
20211027201642,关,关,关,47°C,50%,26,0分钟
20211027201643,关,关,关,47°C,50%,25,0分钟
20211027201645,关,关,关,47°C,50%,26,0分钟
20211027201653,关,关,关,47°C,50%,25,0分钟
20211027201655,关,关,关,47°C,50%,26,0分钟
20211027201657,关,关,关,47°C,50%,25,0分钟
20211027201659,关,关,关,47°C,50%,26,0分钟
20211027201703,关,关,关,46°C,50%,25,0分钟
20211027201705,关,关,关,46°C,50%,26,0分钟
20211027201707,关,关,关,46°C,50%,25,0分钟
20211027201709,关,关,关,46°C,50%,26,0分钟
20211027201711,关,关,关,46°C,50%,25,0分钟
20211027201713,关,关,关,46°C,50%,26,0分钟
20211027201717,关,关,关,46°C,50%,28,0分钟
20211027201719,关,关,关,46°C,50%,30,0分钟
20211027201725,关,关,关,46°C,50%,32,0分钟
20211027201727,关,关,关,46°C,50%,30,0分钟
20211027201729,关,关,关,46°C,50%,27,0分钟
20211027201731,关,关,关,45°C,50%,27,0分钟
20211027201733,关,关,关,45°C,50%,26,0分钟
20211027201740,关,关,关,45°C,50%,27,0分钟
20211027201746,关,关,关,45°C,50%,21,0分钟
20211027201748,关,关,关,45°C,50%,22,0分钟
20211027201750,关,关,关,44°C,50%,21,0分钟
20211027201752,关,关,关,44°C,50%,20,0分钟
20211027201756,关,关,关,44°C,50%,21,0分钟
20211027201758,关,关,关,44°C,50%,20,0分钟
20211027201808,关,关,关,44°C,50%,21,0分钟
20211027201810,关,关,关,44°C,50%,20,0分钟
20211027201812,关,关,关,44°C,50%,21,0分钟
20211027201816,关,关,关,43°C,25%,20,0分钟
20211027201818,关,关,关,43°C,25%,18,0分钟
20211027201820,关,关,关,43°C,25%,16,0分钟
20211027201822,关,关,关,43°C,25%,17,0分钟
20211027201824,关,关,关,43°C,25%,16,0分钟
20211027201830,关,关,关,43°C,25%,17,0分钟
20211027201832,关,关,关,42°C,25%,17,0分钟
20211027201836,关,关,关,42°C,25%,16,0分钟
20211027201846,关,关,关,42°C,25%,17,0分钟
20211027201848,关,关,关,42°C,25%,18,0分钟
20211027201850,关,关,关,42°C,25%,17,0分钟
20211027201852,关,关,关,42°C,25%,16,0分钟
20211027201902,关,关,关,42°C,25%,21,0分钟
20211027201903,关,关,关,42°C,25%,20,0分钟
20211027201904,关,关,关,41°C,25%,21,0分钟
20211027201910,关,关,关,41°C,25%,20,0分钟
20211027201912,关,关,关,41°C,25%,21,0分钟
20211027201914,关,关,关,41°C,25%,18,0分钟
20211027201925,关,关,关,41°C,25%,20,0分钟
20211027201929,关,关,关,40°C,25%,20,0分钟
20211027201931,关,关,关,40°C,25%,21,0分钟
20211027201937,关,关,关,40°C,25%,20,0分钟
20211027201943,关,关,关,40°C,25%,18,0分钟
20211027201949,关,关,关,39°C,25%,20,0分钟
20211027201951,关,关,关,39°C,25%,15,0分钟
20211027201955,关,关,关,39°C,25%,17,0分钟
20211027201957,关,关,关,39°C,25%,18,0分钟
20211027201959,关,关,关,39°C,25%,17,0分钟
20211027202001,关,关,关,39°C,25%,18,0分钟
20211027202003,关,关,关,39°C,25%,21,0分钟
20211027202009,关,关,关,39°C,25%,20,0分钟
20211027202011,关,关,关,39°C,25%,15,0分钟
20211027202013,关,关,关,39°C,25%,17,0分钟
20211027202015,关,关,关,38°C,25%,16,0分钟
20211027202017,关,关,关,38°C,25%,17,0分钟
20211027202019,关,关,关,38°C,25%,21,0分钟
20211027202025,关,关,关,38°C,25%,20,0分钟
20211027202027,关,关,关,38°C,25%,18,0分钟
20211027202031,关,关,关,38°C,25%,20,0分钟
20211027202037,关,关,关,38°C,25%,0,0分钟
20211027202126,关,关,关,37°C,25%,0,0分钟
20211027202311,关,关,关,36°C,25%,0,0分钟
20211027202315,开,开,关,36°C,25%,0,19分钟
20211027202317,开,开,关,36°C,25%,0,21分钟
20211027202331,开,开,关,35°C,25%,0,21分钟
20211027202339,开,开,关,35°C,25%,0,20分钟
20211027202345,开,开,关,36°C,25%,0,19分钟
20211027202347,开,开,关,36°C,25%,0,21分钟
20211027202351,开,开,关,35°C,25%,0,21分钟
20211027202353,开,开,关,35°C,25%,0,19分钟
20211027202444,开,开,关,36°C,25%,0,19分钟
20211027202518,开,开,关,36°C,25%,0,18分钟
20211027202542,开,开,关,37°C,25%,0,18分钟
20211027202637,开,开,关,37°C,25%,0,17分钟
20211027202749,开,开,关,38°C,25%,0,15分钟
20211027202753,开,开,关,39°C,25%,0,15分钟
20211027202820,开,开,关,39°C,25%,0,14分钟
20211027202830,开,开,关,40°C,25%,0,14分钟
20211027202848,开,开,关,40°C,25%,0,13分钟
20211027202850,开,开,关,40°C,25%,0,12分钟
20211027202934,开,开,关,41°C,25%,0,12分钟
20211027202945,开,开,关,41°C,25%,0,11分钟
20211027203005,开,开,关,42°C,25%,0,11分钟
20211027203037,开,开,关,42°C,25%,0,10分钟
20211027203039,开,开,关,42°C,25%,0,9分钟
20211027203120,开,开,关,43°C,25%,0,9分钟
20211027203122,开,开,关,43°C,25%,0,8分钟
20211027203152,开,开,关,44°C,25%,0,8分钟
20211027203228,开,开,关,44°C,25%,0,7分钟
20211027203232,开,开,关,45°C,25%,0,7分钟
20211027203315,开,开,关,45°C,25%,0,6分钟
20211027203317,开,开,关,45°C,25%,0,5分钟
20211027203357,开,开,关,46°C,25%,0,5分钟
20211027203429,开,开,关,46°C,25%,0,4分钟
20211027203443,开,开,关,47°C,25%,0,4分钟
20211027203544,开,开,关,47°C,25%,0,3分钟
20211027203548,开,开,关,47°C,25%,0,2分钟
20211027203629,开,开,关,48°C,25%,0,2分钟
20211027203631,开,开,关,48°C,25%,0,1分钟
20211027203655,开,开,关,49°C,25%,0,1分钟
20211027203711,开,开,关,49°C,25%,0,0分钟
20211027203713,开,关,开,50°C,100%,0,0分钟
20211027204520,开,关,开,50°C,50%,0,0分钟
20211027204522,开,开,关,50°C,50%,30,0分钟
20211027204536,开,开,关,50°C,50%,31,0分钟
20211027204538,开,开,关,50°C,50%,30,0分钟
20211027204540,开,开,关,50°C,50%,31,0分钟
20211027204542,开,开,关,50°C,50%,32,0分钟
20211027204552,开,开,关,50°C,50%,31,0分钟
20211027204554,开,开,关,50°C,50%,32,0分钟
20211027204602,开,开,关,50°C,50%,31,0分钟
20211027204604,开,开,关,50°C,50%,32,0分钟
20211027204606,开,开,关,50°C,50%,31,0分钟
20211027204608,开,开,关,50°C,50%,32,0分钟
20211027204616,开,开,关,50°C,50%,31,0分钟
20211027204618,开,开,关,50°C,50%,32,0分钟
20211027204629,开,开,关,50°C,50%,31,0分钟
20211027204632,开,开,关,50°C,50%,32,0分钟
20211027204639,开,开,关,50°C,50%,31,0分钟
20211027204641,开,开,关,50°C,50%,32,0分钟
20211027204643,开,开,关,50°C,50%,30,0分钟
20211027204649,开,开,关,50°C,50%,31,0分钟
20211027204657,开,开,关,50°C,50%,32,0分钟
20211027204705,开,开,关,50°C,50%,31,0分钟
20211027204707,开,开,关,50°C,50%,32,0分钟
20211027204713,开,开,关,50°C,50%,31,0分钟
20211027204717,开,开,关,50°C,50%,32,0分钟
20211027204727,开,开,关,50°C,50%,31,0分钟
20211027204729,开,开,关,50°C,50%,32,0分钟
20211027204731,开,开,关,50°C,50%,21,0分钟
20211027204733,开,开,关,50°C,50%,22,0分钟
20211027204735,开,开,关,50°C,50%,21,0分钟
20211027204737,开,开,关,50°C,50%,22,0分钟
20211027204751,开,开,关,50°C,50%,21,0分钟
20211027204755,开,开,关,50°C,50%,20,0分钟
20211027204801,开,开,关,50°C,50%,21,0分钟
20211027204803,开,开,关,50°C,50%,22,0分钟
20211027204814,开,开,关,50°C,50%,21,0分钟
20211027204816,开,开,关,50°C,50%,22,0分钟
20211027204830,开,开,关,50°C,50%,21,0分钟
20211027204832,开,开,关,50°C,50%,22,0分钟
20211027204852,开,开,关,50°C,50%,21,0分钟
20211027204854,开,开,关,50°C,50%,22,0分钟
20211027204900,开,开,关,50°C,50%,21,0分钟
20211027204902,开,开,关,50°C,50%,22,0分钟
20211027204932,开,开,关,50°C,50%,21,0分钟
20211027204934,开,开,关,50°C,50%,22,0分钟
20211027204940,开,开,关,50°C,50%,21,0分钟
20211027204942,开,开,关,50°C,50%,22,0分钟
20211027204948,开,开,关,50°C,50%,21,0分钟
20211027204950,开,开,关,50°C,50%,16,0分钟
20211027205856,开,关,开,50°C,50%,0,0分钟
20211027205920,开,关,开,50°C,50%,0,0分钟
20211027205932,开,关,开,49°C,50%,0,0分钟
20211027205944,开,关,开,50°C,50%,0,0分钟
20211027205956,开,关,开,49°C,50%,0,0分钟
20211027210003,开,关,开,50°C,50%,0,0分钟
20211027211146,开,关,开,49°C,50%,0,0分钟
20211027211749,关,关,关,49°C,50%,0,0分钟
20211027211801,关,关,关,48°C,50%,0,0分钟
20211027211807,关,关,关,49°C,50%,0,0分钟
20211027214234,关,关,关,48°C,50%,0,0分钟
20211027214246,关,关,关,47°C,50%,0,0分钟
20211027214252,关,关,关,48°C,50%,0,0分钟
20211027214258,关,关,关,47°C,50%,0,0分钟
20211027214304,关,关,关,48°C,50%,0,0分钟
20211027214328,关,关,关,47°C,50%,0,0分钟
20211027214334,关,关,关,48°C,50%,0,0分钟
20211027214340,关,关,关,47°C,50%,0,0分钟
20211027214346,关,关,关,48°C,50%,0,0分钟
20211027215903,关,关,关,47°C,50%,0,0分钟
20211027215905,关,关,关,47°C,50%,47,0分钟
20211027215911,关,关,关,47°C,50%,48,0分钟
20211027215913,关,关,关,47°C,50%,45,0分钟
20211027215915,关,关,关,47°C,50%,47,0分钟
20211027215917,关,关,关,47°C,50%,50,0分钟
20211027215929,关,关,关,47°C,50%,51,0分钟
20211027215931,关,关,关,47°C,50%,50,0分钟
20211027215935,关,关,关,47°C,50%,51,0分钟
20211027215937,关,关,关,47°C,50%,50,0分钟
20211027215939,关,关,关,47°C,50%,52,0分钟
20211027215949,关,关,关,47°C,50%,50,0分钟
20211027215952,关,关,关,47°C,50%,51,0分钟
20211027215954,关,关,关,47°C,50%,50,0分钟
20211027215956,关,关,关,47°C,50%,52,0分钟
20211027220006,关,关,关,47°C,50%,51,0分钟
20211027220008,关,关,关,47°C,50%,42,0分钟
20211027220014,关,关,关,47°C,50%,17,0分钟
20211027220044,关,关,关,46°C,50%,17,0分钟
20211027220046,关,关,关,46°C,50%,16,0分钟
20211027220056,关,关,关,46°C,50%,17,0分钟
20211027220058,关,关,关,45°C,50%,16,0分钟
20211027220100,关,关,关,45°C,50%,17,0分钟
20211027220102,关,关,关,45°C,50%,16,0分钟
20211027220108,关,关,关,45°C,50%,17,0分钟
20211027220110,关,关,关,45°C,50%,18,0分钟
20211027220112,关,关,关,45°C,50%,16,0分钟
20211027220128,关,关,关,45°C,50%,17,0分钟
20211027220131,关,关,关,45°C,50%,18,0分钟
20211027220132,关,关,关,45°C,50%,16,0分钟
20211027220134,关,关,关,45°C,50%,17,0分钟
20211027220139,关,关,关,45°C,50%,0,0分钟
20211027220320,关,关,关,44°C,50%,0,0分钟
20211027220321,关,关,关,44°C,50%,65,0分钟
20211027220324,关,关,关,44°C,50%,66,0分钟
20211027220328,关,关,关,44°C,50%,67,0分钟
20211027220330,关,关,关,44°C,50%,68,0分钟
20211027220334,关,关,关,44°C,50%,67,0分钟
20211027220338,关,关,关,44°C,50%,68,0分钟
20211027220340,关,关,关,44°C,25%,67,0分钟
20211027220344,关,关,关,43°C,25%,51,0分钟
20211027220346,关,关,关,43°C,25%,62,0分钟
20211027220350,关,关,关,43°C,25%,63,0分钟
20211027220352,关,关,关,43°C,25%,62,0分钟
20211027220354,关,关,关,43°C,25%,63,0分钟
20211027220400,关,关,关,43°C,25%,65,0分钟
20211027220402,关,关,关,43°C,25%,68,0分钟
20211027220404,关,关,关,43°C,25%,71,0分钟
20211027220406,关,关,关,43°C,25%,72,0分钟
20211027220408,关,关,关,43°C,25%,65,0分钟
20211027220410,关,关,关,43°C,25%,62,0分钟
20211027220412,关,关,关,42°C,25%,62,0分钟
20211027220414,关,关,关,42°C,25%,53,0分钟
20211027220422,关,关,关,42°C,25%,52,0分钟
20211027220424,关,关,关,42°C,25%,51,0分钟
20211027220436,关,关,关,42°C,25%,53,0分钟
20211027220438,关,关,关,42°C,25%,51,0分钟
20211027220442,关,关,关,42°C,25%,53,0分钟
20211027220448,关,关,关,41°C,25%,53,0分钟
20211027220452,关,关,关,41°C,25%,52,0分钟
20211027220456,关,关,关,41°C,25%,53,0分钟
20211027220458,关,关,关,41°C,25%,52,0分钟
20211027220501,关,关,关,41°C,25%,43,0分钟
20211027220502,关,关,关,41°C,25%,37,0分钟
20211027220504,关,关,关,41°C,25%,31,0分钟
20211027220507,关,关,关,41°C,25%,22,0分钟
20211027220511,关,关,关,40°C,25%,21,0分钟
20211027220513,关,关,关,40°C,25%,25,0分钟
20211027220515,关,关,关,40°C,25%,27,0分钟
20211027220525,关,关,关,40°C,25%,28,0分钟
20211027220529,关,关,关,39°C,25%,28,0分钟
20211027220531,关,关,关,39°C,25%,30,0分钟
20211027220533,关,关,关,39°C,25%,28,0分钟
20211027220535,关,关,关,39°C,25%,30,0分钟
20211027220537,关,关,关,39°C,25%,28,0分钟
20211027220539,关,关,关,39°C,25%,27,0分钟
20211027220543,关,关,关,39°C,25%,28,0分钟
20211027220551,关,关,关,38°C,25%,28,0分钟
20211027220553,关,关,关,38°C,25%,27,0分钟
20211027220601,关,关,关,38°C,25%,28,0分钟
20211027220607,关,关,关,37°C,25%,28,0分钟
20211027220609,关,关,关,37°C,25%,27,0分钟
20211027220625,关,关,关,37°C,25%,28,0分钟
20211027220643,关,关,关,36°C,25%,28,0分钟
20211027220645,关,关,关,36°C,25%,30,0分钟
20211027220652,关,关,关,36°C,25%,28,0分钟
20211027220654,关,关,关,35°C,25%,28,0分钟
20211027220656,关,关,关,35°C,25%,30,0分钟
20211027220658,关,关,关,35°C,25%,27,0分钟
20211027220706,关,关,关,35°C,25%,28,0分钟
20211027220708,关,关,关,35°C,25%,30,0分钟
20211027220716,关,关,关,35°C,25%,28,0分钟
20211027220718,关,关,关,35°C,25%,27,0分钟
20211027220720,关,关,关,35°C,25%,28,0分钟
20211027220722,关,关,关,34°C,25%,28,0分钟
20211027220724,关,关,关,34°C,25%,30,0分钟
20211027220726,关,关,关,34°C,25%,28,0分钟
20211027220808,关,关,关,34°C,25%,0,0分钟
20211027220847,关,关,关,33°C,25%,0,0分钟
20211027221122,关,关,关,33°C,0%,0,0分钟
20211027221134,关,关,关,32°C,0%,0,0分钟
20211027221152,关,关,关,33°C,0%,0,0分钟
20211027221159,关,关,关,32°C,0%,0,0分钟
20211027221229,关,关,关,33°C,0%,0,0分钟
20211027221241,关,关,关,32°C,0%,0,0分钟
20211027221311,关,关,关,33°C,0%,0,0分钟
20211027221317,关,关,关,32°C,0%,0,0分钟
20211027225813,关,关,关,33°C,0%,0,0分钟
20211027225819,关,关,关,33°C,0%,0,0分钟
20211027225825,关,关,关,34°C,0%,0,0分钟
20211027225950,关,关,关,33°C,0%,0,0分钟
20211027225956,关,关,关,34°C,0%,0,0分钟
20211027230002,关,关,关,33°C,0%,0,0分钟
20211027230014,关,关,关,34°C,0%,0,0分钟
20211027230020,关,关,关,33°C,0%,0,0分钟
20211027230026,关,关,关,34°C,0%,0,0分钟
20211027230038,关,关,关,33°C,0%,0,0分钟
20211027230045,关,关,关,34°C,0%,0,0分钟
20211027230051,关,关,关,33°C,0%,0,0分钟
20211027230057,关,关,关,34°C,0%,0,0分钟
20211027230121,关,关,关,33°C,0%,0,0分钟
20211027230139,关,关,关,34°C,0%,0,0分钟
20211027230145,关,关,关,33°C,0%,0,0分钟
20211027230310,关,关,关,34°C,0%,0,0分钟
20211027230322,关,关,关,33°C,0%,0,0分钟
20211027230404,关,关,关,34°C,0%,0,0分钟
20211027230410,关,关,关,33°C,0%,0,0分钟
20211027230453,关,关,关,34°C,0%,0,0分钟
20211027230459,关,关,关,33°C,0%,0,0分钟
20211028063006,关,关,关,34°C,0%,0,0分钟
20211028063145,关,关,关,34°C,0%,0,0分钟
20211028063151,关,关,关,33°C,0%,0,0分钟
20211028063346,关,关,关,34°C,0%,0,0分钟
20211028063352,关,关,关,33°C,0%,0,0分钟
20211028063416,关,关,关,34°C,0%,0,0分钟
20211028063423,关,关,关,33°C,0%,0,0分钟
20211028063905,关,关,关,34°C,0%,0,0分钟
20211028063907,关,关,关,33°C,0%,0,0分钟
20211028064403,关,关,关,34°C,0%,0,0分钟
20211028064410,关,关,关,33°C,0%,0,0分钟
20211028064655,关,关,关,34°C,0%,0,0分钟
20211028064744,关,关,关,34°C,0%,0,0分钟
20211028064802,关,关,关,33°C,0%,0,0分钟
20211028064850,关,关,关,34°C,0%,0,0分钟
20211028064856,关,关,关,33°C,0%,0,0分钟
20211028064921,关,关,关,34°C,0%,0,0分钟
20211028064927,关,关,关,33°C,0%,0,0分钟
20211028064933,关,关,关,34°C,0%,0,0分钟
20211028064945,关,关,关,33°C,0%,0,0分钟
20211028064951,关,关,关,34°C,0%,0,0分钟
20211028064957,关,关,关,33°C,0%,0,0分钟
20211028065003,关,关,关,34°C,0%,0,0分钟
20211028065045,关,关,关,33°C,0%,0,0分钟
20211028065051,关,关,关,34°C,0%,0,0分钟
20211028065128,关,关,关,33°C,0%,0,0分钟
20211028065146,关,关,关,34°C,0%,0,0分钟
20211028065204,关,关,关,33°C,0%,0,0分钟
20211028065216,关,关,关,34°C,0%,0,0分钟
20211028065228,关,关,关,33°C,0%,0,0分钟
20211028065305,关,关,关,34°C,0%,0,0分钟
20211028065311,关,关,关,33°C,0%,0,0分钟
20211028065347,关,关,关,34°C,0%,0,0分钟
20211028065423,关,关,关,33°C,0%,0,0分钟
20211028065435,关,关,关,34°C,0%,0,0分钟
20211028065448,关,关,关,33°C,0%,0,0分钟
20211028065454,关,关,关,34°C,0%,0,0分钟
20211028065532,关,关,关,33°C,0%,0,0分钟
20211028065536,关,关,关,34°C,0%,0,0分钟
20211028065550,关,关,关,33°C,0%,0,0分钟
20211028065552,关,关,关,33°C,0%,8,0分钟
20211028065624,关,关,关,33°C,0%,0,0分钟
20211028065701,关,关,关,34°C,0%,0,0分钟
20211028065713,关,关,关,33°C,0%,0,0分钟
20211028065807,关,关,关,34°C,0%,0,0分钟
20211028065813,关,关,关,33°C,0%,0,0分钟
20211028065826,关,关,关,34°C,0%,0,0分钟
20211028065832,关,关,关,33°C,0%,0,0分钟
20211028065844,关,关,关,34°C,0%,0,0分钟
20211028065850,关,关,关,33°C,0%,0,0分钟
20211028065856,关,关,关,34°C,0%,0,0分钟
20211028065914,关,关,关,33°C,0%,0,0分钟
20211028065920,关,关,关,34°C,0%,0,0分钟
20211028065926,关,关,关,33°C,0%,0,0分钟
20211028065950,关,关,关,34°C,0%,0,0分钟
20211028070021,关,关,关,33°C,0%,0,0分钟
20211028070051,关,关,关,34°C,0%,0,0分钟
20211028070133,关,关,关,33°C,0%,0,0分钟
20211028070139,关,关,关,34°C,0%,0,0分钟
20211028070146,关,关,关,33°C,0%,0,0分钟
20211028070158,关,关,关,34°C,0%,0,0分钟
20211028070235,关,关,关,33°C,0%,0,0分钟
20211028070240,关,关,关,34°C,0%,0,0分钟
20211028070246,关,关,关,33°C,0%,0,0分钟
20211028070258,关,关,关,34°C,0%,0,0分钟
20211028070310,关,关,关,33°C,0%,0,0分钟
20211028070334,关,关,关,34°C,0%,0,0分钟
20211028070341,关,关,关,33°C,0%,0,0分钟
20211028070359,关,关,关,34°C,0%,0,0分钟
20211028070405,关,关,关,33°C,0%,0,0分钟
20211028070411,关,关,关,34°C,0%,0,0分钟
20211028070423,关,关,关,33°C,0%,0,0分钟
20211028070429,关,关,关,34°C,0%,0,0分钟
20211028070459,关,关,关,33°C,0%,0,0分钟
20211028070505,关,关,关,34°C,0%,0,0分钟
20211028070524,关,关,关,33°C,0%,0,0分钟
20211028070530,关,关,关,34°C,0%,0,0分钟
20211028070542,关,关,关,33°C,0%,0,0分钟
20211028070548,关,关,关,34°C,0%,0,0分钟
20211028070554,关,关,关,33°C,0%,0,0分钟
20211028070600,关,关,关,34°C,0%,0,0分钟
20211028070618,关,关,关,33°C,0%,0,0分钟
20211028070624,关,关,关,34°C,0%,0,0分钟
20211028070630,关,关,关,33°C,0%,0,0分钟
20211028070636,关,关,关,34°C,0%,0,0分钟
20211028070648,关,关,关,33°C,0%,0,0分钟
20211028070654,关,关,关,34°C,0%,0,0分钟
20211028070701,关,关,关,33°C,0%,0,0分钟
20211028070737,关,关,关,34°C,0%,0,0分钟
20211028070743,关,关,关,34°C,0%,0,0分钟
20211028070813,关,关,关,33°C,0%,0,0分钟
20211028070819,关,关,关,34°C,0%,0,0分钟
20211028070938,关,关,关,33°C,0%,0,0分钟
20211028070950,关,关,关,34°C,0%,0,0分钟
20211028071020,关,关,关,33°C,0%,0,0分钟
20211028071026,关,关,关,34°C,0%,0,0分钟
20211028071103,关,关,关,33°C,0%,0,0分钟
20211028071109,关,关,关,34°C,0%,0,0分钟
20211028071328,关,关,关,33°C,0%,0,0分钟
20211028071334,关,关,关,34°C,0%,0,0分钟
20211028071913,关,关,关,33°C,0%,0,0分钟
20211028071919,关,关,关,34°C,0%,0,0分钟
20211028072115,关,关,关,33°C,0%,0,0分钟
20211028072123,关,关,关,34°C,0%,0,0分钟
20211028072127,关,关,关,33°C,0%,0,0分钟
20211028072129,关,关,关,33°C,0%,8,0分钟
20211028072344,关,关,关,33°C,0%,0,0分钟
20211028072346,关,关,关,34°C,0%,0,0分钟
20211028085820,关,关,关,33°C,0%,0,0分钟
20211028085838,关,关,关,33°C,0%,0,0分钟
20211028085840,关,关,关,33°C,0%,8,0分钟
20211028085848,关,关,关,33°C,0%,0,0分钟
20211028085850,关,关,关,33°C,0%,31,0分钟
20211028085852,关,关,关,33°C,0%,52,0分钟
20211028085854,关,关,关,33°C,0%,53,0分钟
20211028085856,关,关,关,33°C,0%,55,0分钟
20211028085924,关,关,关,33°C,0%,0,0分钟
20211028085926,关,关,关,33°C,0%,57,0分钟
20211028085928,关,关,关,33°C,0%,58,0分钟
20211028085930,关,关,关,33°C,0%,57,0分钟
20211028085936,关,关,关,33°C,0%,58,0分钟
20211028085940,关,关,关,33°C,0%,57,0分钟
20211028085942,关,关,关,33°C,0%,53,0分钟
20211029115344,关,关,关,46°C,25%,0,0分钟
20211029115817,关,关,关,46°C,25%,0,0分钟
20211029115823,关,关,关,45°C,25%,0,0分钟
20211029120042,关,关,关,46°C,25%,0,0分钟
20211029120048,关,关,关,45°C,25%,0,0分钟
20211029120100,关,关,关,46°C,25%,0,0分钟
20211029120107,关,关,关,45°C,25%,0,0分钟
20211029120125,关,关,关,46°C,25%,0,0分钟
20211029120131,关,关,关,45°C,25%,0,0分钟
20211029120609,关,关,关,46°C,25%,0,0分钟
20211029120616,关,关,关,45°C,25%,0,0分钟
20211029120648,关,关,关,46°C,25%,0,0分钟
20211029120652,关,关,关,45°C,25%,0,0分钟
20211029120817,关,关,关,46°C,25%,0,0分钟
20211029120823,关,关,关,45°C,25%,0,0分钟
20211029120847,关,关,关,46°C,25%,0,0分钟
20211029120853,关,关,关,45°C,25%,0,0分钟
20211029120929,关,关,关,46°C,25%,0,0分钟
20211029120935,关,关,关,45°C,25%,0,0分钟
20211029120941,关,关,关,46°C,25%,0,0分钟
20211029121000,关,关,关,45°C,25%,0,0分钟
20211029121030,关,关,关,46°C,25%,0,0分钟
20211029121036,关,关,关,45°C,25%,0,0分钟
20211029121042,关,关,关,46°C,25%,0,0分钟
20211029121054,关,关,关,45°C,25%,0,0分钟
20211029121106,关,关,关,46°C,25%,0,0分钟
20211029121112,关,关,关,45°C,25%,0,0分钟
20211029121137,关,关,关,46°C,25%,0,0分钟
20211029121143,关,关,关,46°C,25%,0,0分钟
20211029121149,关,关,关,45°C,25%,0,0分钟
20211029121155,关,关,关,46°C,25%,0,0分钟
20211029121201,关,关,关,45°C,25%,0,0分钟
20211029121207,关,关,关,46°C,25%,0,0分钟
20211029121249,关,关,关,45°C,25%,0,0分钟
20211029121255,关,关,关,46°C,25%,0,0分钟
20211029121326,关,关,关,45°C,25%,0,0分钟
20211029121332,关,关,关,46°C,25%,0,0分钟
20211029121338,关,关,关,45°C,25%,0,0分钟
20211029121344,关,关,关,46°C,25%,0,0分钟
20211029121414,关,关,关,45°C,25%,0,0分钟
20211029121420,关,关,关,46°C,25%,0,0分钟
20211029121438,关,关,关,45°C,25%,0,0分钟
20211029121444,关,关,关,46°C,25%,0,0分钟
20211029121515,关,关,关,45°C,25%,0,0分钟
20211029121521,关,关,关,46°C,25%,0,0分钟
20211029121539,关,关,关,45°C,25%,0,0分钟
20211029121545,关,关,关,46°C,25%,0,0分钟
20211029121621,关,关,关,45°C,25%,0,0分钟
20211029121627,关,关,关,46°C,25%,0,0分钟
20211029133240,关,关,关,45°C,25%,0,0分钟
20211029133245,关,关,关,45°C,25%,0,0分钟
20211029134052,关,关,关,45°C,25%,0,0分钟
20211029134100,关,关,关,45°C,25%,0,0分钟
20211029134105,关,关,关,45°C,25%,0,0分钟
20211029154422,关,关,关,45°C,25%,0,0分钟
20211029154547,关,关,关,45°C,25%,0,0分钟
20211029154553,关,关,关,44°C,25%,0,0分钟
20211029154724,关,关,关,45°C,25%,0,0分钟
20211029154730,关,关,关,44°C,25%,0,0分钟
20211029154831,关,关,关,45°C,25%,0,0分钟
20211029154931,关,关,关,44°C,25%,0,0分钟
20211029154937,关,关,关,44°C,25%,0,0分钟
20211029155132,关,关,关,45°C,25%,0,0分钟
20211029155138,关,关,关,44°C,25%,0,0分钟
20211029155215,关,关,关,45°C,25%,0,0分钟
20211029155221,关,关,关,44°C,25%,0,0分钟
20211029155251,关,关,关,45°C,25%,0,0分钟
20211029155257,关,关,关,44°C,25%,0,0分钟
20211029155541,关,关,关,45°C,25%,0,0分钟
20211029155547,关,关,关,44°C,25%,0,0分钟
20211029155605,关,关,关,45°C,25%,0,0分钟
20211029155611,关,关,关,44°C,25%,0,0分钟
20211029155806,关,关,关,45°C,25%,0,0分钟
20211029155812,关,关,关,44°C,25%,0,0分钟
20211029155925,关,关,关,45°C,25%,0,0分钟
20211029155937,关,关,关,44°C,25%,0,0分钟
20211029155955,关,关,关,45°C,25%,0,0分钟
20211029160013,关,关,关,44°C,25%,0,0分钟
20211029160031,关,关,关,45°C,25%,0,0分钟
20211029160043,关,关,关,44°C,25%,0,0分钟
20211029160056,关,关,关,45°C,25%,0,0分钟
20211029160120,关,关,关,44°C,25%,0,0分钟
20211029160138,关,关,关,45°C,25%,0,0分钟
20211029160220,关,关,关,44°C,25%,0,0分钟
20211029160245,关,关,关,45°C,25%,0,0分钟
20211029160251,关,关,关,44°C,25%,0,0分钟
20211029160257,关,关,关,45°C,25%,0,0分钟
20211029160309,关,关,关,44°C,25%,0,0分钟
20211029160315,关,关,关,45°C,25%,0,0分钟
20211029160333,关,关,关,44°C,25%,0,0分钟
20211029160339,关,关,关,45°C,25%,0,0分钟
20211029160351,关,关,关,44°C,25%,0,0分钟
20211029160357,关,关,关,45°C,25%,0,0分钟
20211029160403,关,关,关,44°C,25%,0,0分钟
20211029160415,关,关,关,45°C,25%,0,0分钟
20211029160428,关,关,关,44°C,25%,0,0分钟
20211029160434,关,关,关,45°C,25%,0,0分钟
20211029160452,关,关,关,44°C,25%,0,0分钟
20211029160504,关,关,关,45°C,25%,0,0分钟
20211029160510,关,关,关,44°C,25%,0,0分钟
20211029160516,关,关,关,45°C,25%,0,0分钟
20211029160544,关,关,关,44°C,25%,0,0分钟
20211029160546,关,关,关,45°C,25%,0,0分钟
20211029160552,关,关,关,44°C,25%,0,0分钟
20211029160605,关,关,关,45°C,25%,0,0分钟
20211029160611,关,关,关,44°C,25%,0,0分钟
20211029160617,关,关,关,45°C,25%,0,0分钟
20211029160641,关,关,关,44°C,25%,0,0分钟
20211029160653,关,关,关,45°C,25%,0,0分钟
20211029160748,关,关,关,44°C,25%,0,0分钟
20211029160754,关,关,关,45°C,25%,0,0分钟
20211029161001,关,关,关,44°C,25%,0,0分钟
20211029161007,关,关,关,45°C,25%,0,0分钟
20211029161037,关,关,关,44°C,25%,0,0分钟
20211029161043,关,关,关,45°C,25%,0,0分钟
20211029161119,关,关,关,44°C,25%,0,0分钟
20211029161126,关,关,关,45°C,25%,0,0分钟
20211029161156,关,关,关,44°C,25%,0,0分钟
20211029161202,关,关,关,45°C,25%,0,0分钟
20211029190943,关,关,关,44°C,25%,0,0分钟
20211029191043,开,开,关,44°C,25%,0,7分钟
20211029191100,开,开,关,44°C,25%,0,6分钟
20211029191106,开,开,关,45°C,25%,0,7分钟
20211029191154,开,开,关,45°C,25%,0,6分钟
20211029191237,开,开,关,46°C,25%,0,5分钟
20211029191313,开,开,关,46°C,25%,0,4分钟
20211029191329,开,开,关,47°C,25%,0,4分钟
20211029191430,开,开,关,47°C,25%,0,3分钟
20211029191432,开,开,关,47°C,25%,0,2分钟
20211029191508,开,开,关,48°C,25%,0,2分钟
20211029191532,开,开,关,49°C,25%,0,1分钟
20211029191544,关,关,关,49°C,50%,0,0分钟
20211029195302,关,关,关,50°C,50%,0,0分钟
20211029195304,关,关,关,50°C,50%,58,0分钟
20211029195310,关,关,关,50°C,50%,60,0分钟
20211029195312,关,关,关,50°C,50%,61,0分钟
20211029195314,关,关,关,50°C,50%,60,0分钟
20211029195318,关,关,关,50°C,50%,61,0分钟
20211029195322,关,关,关,50°C,50%,60,0分钟
20211029195324,关,关,关,50°C,50%,61,0分钟
20211029195421,关,关,关,50°C,50%,0,0分钟
20211029195422,关,关,关,50°C,50%,42,0分钟
20211029195438,关,关,关,50°C,50%,48,0分钟
20211029195439,关,关,关,50°C,50%,50,0分钟
20211029195441,关,关,关,50°C,50%,42,0分钟
20211029195443,关,关,关,50°C,50%,21,0分钟
20211029195449,关,关,关,50°C,50%,22,0分钟
20211029195455,关,关,关,50°C,50%,27,0分钟
20211029195457,关,关,关,50°C,50%,28,0分钟
20211029195459,关,关,关,50°C,50%,27,0分钟
20211029195503,关,关,关,50°C,50%,28,0分钟
20211029195507,关,关,关,50°C,50%,27,0分钟
20211029195511,关,关,关,50°C,50%,28,0分钟
20211029195521,关,关,关,50°C,50%,27,0分钟
20211029195523,关,关,关,50°C,50%,28,0分钟
20211029195525,关,关,关,50°C,50%,27,0分钟
20211029195527,关,关,关,50°C,50%,28,0分钟
20211029195537,关,关,关,50°C,50%,27,0分钟
20211029195539,关,关,关,50°C,50%,28,0分钟
20211029195555,关,关,关,50°C,50%,27,0分钟
20211029195557,关,关,关,50°C,50%,28,0分钟
20211029195602,关,关,关,50°C,50%,27,0分钟
20211029195603,关,关,关,50°C,50%,26,0分钟
20211029195608,关,关,关,50°C,50%,27,0分钟
20211029195610,关,关,关,50°C,50%,26,0分钟
20211029195628,关,关,关,50°C,50%,27,0分钟
20211029195630,关,关,关,50°C,50%,28,0分钟
20211029195632,关,关,关,50°C,50%,26,0分钟
20211029195634,关,关,关,50°C,50%,28,0分钟
20211029195644,关,关,关,50°C,50%,27,0分钟
20211029195646,关,关,关,50°C,50%,26,0分钟
20211029195650,关,关,关,50°C,50%,27,0分钟
20211029195652,关,关,关,50°C,50%,28,0分钟
20211029195742,关,关,关,50°C,50%,27,0分钟
20211029195759,关,关,关,49°C,50%,27,0分钟
20211029195801,关,关,关,49°C,50%,26,0分钟
20211029195817,关,关,关,49°C,50%,27,0分钟
20211029195819,关,关,关,49°C,50%,26,0分钟
20211029195825,关,关,关,49°C,50%,27,0分钟
20211029195829,关,关,关,49°C,50%,28,0分钟
20211029195831,关,关,关,49°C,50%,27,0分钟
20211029195833,关,关,关,49°C,50%,28,0分钟
20211029195841,关,关,关,49°C,50%,27,0分钟
20211029195843,关,关,关,49°C,50%,28,0分钟
20211029195857,关,关,关,49°C,50%,27,0分钟
20211029195859,关,关,关,49°C,50%,28,0分钟
20211029195905,关,关,关,49°C,50%,27,0分钟
20211029195907,关,关,关,49°C,50%,28,0分钟
20211029195920,关,关,关,49°C,50%,26,0分钟
20211029195948,关,关,关,49°C,50%,27,0分钟
20211029195950,关,关,关,49°C,50%,28,0分钟
20211029195956,关,关,关,49°C,50%,27,0分钟
20211029200002,关,关,关,49°C,50%,0,0分钟
20211029200251,关,关,关,48°C,50%,0,0分钟
20211029201705,关,关,关,47°C,50%,0,0分钟
20211029201724,关,关,关,47°C,50%,0,0分钟
20211029201754,关,关,关,46°C,50%,0,0分钟
20211029201756,开,开,关,46°C,50%,0,5分钟
20211029201758,关,关,关,46°C,100%,0,0分钟
20211029203747,关,关,关,46°C,50%,0,0分钟
20211029203749,关,关,关,46°C,50%,17,0分钟
20211029203751,关,关,关,46°C,50%,21,0分钟
20211029203757,关,关,关,46°C,50%,26,0分钟
20211029203759,关,关,关,46°C,50%,25,0分钟
20211029203803,关,关,关,46°C,50%,26,0分钟
20211029203805,关,关,关,46°C,50%,25,0分钟
20211029203809,关,关,关,46°C,50%,26,0分钟
20211029203811,关,关,关,46°C,50%,31,0分钟
20211029203819,关,关,关,46°C,50%,30,0分钟
20211029203831,关,关,关,45°C,50%,30,0分钟
20211029203833,关,关,关,45°C,50%,31,0分钟
20211029203837,关,关,关,45°C,50%,30,0分钟
20211029203847,关,关,关,45°C,50%,31,0分钟
20211029203850,关,关,关,45°C,50%,30,0分钟
20211029203900,关,关,关,45°C,50%,31,0分钟
20211029203902,关,关,关,45°C,50%,30,0分钟
20211029203908,关,关,关,45°C,50%,31,0分钟
20211029203910,关,关,关,45°C,50%,30,0分钟
20211029203917,关,关,关,44°C,50%,31,0分钟
20211029203918,关,关,关,44°C,50%,30,0分钟
20211029203928,关,关,关,44°C,50%,31,0分钟
20211029203930,关,关,关,44°C,50%,30,0分钟
20211029203936,关,关,关,44°C,50%,31,0分钟
20211029203938,关,关,关,44°C,50%,30,0分钟
20211029203940,关,关,关,44°C,50%,31,0分钟
20211029203942,关,关,关,44°C,50%,30,0分钟
20211029203952,关,关,关,44°C,50%,31,0分钟
20211029203956,关,关,关,44°C,50%,30,0分钟
20211029204000,关,关,关,44°C,25%,31,0分钟
20211029204002,关,关,关,44°C,25%,30,0分钟
20211029204004,关,关,关,43°C,25%,30,0分钟
20211029204006,关,关,关,43°C,25%,31,0分钟
20211029204008,关,关,关,43°C,25%,30,0分钟
20211029204018,关,关,关,43°C,25%,31,0分钟
20211029204022,关,关,关,43°C,25%,30,0分钟
20211029204026,关,关,关,43°C,25%,31,0分钟
20211029204047,关,关,关,42°C,25%,31,0分钟
20211029204049,关,关,关,42°C,25%,30,0分钟
20211029204051,关,关,关,42°C,25%,31,0分钟
20211029204053,关,关,关,42°C,25%,32,0分钟
20211029204055,关,关,关,42°C,25%,31,0分钟
20211029204057,关,关,关,42°C,25%,30,0分钟
20211029204101,关,关,关,41°C,25%,31,0分钟
20211029204103,关,关,关,41°C,25%,30,0分钟
20211029204107,关,关,关,41°C,25%,31,0分钟
20211029204109,关,关,关,41°C,25%,30,0分钟
20211029204113,关,关,关,41°C,25%,31,0分钟
20211029204115,关,关,关,41°C,25%,38,0分钟
20211029204117,关,关,关,41°C,25%,22,0分钟
20211029204131,关,关,关,41°C,25%,16,0分钟
20211029204133,关,关,关,41°C,25%,15,0分钟
20211029204139,关,关,关,40°C,25%,16,0分钟
20211029204157,关,关,关,40°C,25%,0,0分钟
20211029204352,关,关,关,39°C,25%,0,0分钟
20211029205913,关,关,关,38°C,25%,0,0分钟
20211029210013,开,开,关,38°C,25%,0,15分钟
20211029210050,开,开,关,38°C,25%,0,14分钟
20211029210126,开,开,关,39°C,25%,0,15分钟
20211029210208,开,开,关,39°C,25%,0,14分钟
20211029210221,开,开,关,40°C,25%,0,14分钟
20211029210331,开,开,关,40°C,25%,0,13分钟
20211029210339,开,开,关,41°C,25%,0,11分钟
20211029210402,开,开,关,42°C,25%,0,11分钟
20211029210440,开,开,关,42°C,25%,0,10分钟
20211029210528,开,开,关,43°C,25%,0,9分钟
20211029210601,开,开,关,44°C,25%,0,8分钟
20211029210641,开,开,关,44°C,25%,0,7分钟
20211029210647,开,开,关,45°C,25%,0,7分钟
20211029210736,开,开,关,45°C,25%,0,6分钟
20211029210818,开,开,关,46°C,25%,0,5分钟
20211029210836,开,开,关,46°C,25%,0,4分钟
20211029210842,开,开,关,47°C,25%,0,4分钟
20211029210848,开,开,关,46°C,25%,0,5分钟
20211029210904,开,开,关,47°C,25%,0,4分钟
20211029211001,开,开,关,47°C,25%,0,3分钟
20211029211043,开,开,关,48°C,25%,0,2分钟
20211029211110,开,开,关,49°C,25%,0,1分钟
20211029211138,开,开,关,49°C,25%,0,0分钟
20211029211140,开,关,开,50°C,100%,0,0分钟
20211029220539,开,关,开,50°C,50%,0,0分钟
20211029220541,关,关,关,50°C,50%,48,0分钟
20211029220543,关,关,关,50°C,50%,47,0分钟
20211029220549,关,关,关,50°C,50%,48,0分钟
20211029220551,关,关,关,50°C,50%,47,0分钟
20211029220601,关,关,关,50°C,50%,48,0分钟
20211029220603,关,关,关,50°C,50%,50,0分钟
20211029220614,关,关,关,50°C,50%,48,0分钟
20211029220623,关,关,关,50°C,50%,50,0分钟
20211029220625,关,关,关,50°C,50%,48,0分钟
20211029220627,关,关,关,50°C,50%,50,0分钟
20211029220629,关,关,关,50°C,50%,48,0分钟
20211029220631,关,关,关,50°C,50%,50,0分钟
20211029220633,关,关,关,50°C,50%,33,0分钟
20211029220635,关,关,关,50°C,50%,31,0分钟
20211029220640,关,关,关,50°C,50%,32,0分钟
20211029220641,关,关,关,50°C,50%,31,0分钟
20211029220644,关,关,关,50°C,50%,32,0分钟
20211029220646,关,关,关,50°C,50%,31,0分钟
20211029220648,关,关,关,50°C,50%,32,0分钟
20211029220652,关,关,关,50°C,50%,31,0分钟
20211029220654,关,关,关,50°C,50%,32,0分钟
20211029220656,关,关,关,50°C,50%,31,0分钟
20211029220658,关,关,关,50°C,50%,28,0分钟
20211029220706,关,关,关,50°C,50%,23,0分钟
20211029220708,关,关,关,50°C,50%,25,0分钟
20211029220716,关,关,关,50°C,50%,23,0分钟
20211029220718,关,关,关,50°C,50%,25,0分钟
20211029220728,关,关,关,50°C,50%,23,0分钟
20211029220730,关,关,关,50°C,50%,25,0分钟
20211029220732,关,关,关,50°C,50%,23,0分钟
20211029220734,关,关,关,50°C,50%,25,0分钟
20211029220742,关,关,关,50°C,50%,23,0分钟
20211029220744,关,关,关,50°C,50%,22,0分钟
20211029220752,关,关,关,50°C,50%,23,0分钟
20211029220754,关,关,关,50°C,50%,25,0分钟
20211029220806,关,关,关,50°C,50%,23,0分钟
20211029220808,关,关,关,50°C,50%,25,0分钟
20211029220821,关,关,关,50°C,50%,23,0分钟
20211029220822,关,关,关,50°C,50%,25,0分钟
20211029220837,关,关,关,50°C,50%,23,0分钟
20211029220839,关,关,关,50°C,50%,25,0分钟
20211029220841,关,关,关,50°C,50%,23,0分钟
20211029220843,关,关,关,50°C,50%,25,0分钟
20211029220845,关,关,关,49°C,50%,23,0分钟
20211029221028,关,关,关,49°C,50%,0,0分钟
20211029221030,关,关,关,49°C,50%,21,0分钟
20211029221038,关,关,关,49°C,50%,17,0分钟
20211029221048,关,关,关,49°C,50%,21,0分钟
20211029221050,关,关,关,49°C,50%,20,0分钟
20211029221100,关,关,关,49°C,50%,21,0分钟
20211029221102,关,关,关,49°C,50%,22,0分钟
20211029221122,关,关,关,49°C,50%,21,0分钟
20211029221126,关,关,关,49°C,50%,20,0分钟
20211029221140,关,关,关,49°C,50%,21,0分钟
20211029221142,关,关,关,49°C,50%,20,0分钟
20211029221148,关,关,关,49°C,50%,21,0分钟
20211029221151,关,关,关,49°C,50%,20,0分钟
20211029221154,关,关,关,49°C,50%,21,0分钟
20211029221157,关,关,关,49°C,50%,22,0分钟
20211029221203,关,关,关,49°C,50%,21,0分钟
20211029221205,关,关,关,48°C,50%,16,0分钟
20211029221217,关,关,关,48°C,50%,17,0分钟
20211029221221,关,关,关,48°C,50%,18,0分钟
20211029221229,关,关,关,48°C,50%,17,0分钟
20211029221233,关,关,关,48°C,50%,18,0分钟
20211029221235,关,关,关,48°C,50%,17,0分钟
20211029221237,关,关,关,48°C,50%,18,0分钟
20211029221239,关,关,关,48°C,50%,21,0分钟
20211029221249,关,关,关,48°C,50%,22,0分钟
20211029221251,关,关,关,48°C,50%,23,0分钟
20211029221255,关,关,关,48°C,50%,22,0分钟
20211029221257,关,关,关,48°C,50%,23,0分钟
20211029221309,关,关,关,48°C,50%,22,0分钟
20211029221311,关,关,关,48°C,50%,23,0分钟
20211029221321,关,关,关,48°C,50%,22,0分钟
20211029221323,关,关,关,48°C,50%,23,0分钟
20211029221333,关,关,关,48°C,50%,22,0分钟
20211029221344,关,关,关,47°C,50%,22,0分钟
20211029221346,关,关,关,47°C,50%,23,0分钟
20211029221354,关,关,关,47°C,50%,22,0分钟
20211029221358,关,关,关,47°C,50%,23,0分钟
20211029221410,关,关,关,47°C,50%,22,0分钟
20211029221522,关,关,关,47°C,50%,0,0分钟
20211029222005,关,关,关,46°C,50%,0,0分钟
20211029222007,关,关,关,46°C,50%,8,0分钟
20211029222321,关,关,关,46°C,50%,0,0分钟
20211029222323,关,关,关,46°C,50%,8,0分钟
20211029222428,关,关,关,46°C,50%,0,0分钟
20211029222434,关,关,关,45°C,50%,0,0分钟
20211029222440,关,关,关,46°C,50%,0,0分钟
20211029223232,关,关,关,45°C,50%,0,0分钟
20211029223623,关,关,关,45°C,50%,0,0分钟
20211029223629,关,关,关,44°C,50%,0,0分钟
20211029223641,关,关,关,45°C,50%,0,0分钟
20211029223647,关,关,关,44°C,50%,0,0分钟
20211029223653,关,关,关,45°C,50%,0,0分钟
20211029225135,关,关,关,44°C,50%,0,0分钟
20211029225915,关,关,关,44°C,25%,0,0分钟
20211029230756,关,关,关,44°C,25%,0,0分钟
20211029230803,关,关,关,43°C,25%,0,0分钟
20211029230915,关,关,关,44°C,25%,0,0分钟
20211029230921,关,关,关,43°C,25%,0,0分钟
20211029230933,关,关,关,44°C,25%,0,0分钟
20211029234334,关,关,关,43°C,25%,0,0分钟
20211029234404,关,关,关,43°C,25%,0,0分钟
20211029234410,关,关,关,42°C,25%,0,0分钟
20211029234423,关,关,关,43°C,25%,0,0分钟
20211029234429,关,关,关,42°C,25%,0,0分钟
20211029234435,关,关,关,43°C,25%,0,0分钟
20211029234454,关,关,关,42°C,25%,0,0分钟
20211029234505,关,关,关,43°C,25%,0,0分钟
20211029234553,关,关,关,42°C,25%,0,0分钟
20211029234559,关,关,关,43°C,25%,0,0分钟
20211030013328,关,关,关,42°C,25%,0,0分钟
20211030013352,关,关,关,42°C,25%,0,0分钟
20211030013359,关,关,关,41°C,25%,0,0分钟
20211030013417,关,关,关,42°C,25%,0,0分钟
20211030013423,关,关,关,41°C,25%,0,0分钟
20211030013435,关,关,关,42°C,25%,0,0分钟
20211030013447,关,关,关,41°C,25%,0,0分钟
20211030013505,关,关,关,42°C,25%,0,0分钟
20211030013548,关,关,关,41°C,25%,0,0分钟
20211030013624,关,关,关,42°C,25%,0,0分钟
20211030013636,关,关,关,41°C,25%,0,0分钟
20211030013642,关,关,关,42°C,25%,0,0分钟
20211030013807,关,关,关,41°C,25%,0,0分钟
20211030013825,关,关,关,42°C,25%,0,0分钟
20211030013932,关,关,关,41°C,25%,0,0分钟
20211030013938,关,关,关,42°C,25%,0,0分钟
20211030050925,关,关,关,41°C,25%,0,0分钟
20211030051002,关,关,关,41°C,25%,0,0分钟
20211030051008,关,关,关,40°C,25%,0,0分钟
20211030051309,关,关,关,41°C,25%,0,0分钟
20211030051315,关,关,关,40°C,25%,0,0分钟
20211030051340,关,关,关,41°C,25%,0,0分钟
20211030051346,关,关,关,40°C,25%,0,0分钟
20211030051358,关,关,关,41°C,25%,0,0分钟
20211030051404,关,关,关,40°C,25%,0,0分钟
20211030051458,关,关,关,41°C,25%,0,0分钟
20211030051505,关,关,关,40°C,25%,0,0分钟
20211030051535,关,关,关,41°C,25%,0,0分钟
20211030051541,关,关,关,40°C,25%,0,0分钟
20211030051547,关,关,关,41°C,25%,0,0分钟
20211030051553,关,关,关,40°C,25%,0,0分钟
20211030051617,关,关,关,41°C,25%,0,0分钟
20211030051736,关,关,关,41°C,25%,0,0分钟
20211030051742,关,关,关,40°C,25%,0,0分钟
20211030051754,关,关,关,41°C,25%,0,0分钟
20211030051806,关,关,关,40°C,25%,0,0分钟
20211030051818,关,关,关,41°C,25%,0,0分钟
20211030051824,关,关,关,40°C,25%,0,0分钟
20211030051837,关,关,关,41°C,25%,0,0分钟
20211030051843,关,关,关,40°C,25%,0,0分钟
20211030051855,关,关,关,41°C,25%,0,0分钟
20211030051919,关,关,关,40°C,25%,0,0分钟
20211030051925,关,关,关,41°C,25%,0,0分钟
20211030051931,关,关,关,40°C,25%,0,0分钟
20211030051943,关,关,关,41°C,25%,0,0分钟
20211030051949,关,关,关,40°C,25%,0,0分钟
20211030052013,关,关,关,41°C,25%,0,0分钟
20211030052019,关,关,关,40°C,25%,0,0分钟
20211030052026,关,关,关,41°C,25%,0,0分钟
20211030052032,关,关,关,40°C,25%,0,0分钟
20211030052054,关,关,关,41°C,25%,0,0分钟
20211030052144,关,关,关,40°C,25%,0,0分钟
20211030052156,关,关,关,41°C,25%,0,0分钟
20211030052202,关,关,关,40°C,25%,0,0分钟
20211030052215,关,关,关,41°C,25%,0,0分钟
20211030052221,关,关,关,40°C,25%,0,0分钟
20211030052227,关,关,关,41°C,25%,0,0分钟
20211030052233,关,关,关,40°C,25%,0,0分钟
20211030052239,关,关,关,41°C,25%,0,0分钟
20211030052303,关,关,关,40°C,25%,0,0分钟
20211030052309,关,关,关,41°C,25%,0,0分钟
20211030052315,关,关,关,40°C,25%,0,0分钟
20211030052333,关,关,关,41°C,25%,0,0分钟
20211030052352,关,关,关,40°C,25%,0,0分钟
20211030052358,关,关,关,41°C,25%,0,0分钟
20211030052422,关,关,关,40°C,25%,0,0分钟
20211030052428,关,关,关,41°C,25%,0,0分钟
20211030052434,关,关,关,40°C,25%,0,0分钟
20211030052440,关,关,关,41°C,25%,0,0分钟
20211030052452,关,关,关,40°C,25%,0,0分钟
20211030052504,关,关,关,41°C,25%,0,0分钟
20211030052559,关,关,关,40°C,25%,0,0分钟
20211030052605,关,关,关,41°C,25%,0,0分钟
20211030052635,关,关,关,40°C,25%,0,0分钟
20211030052647,关,关,关,41°C,25%,0,0分钟
20211030052653,关,关,关,40°C,25%,0,0分钟
20211030052659,关,关,关,41°C,25%,0,0分钟
20211030052730,关,关,关,40°C,25%,0,0分钟
20211030052814,关,关,关,41°C,25%,0,0分钟
20211030052826,关,关,关,41°C,25%,0,0分钟
20211030053134,关,关,关,40°C,25%,0,0分钟
20211030053140,关,关,关,41°C,25%,0,0分钟
20211030053417,关,关,关,40°C,25%,0,0分钟
20211030053424,关,关,关,41°C,25%,0,0分钟
20211030053856,关,关,关,40°C,25%,0,0分钟
20211030053902,关,关,关,41°C,25%,0,0分钟
20211030053957,关,关,关,40°C,25%,0,0分钟
20211030054003,关,关,关,41°C,25%,0,0分钟
20211030064808,关,关,关,40°C,25%,0,0分钟
20211030070031,关,关,关,40°C,25%,0,0分钟
20211030070033,关,关,关,40°C,25%,8,0分钟
20211030071254,关,关,关,40°C,25%,0,0分钟
20211030071256,关,关,关,40°C,25%,8,0分钟
20211030073736,关,关,关,40°C,25%,0,0分钟
20211030081059,关,关,关,40°C,25%,0,0分钟
20211030081101,关,关,关,40°C,25%,25,0分钟
20211030081103,关,关,关,40°C,25%,21,0分钟
20211030081122,关,关,关,40°C,25%,22,0分钟
20211030083708,关,关,关,40°C,25%,0,0分钟
20211030083714,关,关,关,39°C,25%,0,0分钟
20211030083727,关,关,关,40°C,25%,0,0分钟
20211030083733,关,关,关,39°C,25%,0,0分钟
20211030083922,关,关,关,40°C,25%,0,0分钟
20211030083928,关,关,关,39°C,25%,0,0分钟
20211030084123,关,关,关,40°C,25%,0,0分钟
20211030084129,关,关,关,39°C,25%,0,0分钟
20211030084147,关,关,关,40°C,25%,0,0分钟
20211030084159,关,关,关,39°C,25%,0,0分钟
20211030084242,关,关,关,40°C,25%,0,0分钟
20211030084300,关,关,关,39°C,25%,0,0分钟
20211030084306,关,关,关,40°C,25%,0,0分钟
20211030084312,关,关,关,39°C,25%,0,0分钟
20211030084324,关,关,关,40°C,25%,0,0分钟
20211030084336,关,关,关,39°C,25%,0,0分钟
20211030084342,关,关,关,40°C,25%,0,0分钟
20211030084348,关,关,关,39°C,25%,0,0分钟
20211030084354,关,关,关,40°C,25%,0,0分钟
20211030084406,关,关,关,39°C,25%,0,0分钟
20211030084425,关,关,关,40°C,25%,0,0分钟
20211030084431,关,关,关,39°C,25%,0,0分钟
20211030084437,关,关,关,40°C,25%,0,0分钟
20211030084443,关,关,关,39°C,25%,0,0分钟
20211030084455,关,关,关,40°C,25%,0,0分钟
20211030084501,关,关,关,39°C,25%,0,0分钟
20211030084531,关,关,关,40°C,25%,0,0分钟
20211030084537,关,关,关,39°C,25%,0,0分钟
20211030084543,关,关,关,40°C,25%,0,0分钟
20211030084620,关,关,关,39°C,25%,0,0分钟
20211030084644,关,关,关,40°C,25%,0,0分钟
20211030084714,关,关,关,39°C,25%,0,0分钟
20211030084734,关,关,关,40°C,25%,0,0分钟
20211030084744,关,关,关,39°C,25%,0,0分钟
20211030084750,关,关,关,40°C,25%,0,0分钟
20211030084815,关,关,关,39°C,25%,0,0分钟
20211030084827,关,关,关,40°C,25%,0,0分钟
20211030084839,关,关,关,39°C,25%,0,0分钟
20211030084853,关,关,关,40°C,25%,0,0分钟
20211030084915,关,关,关,39°C,25%,0,0分钟
20211030084921,关,关,关,40°C,25%,0,0分钟
20211030084940,关,关,关,39°C,25%,0,0分钟
20211030084958,关,关,关,40°C,25%,0,0分钟
20211030085028,关,关,关,39°C,25%,0,0分钟
20211030085040,关,关,关,40°C,25%,0,0分钟
20211030085058,关,关,关,39°C,25%,0,0分钟
20211030085104,关,关,关,40°C,25%,0,0分钟
20211030085135,关,关,关,39°C,25%,0,0分钟
20211030085141,关,关,关,40°C,25%,0,0分钟
20211030085241,关,关,关,39°C,25%,0,0分钟
20211030085259,关,关,关,40°C,25%,0,0分钟
20211030134627,关,关,关,39°C,25%,0,0分钟
20211030134631,关,关,关,39°C,25%,0,0分钟
20211030134637,关,关,关,39°C,25%,0,0分钟
20211030134642,关,关,关,39°C,25%,0,0分钟
20211030134647,关,关,关,39°C,25%,0,0分钟
20211030134652,关,关,关,39°C,25%,0,0分钟
20211030134657,关,关,关,39°C,25%,0,0分钟
20211030134702,关,关,关,39°C,25%,0,0分钟
20211030134707,关,关,关,39°C,25%,0,0分钟
20211030134712,关,关,关,39°C,25%,0,0分钟
20211030134717,关,关,关,39°C,25%,0,0分钟
20211030134722,关,关,关,39°C,25%,0,0分钟
20211030134727,关,关,关,39°C,25%,0,0分钟
20211030134732,关,关,关,39°C,25%,0,0分钟
20211030134737,关,关,关,39°C,25%,0,0分钟
20211030134742,关,关,关,39°C,25%,0,0分钟
20211030134747,关,关,关,39°C,25%,0,0分钟
20211030134752,关,关,关,39°C,25%,0,0分钟
20211030154922,关,关,关,39°C,25%,0,0分钟
20211030155206,关,关,关,39°C,25%,0,0分钟
20211030155212,关,关,关,38°C,25%,0,0分钟
20211030155230,关,关,关,39°C,25%,0,0分钟
20211030155236,关,关,关,38°C,25%,0,0分钟
20211030155248,关,关,关,39°C,25%,0,0分钟
20211030155300,关,关,关,38°C,25%,0,0分钟
20211030155330,关,关,关,39°C,25%,0,0分钟
20211030155336,关,关,关,38°C,25%,0,0分钟
20211030155407,关,关,关,39°C,25%,0,0分钟
20211030155419,关,关,关,38°C,25%,0,0分钟
20211030155425,关,关,关,39°C,25%,0,0分钟
20211030155437,关,关,关,38°C,25%,0,0分钟
20211030155519,关,关,关,39°C,25%,0,0分钟
20211030155525,关,关,关,38°C,25%,0,0分钟
20211030155537,关,关,关,39°C,25%,0,0分钟
20211030155544,关,关,关,38°C,25%,0,0分钟
20211030155556,关,关,关,39°C,25%,0,0分钟
20211030155602,关,关,关,38°C,25%,0,0分钟
20211030155616,关,关,关,39°C,25%,0,0分钟
20211030155620,关,关,关,38°C,25%,0,0分钟
20211030155745,关,关,关,39°C,25%,0,0分钟
20211030155751,关,关,关,38°C,25%,0,0分钟
20211030155803,关,关,关,39°C,25%,0,0分钟
20211030155809,关,关,关,38°C,25%,0,0分钟
20211030155827,关,关,关,39°C,25%,0,0分钟
20211030155837,关,关,关,38°C,25%,0,0分钟
20211030155839,关,关,关,39°C,25%,0,0分钟
20211030155845,关,关,关,38°C,25%,0,0分钟
20211030155851,关,关,关,39°C,25%,0,0分钟
20211030155903,关,关,关,38°C,25%,0,0分钟
20211030155910,关,关,关,39°C,25%,0,0分钟
20211030155916,关,关,关,38°C,25%,0,0分钟
20211030155922,关,关,关,39°C,25%,0,0分钟
20211030155928,关,关,关,38°C,25%,0,0分钟
20211030160022,关,关,关,39°C,25%,0,0分钟
20211030160028,关,关,关,38°C,25%,0,0分钟
20211030160053,关,关,关,39°C,25%,0,0分钟
20211030160059,关,关,关,38°C,25%,0,0分钟
20211030160105,关,关,关,39°C,25%,0,0分钟
20211030160123,关,关,关,38°C,25%,0,0分钟
20211030160153,关,关,关,39°C,25%,0,0分钟
20211030160159,关,关,关,38°C,25%,0,0分钟
20211030160217,关,关,关,39°C,25%,0,0分钟
20211030160223,关,关,关,38°C,25%,0,0分钟
20211030160248,关,关,关,39°C,25%,0,0分钟
20211030160254,关,关,关,38°C,25%,0,0分钟
20211030160306,关,关,关,39°C,25%,0,0分钟
20211030160312,关,关,关,38°C,25%,0,0分钟
20211030160319,关,关,关,39°C,25%,0,0分钟
20211030160330,关,关,关,38°C,25%,0,0分钟
20211030160354,关,关,关,39°C,25%,0,0分钟
20211030160400,关,关,关,38°C,25%,0,0分钟
20211030160513,关,关,关,39°C,25%,0,0分钟
20211030160540,关,关,关,38°C,25%,0,0分钟
20211030160549,关,关,关,39°C,25%,0,0分钟
20211030160620,关,关,关,38°C,25%,0,0分钟
20211030160632,关,关,关,39°C,25%,0,0分钟
20211030160656,关,关,关,38°C,25%,0,0分钟
20211030160702,关,关,关,39°C,25%,0,0分钟
20211030160708,关,关,关,38°C,25%,0,0分钟
20211030160720,关,关,关,39°C,25%,0,0分钟
20211030160738,关,关,关,38°C,25%,0,0分钟
20211030160751,关,关,关,39°C,25%,0,0分钟
20211030160803,关,关,关,38°C,25%,0,0分钟
20211030160827,关,关,关,39°C,25%,0,0分钟
20211030160833,关,关,关,38°C,25%,0,0分钟
20211030160845,关,关,关,39°C,25%,0,0分钟
20211030160857,关,关,关,38°C,25%,0,0分钟
20211030160903,关,关,关,39°C,25%,0,0分钟
20211030160909,关,关,关,38°C,25%,0,0分钟
20211030160921,关,关,关,39°C,25%,0,0分钟
20211030160934,关,关,关,38°C,25%,0,0分钟
20211030160952,关,关,关,39°C,25%,0,0分钟
20211030161004,关,关,关,38°C,25%,0,0分钟
20211030161010,关,关,关,39°C,25%,0,0分钟
20211030161016,关,关,关,38°C,25%,0,0分钟
20211030161022,关,关,关,39°C,25%,0,0分钟
20211030161034,关,关,关,38°C,25%,0,0分钟
20211030161040,关,关,关,39°C,25%,0,0分钟
20211030161052,关,关,关,38°C,25%,0,0分钟
20211030161058,关,关,关,39°C,25%,0,0分钟
20211030161110,关,关,关,38°C,25%,0,0分钟
20211030161116,关,关,关,39°C,25%,0,0分钟
20211030161122,关,关,关,38°C,25%,0,0分钟
20211030161129,关,关,关,39°C,25%,0,0分钟
20211030161135,关,关,关,38°C,25%,0,0分钟
20211030161153,关,关,关,39°C,25%,0,0分钟
20211030161205,关,关,关,38°C,25%,0,0分钟
20211030161211,关,关,关,39°C,25%,0,0分钟
20211030161217,关,关,关,38°C,25%,0,0分钟
20211030161223,关,关,关,39°C,25%,0,0分钟
20211030161229,关,关,关,38°C,25%,0,0分钟
20211030161235,关,关,关,39°C,25%,0,0分钟
20211030161247,关,关,关,38°C,25%,0,0分钟
20211030161253,关,关,关,39°C,25%,0,0分钟
20211030161306,关,关,关,38°C,25%,0,0分钟
20211030161312,关,关,关,39°C,25%,0,0分钟
20211030161342,关,关,关,38°C,25%,0,0分钟
20211030161400,关,关,关,39°C,25%,0,0分钟
20211030161424,关,关,关,38°C,25%,0,0分钟
20211030161430,关,关,关,39°C,25%,0,0分钟
20211030161442,关,关,关,38°C,25%,0,0分钟
20211030161455,关,关,关,39°C,25%,0,0分钟
20211030161507,关,关,关,38°C,25%,0,0分钟
20211030161513,关,关,关,39°C,25%,0,0分钟
20211030161525,关,关,关,38°C,25%,0,0分钟
20211030161531,关,关,关,39°C,25%,0,0分钟
20211030161549,关,关,关,38°C,25%,0,0分钟
20211030161555,关,关,关,39°C,25%,0,0分钟
20211030161607,关,关,关,38°C,25%,0,0分钟
20211030161613,关,关,关,39°C,25%,0,0分钟
20211030161644,关,关,关,38°C,25%,0,0分钟
20211030161650,关,关,关,39°C,25%,0,0分钟
20211030161726,关,关,关,38°C,25%,0,0分钟
20211030161732,关,关,关,39°C,25%,0,0分钟
20211030161802,关,关,关,38°C,25%,0,0分钟
20211030161814,关,关,关,39°C,25%,0,0分钟
20211030161845,关,关,关,38°C,25%,0,0分钟
20211030161857,关,关,关,39°C,25%,0,0分钟
20211030161915,关,关,关,38°C,25%,0,0分钟
20211030161921,关,关,关,39°C,25%,0,0分钟
20211030161933,关,关,关,38°C,25%,0,0分钟
20211030161939,关,关,关,39°C,25%,0,0分钟
20211030162016,关,关,关,38°C,25%,0,0分钟
20211030162021,关,关,关,39°C,25%,0,0分钟
20211030162116,关,关,关,38°C,25%,0,0分钟
20211030162122,关,关,关,39°C,25%,0,0分钟
20211030162128,关,关,关,38°C,25%,0,0分钟
20211030162134,关,关,关,39°C,25%,0,0分钟
20211030162525,关,关,关,38°C,25%,0,0分钟
20211030162531,关,关,关,39°C,25%,0,0分钟
20211030171338,关,关,关,38°C,25%,0,0分钟
20211030171340,开,开,关,38°C,25%,15,16分钟
20211030171344,开,开,关,38°C,25%,48,16分钟
20211030171346,开,开,关,38°C,25%,50,16分钟
20211030171352,开,开,关,38°C,25%,48,16分钟
20211030171356,开,开,关,38°C,25%,50,16分钟
20211030171400,开,开,关,38°C,25%,51,16分钟
20211030171402,开,开,关,38°C,25%,50,16分钟
20211030171411,开,开,关,38°C,25%,50,15分钟
20211030171412,开,开,关,38°C,25%,48,15分钟
20211030171415,开,开,关,38°C,25%,50,15分钟
20211030171417,开,开,关,39°C,25%,50,15分钟
20211030171419,开,开,关,39°C,25%,48,15分钟
20211030171425,开,开,关,38°C,25%,50,16分钟
20211030171427,开,开,关,38°C,25%,48,16分钟
20211030171429,开,开,关,39°C,25%,50,15分钟
20211030171431,开,开,关,39°C,25%,48,15分钟
20211030171433,开,开,关,39°C,25%,50,15分钟
20211030171435,开,开,关,38°C,25%,48,17分钟
20211030171437,开,开,关,38°C,25%,50,16分钟
20211030171439,开,开,关,38°C,25%,48,16分钟
20211030171441,开,开,关,39°C,25%,50,15分钟
20211030171445,开,开,关,39°C,25%,47,15分钟
20211030171447,开,开,关,38°C,25%,48,17分钟
20211030171449,开,开,关,38°C,25%,47,16分钟
20211030171451,开,开,关,38°C,25%,48,16分钟
20211030171453,开,开,关,39°C,25%,47,15分钟
20211030171455,开,开,关,39°C,25%,48,15分钟
20211030171457,开,开,关,39°C,25%,47,15分钟
20211030171501,开,开,关,39°C,25%,40,15分钟
20211030171503,开,开,关,39°C,25%,41,15分钟
20211030171505,开,开,关,39°C,25%,36,15分钟
20211030171511,开,开,关,39°C,25%,35,15分钟
20211030171513,开,开,关,39°C,25%,37,15分钟
20211030171527,开,开,关,39°C,25%,41,15分钟
20211030171541,开,开,关,39°C,25%,41,14分钟
20211030171547,开,开,关,39°C,25%,40,14分钟
20211030171559,开,开,关,39°C,25%,41,14分钟
20211030171602,开,开,关,39°C,25%,36,14分钟
20211030171604,开,开,关,39°C,25%,30,14分钟
20211030171614,开,开,关,39°C,25%,28,14分钟
20211030171616,开,开,关,39°C,25%,27,14分钟
20211030171618,开,开,关,39°C,25%,30,14分钟
20211030171622,开,开,关,39°C,25%,28,14分钟
20211030171626,开,开,关,39°C,25%,30,14分钟
20211030171628,开,开,关,39°C,25%,28,14分钟
20211030171638,开,开,关,39°C,25%,28,13分钟
20211030171640,开,开,关,39°C,25%,30,13分钟
20211030171646,开,开,关,39°C,25%,28,13分钟
20211030171648,开,开,关,38°C,25%,28,17分钟
20211030171650,开,开,关,38°C,25%,28,16分钟
20211030171652,开,开,关,38°C,25%,30,16分钟
20211030171654,开,开,关,38°C,25%,28,16分钟
20211030171656,开,开,关,38°C,25%,30,16分钟
20211030171716,开,开,关,38°C,25%,28,16分钟
20211030171718,开,开,关,39°C,25%,27,15分钟
20211030171720,开,开,关,39°C,25%,30,15分钟
20211030171722,开,开,关,39°C,25%,27,15分钟
20211030171724,开,开,关,39°C,25%,28,15分钟
20211030171726,开,开,关,39°C,25%,30,15分钟
20211030171740,开,开,关,39°C,25%,28,15分钟
20211030171743,开,开,关,38°C,25%,28,17分钟
20211030171749,开,开,关,38°C,25%,28,16分钟
20211030171757,开,开,关,38°C,25%,28,16分钟
20211030171759,开,开,关,38°C,25%,30,16分钟
20211030171801,开,开,关,38°C,25%,28,16分钟
20211030171803,开,开,关,38°C,25%,27,16分钟
20211030171813,开,开,关,38°C,25%,28,16分钟
20211030171815,开,开,关,38°C,25%,30,16分钟
20211030171817,开,开,关,38°C,25%,28,16分钟
20211030171819,开,开,关,38°C,25%,27,16分钟
20211030171825,开,开,关,38°C,25%,28,16分钟
20211030171827,开,开,关,38°C,25%,30,16分钟
20211030171829,开,开,关,38°C,25%,27,16分钟
20211030171843,开,开,关,38°C,25%,28,16分钟
20211030171851,开,开,关,38°C,25%,28,15分钟
20211030171853,开,开,关,38°C,25%,30,15分钟
20211030171907,开,开,关,38°C,25%,28,15分钟
20211030171909,开,开,关,38°C,25%,30,15分钟
20211030171944,开,开,关,38°C,25%,28,15分钟
20211030171950,开,开,关,38°C,25%,28,14分钟
20211030171952,开,开,关,38°C,25%,30,14分钟
20211030171954,开,开,关,38°C,25%,27,14分钟
20211030172024,开,开,关,38°C,25%,28,14分钟
20211030172026,开,开,关,37°C,25%,28,18分钟
20211030172030,开,开,关,37°C,25%,30,18分钟
20211030172050,开,开,关,37°C,25%,28,18分钟
20211030172056,开,开,关,37°C,25%,28,17分钟
20211030172058,开,开,关,37°C,25%,30,17分钟
20211030172119,开,开,关,37°C,25%,28,17分钟
20211030172121,开,开,关,37°C,25%,27,17分钟
20211030172129,开,开,关,36°C,0%,30,19分钟
20211030172201,开,开,关,36°C,0%,28,19分钟
20211030172203,开,开,关,35°C,0%,28,21分钟
20211030172207,开,开,关,35°C,0%,30,21分钟
20211030172217,开,开,关,35°C,0%,28,21分钟
20211030172221,开,开,关,35°C,0%,28,20分钟
20211030172223,开,开,关,35°C,0%,30,20分钟
20211030172225,开,开,关,35°C,0%,27,20分钟
20211030172227,开,开,关,35°C,0%,28,20分钟
20211030172229,开,开,关,35°C,0%,27,20分钟
20211030172237,开,开,关,35°C,0%,28,20分钟
20211030172239,开,开,关,34°C,0%,20,22分钟
20211030172243,开,开,关,34°C,0%,13,22分钟
20211030172245,开,开,关,34°C,0%,15,22分钟
20211030172247,开,开,关,34°C,0%,16,22分钟
20211030172253,开,开,关,34°C,0%,17,22分钟
20211030172256,开,开,关,34°C,0%,21,22分钟
20211030172304,开,开,关,34°C,0%,22,22分钟
20211030172306,开,开,关,34°C,0%,21,22分钟
20211030172308,开,开,关,34°C,0%,22,22分钟
20211030172310,开,开,关,34°C,0%,16,22分钟
20211030172312,开,开,关,34°C,0%,18,22分钟
20211030172316,开,开,关,34°C,0%,17,22分钟
20211030172320,开,开,关,34°C,0%,18,22分钟
20211030172322,开,开,关,34°C,0%,17,21分钟
20211030172332,开,开,关,34°C,0%,22,21分钟
20211030172334,开,开,关,33°C,0%,22,24分钟
20211030172336,开,开,关,33°C,0%,23,24分钟
20211030172338,开,开,关,33°C,0%,22,24分钟
20211030172342,开,开,关,33°C,0%,23,23分钟
20211030172349,开,开,关,33°C,0%,22,23分钟
20211030172350,开,开,关,33°C,0%,23,23分钟
20211030172356,开,开,关,33°C,0%,22,23分钟
20211030172358,开,开,关,33°C,0%,23,23分钟
20211030172402,开,开,关,33°C,0%,22,23分钟
20211030172404,开,开,关,33°C,0%,23,23分钟
20211030172410,开,开,关,33°C,0%,22,23分钟
20211030172412,开,开,关,33°C,0%,23,23分钟
20211030172418,开,开,关,33°C,0%,21,23分钟
20211030172420,开,开,关,33°C,0%,22,23分钟
20211030172433,开,开,关,33°C,0%,21,23分钟
20211030172445,开,开,关,32°C,0%,21,25分钟
20211030172447,开,开,关,32°C,0%,22,25分钟
20211030172503,开,开,关,32°C,0%,21,25分钟
20211030172505,开,开,关,32°C,0%,23,25分钟
20211030172519,开,开,关,32°C,0%,22,24分钟
20211030172521,开,开,关,32°C,0%,23,24分钟
20211030172525,开,开,关,32°C,0%,22,24分钟
20211030172527,开,开,关,32°C,0%,23,24分钟
20211030172529,开,开,关,32°C,0%,15,24分钟
20211030172605,开,开,关,32°C,0%,0,24分钟
20211030172704,开,开,关,32°C,0%,0,23分钟
20211030172710,开,开,关,33°C,0%,0,24分钟
20211030172753,开,开,关,33°C,0%,0,23分钟
20211030172835,开,开,关,34°C,0%,0,22分钟
20211030172859,开,开,关,34°C,0%,0,21分钟
20211030172915,开,开,关,35°C,0%,0,21分钟
20211030173000,开,开,关,35°C,0%,0,20分钟
20211030173036,开,开,关,36°C,0%,0,19分钟
20211030173102,开,开,关,37°C,0%,0,18分钟
20211030173143,开,开,关,37°C,0%,0,17分钟
20211030173145,开,开,关,38°C,0%,0,17分钟
20211030173225,开,开,关,38°C,0%,0,16分钟
20211030173301,开,开,关,39°C,0%,0,15分钟
20211030173326,开,开,关,39°C,0%,0,14分钟
20211030173338,开,开,关,40°C,0%,0,14分钟
20211030173414,开,开,关,40°C,0%,0,13分钟
20211030173442,开,开,关,41°C,0%,0,12分钟
20211030173444,开,开,关,41°C,0%,53,12分钟
20211030173450,开,开,关,41°C,0%,46,12分钟
20211030173453,开,开,关,41°C,0%,47,12分钟
20211030173455,开,开,关,41°C,0%,46,12分钟
20211030173457,开,开,关,41°C,0%,47,12分钟
20211030173501,开,开,关,41°C,0%,46,12分钟
20211030173505,开,开,关,41°C,0%,46,11分钟
20211030173507,开,开,关,41°C,0%,41,11分钟
20211030173509,开,开,关,41°C,0%,38,11分钟
20211030173511,开,开,关,41°C,0%,36,11分钟
20211030173519,开,开,关,41°C,0%,35,11分钟
20211030173521,开,开,关,41°C,0%,36,11分钟
20211030173529,开,开,关,41°C,0%,35,11分钟
20211030173535,开,开,关,41°C,0%,36,11分钟
20211030173539,开,开,关,42°C,0%,36,11分钟
20211030173547,开,开,关,41°C,0%,35,12分钟
20211030173549,开,开,关,41°C,0%,36,12分钟
20211030173551,开,开,关,41°C,0%,37,12分钟
20211030173559,开,开,关,42°C,0%,36,11分钟
20211030173603,开,开,关,42°C,0%,35,11分钟
20211030173607,开,开,关,42°C,0%,36,11分钟
20211030173609,开,开,关,42°C,0%,35,11分钟
20211030173613,开,开,关,42°C,0%,36,11分钟
20211030173615,开,开,关,42°C,0%,37,10分钟
20211030173619,开,开,关,42°C,0%,36,10分钟
20211030173623,开,开,关,42°C,0%,35,10分钟
20211030173625,开,开,关,42°C,0%,36,10分钟
20211030173627,开,开,关,42°C,0%,35,10分钟
20211030173632,开,开,关,42°C,0%,36,10分钟
20211030173636,开,开,关,42°C,0%,35,10分钟
20211030173646,开,开,关,42°C,0%,36,10分钟
20211030173648,开,开,关,42°C,0%,35,10分钟
20211030173650,开,开,关,42°C,0%,36,10分钟
20211030173654,开,开,关,42°C,0%,35,10分钟
20211030173700,开,开,关,42°C,0%,36,10分钟
20211030173702,开,开,关,42°C,0%,35,10分钟
20211030173704,开,开,关,42°C,0%,37,10分钟
20211030173708,开,开,关,42°C,0%,35,10分钟
20211030173712,开,开,关,42°C,0%,36,10分钟
20211030173714,开,开,关,42°C,0%,35,10分钟
20211030173716,开,开,关,42°C,0%,35,9分钟
20211030173720,开,开,关,42°C,0%,36,9分钟
20211030173722,开,开,关,42°C,0%,35,9分钟
20211030173724,开,开,关,42°C,0%,36,9分钟
20211030173728,开,开,关,42°C,0%,35,9分钟
20211030173730,开,开,关,42°C,0%,36,9分钟
20211030173732,开,开,关,42°C,0%,35,9分钟
20211030173734,开,开,关,42°C,0%,36,9分钟
20211030173736,开,开,关,42°C,0%,35,9分钟
20211030173740,开,开,关,42°C,0%,36,9分钟
20211030173742,开,开,关,42°C,0%,37,9分钟
20211030173746,开,开,关,42°C,0%,36,9分钟
20211030173748,开,开,关,42°C,0%,31,9分钟
20211030173750,开,开,关,42°C,0%,37,9分钟
20211030173756,开,开,关,42°C,0%,36,9分钟
20211030173758,开,开,关,42°C,0%,37,9分钟
20211030173802,开,开,关,42°C,0%,36,9分钟
20211030173804,开,开,关,42°C,0%,37,9分钟
20211030173808,开,开,关,42°C,0%,36,9分钟
20211030173810,开,开,关,42°C,0%,37,9分钟
20211030173812,开,开,关,42°C,0%,36,9分钟
20211030173815,开,开,关,42°C,0%,37,9分钟
20211030173821,开,开,关,42°C,0%,36,8分钟
20211030173823,开,开,关,42°C,0%,37,8分钟
20211030173825,开,开,关,42°C,0%,35,8分钟
20211030173827,开,开,关,42°C,0%,37,8分钟
20211030173837,开,开,关,42°C,0%,36,8分钟
20211030173839,开,开,关,42°C,0%,37,8分钟
20211030173841,开,开,关,42°C,0%,36,8分钟
20211030173843,开,开,关,42°C,0%,37,8分钟
20211030173845,开,开,关,42°C,0%,36,8分钟
20211030173847,开,开,关,42°C,0%,35,8分钟
20211030173849,开,开,关,42°C,0%,33,8分钟
20211030173853,开,开,关,42°C,0%,35,8分钟
20211030173855,开,开,关,42°C,0%,33,8分钟
20211030173857,开,开,关,42°C,0%,36,8分钟
20211030173905,开,开,关,42°C,0%,35,8分钟
20211030173907,开,开,关,41°C,0%,35,12分钟
20211030173911,开,开,关,41°C,0%,36,12分钟
20211030173917,开,开,关,42°C,0%,37,11分钟
20211030173919,开,开,关,41°C,0%,36,12分钟
20211030173921,开,开,关,41°C,0%,37,12分钟
20211030173925,开,开,关,41°C,0%,36,12分钟
20211030173927,开,开,关,41°C,0%,37,12分钟
20211030173937,开,开,关,41°C,0%,36,12分钟
20211030173939,开,开,关,41°C,0%,37,12分钟
20211030173943,开,开,关,41°C,0%,36,12分钟
20211030173945,开,开,关,41°C,0%,37,12分钟
20211030173953,开,开,关,41°C,0%,36,12分钟
20211030173958,开,开,关,41°C,0%,37,12分钟
20211030174002,开,开,关,41°C,0%,36,12分钟
20211030174004,开,开,关,41°C,0%,37,12分钟
20211030174008,开,开,关,41°C,0%,36,11分钟
20211030174010,开,开,关,41°C,0%,37,11分钟
20211030174012,开,开,关,41°C,0%,36,11分钟
20211030174018,开,开,关,41°C,0%,37,11分钟
20211030174020,开,开,关,41°C,0%,36,11分钟
20211030174036,开,开,关,41°C,0%,0,11分钟
20211030174048,开,开,关,40°C,0%,0,14分钟
20211030174112,开,开,关,40°C,0%,0,13分钟
20211030174149,开,开,关,39°C,0%,0,15分钟
20211030174219,开,开,关,39°C,0%,0,14分钟
20211030174221,开,开,关,38°C,0%,0,17分钟
20211030174225,开,开,关,38°C,0%,0,16分钟
20211030174231,开,开,关,39°C,0%,0,15分钟
20211030174233,开,开,关,38°C,0%,0,17分钟
20211030174243,开,开,关,38°C,0%,0,16分钟
20211030174249,开,开,关,39°C,0%,0,15分钟
20211030174251,开,开,关,38°C,0%,0,17分钟
20211030174255,开,开,关,38°C,0%,0,16分钟
20211030174332,开,开,关,39°C,0%,0,15分钟
20211030174432,开,开,关,39°C,0%,0,14分钟
20211030174438,开,开,关,39°C,0%,0,13分钟
20211030174450,开,开,关,40°C,0%,0,14分钟
20211030174515,开,开,关,40°C,0%,0,13分钟
20211030174521,开,开,关,41°C,0%,0,12分钟
20211030174527,开,开,关,40°C,0%,0,14分钟
20211030174613,开,开,关,41°C,0%,0,12分钟
20211030174645,开,开,关,41°C,0%,0,11分钟
20211030174708,开,开,关,42°C,0%,0,11分钟
20211030174746,开,开,关,42°C,0%,0,10分钟
20211030174835,开,开,关,43°C,0%,0,9分钟
20211030174907,开,开,关,44°C,25%,0,8分钟
20211030174953,开,开,关,44°C,25%,0,7分钟
20211030174959,开,开,关,45°C,25%,0,7分钟
20211030175036,开,开,关,45°C,25%,0,6分钟
20211030175118,开,开,关,46°C,25%,0,5分钟
20211030175203,开,开,关,46°C,25%,0,4分钟
20211030175217,开,开,关,47°C,25%,0,4分钟
20211030175307,开,开,关,47°C,25%,0,3分钟
20211030175356,开,开,关,48°C,25%,0,2分钟
20211030175425,开,开,关,49°C,25%,0,1分钟
20211030175444,开,开,关,49°C,25%,0,0分钟
20211030175446,开,关,开,50°C,100%,0,0分钟
20211030184620,开,关,开,50°C,50%,0,0分钟
20211030184626,开,关,开,49°C,50%,0,0分钟
20211030184638,开,关,开,50°C,50%,0,0分钟
20211030184645,开,关,开,49°C,50%,0,0分钟
20211030184715,开,关,开,50°C,50%,0,0分钟
20211030184721,开,关,开,49°C,50%,0,0分钟
20211030184739,开,关,开,50°C,50%,0,0分钟
20211030184745,开,关,开,49°C,50%,0,0分钟
20211030184834,开,关,开,50°C,50%,0,0分钟
20211030184840,开,关,开,49°C,50%,0,0分钟
20211030184934,开,关,开,50°C,50%,0,0分钟
20211030184946,开,关,开,49°C,50%,0,0分钟
20211030185004,开,关,开,50°C,50%,0,0分钟
20211030185010,开,关,开,49°C,50%,0,0分钟
20211030185059,开,关,开,50°C,50%,0,0分钟
20211030185105,开,关,开,49°C,50%,0,0分钟
20211030185123,开,关,开,50°C,50%,0,0分钟
20211030185129,开,关,开,49°C,50%,0,0分钟
20211030185141,开,关,开,50°C,50%,0,0分钟
20211030185147,开,关,开,49°C,50%,0,0分钟
20211030185200,开,关,开,50°C,50%,0,0分钟
20211030185218,开,关,开,49°C,50%,0,0分钟
20211030185236,开,关,开,50°C,50%,0,0分钟
20211030185242,开,关,开,49°C,50%,0,0分钟
20211030185300,开,关,开,50°C,50%,0,0分钟
20211030185309,开,关,开,49°C,50%,0,0分钟
20211030185324,开,关,开,50°C,50%,0,0分钟
20211030185336,开,关,开,49°C,50%,0,0分钟
20211030185355,开,关,开,50°C,50%,0,0分钟
20211030185407,开,关,开,49°C,50%,0,0分钟
20211030185425,开,关,开,50°C,50%,0,0分钟
20211030185437,开,关,开,49°C,50%,0,0分钟
20211030185501,开,关,开,50°C,50%,0,0分钟
20211030185507,开,关,开,49°C,50%,0,0分钟
20211030185525,开,关,开,50°C,50%,0,0分钟
20211030185538,开,关,开,49°C,50%,0,0分钟
20211030185602,开,关,开,50°C,50%,0,0分钟
20211030185608,开,关,开,49°C,50%,0,0分钟
20211030185620,开,关,开,50°C,50%,0,0分钟
20211030185626,开,关,开,49°C,50%,0,0分钟
20211030185632,开,关,开,50°C,50%,0,0分钟
20211030185638,开,关,开,49°C,50%,0,0分钟
20211030185644,开,关,开,50°C,50%,0,0分钟
20211030185656,开,关,开,49°C,50%,0,0分钟
20211030185721,开,关,开,50°C,50%,0,0分钟
20211030185727,开,关,开,49°C,50%,0,0分钟
20211030185745,开,关,开,50°C,50%,0,0分钟
20211030185757,开,关,开,49°C,50%,0,0分钟
20211030185809,开,关,开,49°C,50%,0,0分钟
20211030185815,开,关,开,50°C,50%,0,0分钟
20211030185821,开,关,开,49°C,50%,0,0分钟
20211030185833,开,关,开,50°C,50%,0,0分钟
20211030185845,开,关,开,49°C,50%,0,0分钟
20211030185858,开,关,开,50°C,50%,0,0分钟
20211030185916,开,关,开,49°C,50%,0,0分钟
20211030185928,开,关,开,50°C,50%,0,0分钟
20211030185946,开,关,开,49°C,50%,0,0分钟
20211030185958,开,关,开,50°C,50%,0,0分钟
20211030190016,开,关,开,49°C,50%,0,0分钟
20211030190059,开,关,开,50°C,50%,0,0分钟
20211030190135,开,关,开,49°C,50%,0,0分钟
20211030190153,开,关,开,50°C,50%,0,0分钟
20211030190159,开,关,开,49°C,50%,0,0分钟
20211030190205,开,关,开,50°C,50%,0,0分钟
20211030190211,开,关,开,49°C,50%,0,0分钟
20211030190233,开,关,开,50°C,50%,0,0分钟
20211030190242,开,关,开,49°C,50%,0,0分钟
20211030190254,开,关,开,50°C,50%,0,0分钟
20211030190306,开,关,开,49°C,50%,0,0分钟
20211030190324,开,关,开,50°C,50%,0,0分钟
20211030190348,开,关,开,49°C,50%,0,0分钟
20211030190400,开,关,开,50°C,50%,0,0分钟
20211030190419,开,关,开,49°C,50%,0,0分钟
20211030190425,开,关,开,50°C,50%,0,0分钟
20211030190427,开,关,开,49°C,50%,0,0分钟
20211030190429,开,关,开,49°C,50%,8,0分钟
20211030190437,开,关,开,49°C,50%,0,0分钟
20211030190449,开,关,开,50°C,50%,0,0分钟
20211030190531,开,关,开,49°C,50%,0,0分钟
20211030190537,开,关,开,50°C,50%,0,0分钟
20211030190620,开,关,开,49°C,50%,0,0分钟
20211030190638,开,关,开,50°C,50%,0,0分钟
20211030190715,开,关,开,49°C,50%,0,0分钟
20211030190720,开,关,开,50°C,50%,0,0分钟
20211030190732,开,关,开,49°C,50%,0,0分钟
20211030190745,开,关,开,50°C,50%,0,0分钟
20211030190946,开,关,开,49°C,50%,0,0分钟
20211030190948,开,关,开,49°C,50%,10,0分钟
20211030200128,开,关,开,49°C,50%,0,0分钟
20211030200514,开,关,开,49°C,50%,0,0分钟
20211030202103,关,关,关,49°C,50%,0,0分钟
20211030202105,关,关,关,49°C,50%,8,0分钟
20211030201707,关,关,关,49°C,50%,0,0分钟
20211030201713,关,关,关,48°C,50%,0,0分钟
20211030201807,关,关,关,49°C,50%,0,0分钟
20211030201813,关,关,关,48°C,50%,0,0分钟
20211030201908,关,关,关,49°C,50%,0,0分钟
20211030201914,关,关,关,48°C,50%,0,0分钟
20211030201926,关,关,关,49°C,50%,0,0分钟
20211030201938,关,关,关,48°C,50%,0,0分钟
20211030201944,关,关,关,49°C,50%,0,0分钟
20211030201956,关,关,关,48°C,50%,0,0分钟
20211030202006,关,关,关,49°C,50%,0,0分钟
20211030202008,关,关,关,48°C,50%,0,0分钟
20211030202015,关,关,关,49°C,50%,0,0分钟
20211030202021,关,关,关,48°C,50%,0,0分钟
20211030202033,关,关,关,49°C,50%,0,0分钟
20211030202039,关,关,关,48°C,50%,0,0分钟
20211030202057,关,关,关,49°C,50%,0,0分钟
20211030202109,关,关,关,48°C,50%,0,0分钟
20211030202127,关,关,关,49°C,50%,0,0分钟
20211030202139,关,关,关,48°C,50%,0,0分钟
20211030202151,关,关,关,49°C,50%,0,0分钟
20211030202157,关,关,关,48°C,50%,0,0分钟
20211030202159,关,关,关,48°C,50%,63,0分钟
20211030202118,关,关,关,48°C,50%,61,0分钟
20211030202127,关,关,关,48°C,50%,51,0分钟
20211030202312,关,关,关,48°C,50%,0,0分钟
20211030202314,关,关,关,48°C,50%,10,0分钟
20211030202316,关,关,关,48°C,50%,48,0分钟
20211030202318,关,关,关,48°C,50%,50,0分钟
20211030202320,关,关,关,48°C,50%,48,0分钟
20211030202324,关,关,关,48°C,50%,50,0分钟
20211030202326,关,关,关,48°C,50%,31,0分钟
20211030202328,关,关,关,48°C,50%,32,0分钟
20211030202330,关,关,关,48°C,50%,30,0分钟
20211030202340,关,关,关,48°C,50%,31,0分钟
20211030202342,关,关,关,48°C,50%,32,0分钟
20211030202351,关,关,关,48°C,50%,30,0分钟
20211030202403,关,关,关,48°C,50%,28,0分钟
20211030202405,关,关,关,48°C,50%,30,0分钟
20211030202409,关,关,关,48°C,50%,28,0分钟
20211030202411,关,关,关,48°C,50%,30,0分钟
20211030202413,关,关,关,48°C,50%,28,0分钟
20211030202423,关,关,关,48°C,50%,30,0分钟
20211030202429,关,关,关,48°C,50%,28,0分钟
20211030202431,关,关,关,48°C,50%,27,0分钟
20211030202433,关,关,关,48°C,50%,26,0分钟
20211030202435,关,关,关,48°C,50%,27,0分钟
20211030202439,关,关,关,48°C,50%,26,0分钟
20211030202441,关,关,关,48°C,50%,27,0分钟
20211030202449,关,关,关,48°C,50%,26,0分钟
20211030202451,关,关,关,48°C,50%,27,0分钟
20211030202453,关,关,关,48°C,50%,25,0分钟
20211030202455,关,关,关,48°C,50%,23,0分钟
20211030202457,关,关,关,48°C,50%,28,0分钟
20211030202459,关,关,关,48°C,50%,27,0分钟
20211030202501,关,关,关,48°C,50%,26,0分钟
20211030202503,关,关,关,48°C,50%,27,0分钟
20211030202505,关,关,关,48°C,50%,26,0分钟
20211030202507,关,关,关,48°C,50%,27,0分钟
20211030202509,关,关,关,48°C,50%,26,0分钟
20211030202515,关,关,关,48°C,50%,27,0分钟
20211030202523,关,关,关,48°C,50%,26,0分钟
20211030202527,关,关,关,47°C,50%,26,0分钟
20211030202529,关,关,关,47°C,50%,27,0分钟
20211030202536,关,关,关,48°C,50%,27,0分钟
20211030202540,关,关,关,47°C,50%,27,0分钟
20211030202542,关,关,关,47°C,50%,26,0分钟
20211030202552,关,关,关,47°C,50%,27,0分钟
20211030202554,关,关,关,47°C,50%,26,0分钟
20211030202600,关,关,关,47°C,50%,27,0分钟
20211030202602,关,关,关,47°C,50%,26,0分钟
20211030202606,关,关,关,47°C,50%,27,0分钟
20211030202608,关,关,关,47°C,50%,26,0分钟
20211030202610,关,关,关,47°C,50%,27,0分钟
20211030202616,关,关,关,47°C,50%,26,0分钟
20211030202620,关,关,关,47°C,50%,27,0分钟
20211030202622,关,关,关,47°C,50%,26,0分钟
20211030202636,关,关,关,47°C,50%,27,0分钟
20211030202638,关,关,关,47°C,50%,26,0分钟
20211030202642,关,关,关,47°C,50%,27,0分钟
20211030202646,关,关,关,47°C,50%,26,0分钟
20211030202648,关,关,关,47°C,50%,27,0分钟
20211030202650,关,关,关,47°C,50%,26,0分钟
20211030202652,关,关,关,47°C,50%,27,0分钟
20211030202709,关,关,关,47°C,50%,27,0分钟
20211030202710,关,关,关,47°C,50%,26,0分钟
20211030202715,关,关,关,47°C,50%,27,0分钟
20211030202729,关,关,关,47°C,50%,26,0分钟
20211030202731,关,关,关,47°C,50%,27,0分钟
20211030202733,关,关,关,47°C,50%,26,0分钟
20211030202737,关,关,关,47°C,50%,27,0分钟
20211030202739,关,关,关,47°C,50%,26,0分钟
20211030202745,关,关,关,47°C,50%,27,0分钟
20211030202747,关,关,关,47°C,50%,21,0分钟
20211030202837,关,关,关,47°C,50%,0,0分钟
20211030204859,关,关,关,46°C,50%,0,0分钟
20211030204911,关,关,关,46°C,50%,0,0分钟
20211030204917,关,关,关,45°C,50%,0,0分钟
20211030204929,关,关,关,46°C,50%,0,0分钟
20211030204935,关,关,关,45°C,50%,0,0分钟
20211030204947,关,关,关,46°C,50%,0,0分钟
20211030205012,关,关,关,45°C,50%,0,0分钟
20211030205018,关,关,关,46°C,50%,0,0分钟
20211030205352,关,关,关,45°C,50%,0,0分钟
20211030211136,关,关,关,45°C,25%,0,0分钟
20211030211206,关,关,关,45°C,25%,0,0分钟
20211030211212,关,关,关,44°C,25%,0,0分钟
20211030211242,关,关,关,45°C,25%,0,0分钟
20211030211254,关,关,关,44°C,25%,0,0分钟
20211030211300,关,关,关,45°C,25%,0,0分钟
20211030213113,关,关,关,44°C,25%,0,0分钟
20211030213115,关,关,关,44°C,25%,12,0分钟
20211030213119,关,关,关,44°C,25%,13,0分钟
20211030213125,关,关,关,44°C,25%,15,0分钟
20211030213129,关,关,关,44°C,25%,16,0分钟
20211030213131,关,关,关,44°C,25%,15,0分钟
20211030213137,关,关,关,44°C,25%,16,0分钟
20211030213141,关,关,关,44°C,25%,15,0分钟
20211030213143,关,关,关,44°C,25%,16,0分钟
20211030213145,关,关,关,44°C,25%,15,0分钟
20211030213147,关,关,关,44°C,25%,16,0分钟
20211030213153,关,关,关,44°C,25%,15,0分钟
20211030213157,关,关,关,44°C,25%,16,0分钟
20211030213159,关,关,关,44°C,25%,15,0分钟
20211030213203,关,关,关,44°C,25%,16,0分钟
20211030213205,关,关,关,44°C,25%,15,0分钟
20211030213209,关,关,关,44°C,25%,16,0分钟
20211030213217,关,关,关,44°C,25%,15,0分钟
20211030213245,关,关,关,44°C,25%,16,0分钟
20211030213247,关,关,关,44°C,25%,15,0分钟
20211030213316,关,关,关,44°C,25%,16,0分钟
20211030213318,关,关,关,44°C,25%,15,0分钟
20211030213320,关,关,关,43°C,25%,16,0分钟
20211030213322,关,关,关,43°C,25%,15,0分钟
20211030213326,关,关,关,43°C,25%,16,0分钟
20211030213330,关,关,关,43°C,25%,13,0分钟
20211030213332,关,关,关,43°C,25%,17,0分钟
20211030213334,关,关,关,43°C,25%,16,0分钟
20211030213336,关,关,关,43°C,25%,17,0分钟
20211030213338,关,关,关,43°C,25%,16,0分钟
20211030213340,关,关,关,43°C,25%,17,0分钟
20211030213344,关,关,关,43°C,25%,16,0分钟
20211030213346,关,关,关,43°C,25%,17,0分钟
20211030213356,关,关,关,43°C,25%,16,0分钟
20211030213404,关,关,关,43°C,25%,17,0分钟
20211030213414,关,关,关,43°C,25%,16,0分钟
20211030213422,关,关,关,43°C,25%,17,0分钟
20211030213424,关,关,关,43°C,25%,15,0分钟
20211030213430,关,关,关,43°C,25%,0,0分钟
20211030215045,关,关,关,42°C,25%,0,0分钟
20211030215051,关,关,关,41°C,25%,0,0分钟
20211030215104,关,关,关,42°C,25%,0,0分钟
20211030215110,关,关,关,41°C,25%,0,0分钟
20211030215116,关,关,关,42°C,25%,0,0分钟
20211030215128,关,关,关,41°C,25%,0,0分钟
20211030215134,关,关,关,42°C,25%,0,0分钟
20211030215932,关,关,关,41°C,25%,0,0分钟
20211030215934,关,关,关,41°C,25%,8,0分钟
20211030215938,关,关,关,41°C,25%,47,0分钟
20211030215942,关,关,关,41°C,25%,48,0分钟
20211030215944,关,关,关,41°C,25%,46,0分钟
20211030215947,关,关,关,41°C,25%,45,0分钟
20211030215948,关,关,关,41°C,25%,47,0分钟
20211030215955,关,关,关,41°C,25%,46,0分钟
20211030215957,关,关,关,41°C,25%,47,0分钟
20211030215959,关,关,关,41°C,25%,46,0分钟
20211030220001,关,关,关,41°C,25%,47,0分钟
20211030220003,关,关,关,41°C,25%,46,0分钟
20211030220009,关,关,关,41°C,25%,47,0分钟
20211030220013,关,关,关,41°C,25%,46,0分钟
20211030220015,关,关,关,41°C,25%,47,0分钟
20211030220017,关,关,关,41°C,25%,46,0分钟
20211030220019,关,关,关,41°C,25%,47,0分钟
20211030220023,关,关,关,41°C,25%,46,0分钟
20211030220027,关,关,关,41°C,25%,47,0分钟
20211030220029,关,关,关,41°C,25%,46,0分钟
20211030220033,关,关,关,41°C,25%,47,0分钟
20211030220035,关,关,关,41°C,25%,46,0分钟
20211030220039,关,关,关,41°C,25%,47,0分钟
20211030220041,关,关,关,41°C,25%,46,0分钟
20211030220055,关,关,关,41°C,25%,51,0分钟
20211030220057,关,关,关,41°C,25%,50,0分钟
20211030220059,关,关,关,40°C,25%,51,0分钟
20211030220101,关,关,关,40°C,25%,46,0分钟
20211030220108,关,关,关,40°C,25%,43,0分钟
20211030220119,关,关,关,40°C,25%,37,0分钟
20211030220121,关,关,关,40°C,25%,28,0分钟
20211030220123,关,关,关,40°C,25%,31,0分钟
20211030220127,关,关,关,40°C,25%,30,0分钟
20211030220129,关,关,关,39°C,25%,31,0分钟
20211030220137,关,关,关,39°C,25%,30,0分钟
20211030220212,关,关,关,39°C,25%,31,0分钟
20211030220218,关,关,关,39°C,25%,30,0分钟
20211030220154,关,关,关,39°C,25%,31,0分钟
20211030220210,关,关,关,39°C,25%,0,0分钟
20211030220252,关,关,关,38°C,25%,0,0分钟
20211030220256,关,关,关,37°C,25%,0,0分钟
20211030220258,关,关,关,37°C,25%,10,0分钟
20211030220306,关,关,关,37°C,25%,37,0分钟
20211030220329,关,关,关,37°C,25%,32,0分钟
20211030220331,关,关,关,37°C,25%,35,0分钟
20211030220333,关,关,关,37°C,25%,33,0分钟
20211030220441,关,关,关,37°C,25%,0,0分钟
20211030220514,关,关,关,36°C,25%,0,0分钟
20211030220516,关,关,关,36°C,25%,20,0分钟
20211030220518,关,关,关,36°C,25%,31,0分钟
20211030220524,关,关,关,36°C,25%,28,0分钟
20211030220526,关,关,关,36°C,25%,30,0分钟
20211030220536,关,关,关,36°C,25%,43,0分钟
20211030220552,关,关,关,36°C,25%,42,0分钟
20211030220554,关,关,关,36°C,25%,43,0分钟
20211030220556,关,关,关,36°C,25%,42,0分钟
20211030220558,关,关,关,36°C,25%,43,0分钟
20211030220600,关,关,关,36°C,25%,42,0分钟
20211030220602,关,关,关,36°C,25%,43,0分钟
20211030220612,关,关,关,36°C,25%,42,0分钟
20211030220618,关,关,关,35°C,25%,42,0分钟
20211030220620,关,关,关,35°C,25%,36,0分钟
20211030220622,关,关,关,35°C,25%,37,0分钟
20211030220638,关,关,关,35°C,25%,36,0分钟
20211030220640,关,关,关,35°C,25%,37,0分钟
20211030220642,关,关,关,35°C,25%,38,0分钟
20211030220644,关,关,关,35°C,25%,37,0分钟
20211030220646,关,关,关,35°C,25%,36,0分钟
20211030220650,关,关,关,35°C,25%,37,0分钟
20211030220653,关,关,关,35°C,25%,36,0分钟
20211030220656,关,关,关,35°C,25%,37,0分钟
20211030220659,关,关,关,35°C,0%,37,0分钟
20211030220701,关,关,关,35°C,0%,36,0分钟
20211030220703,关,关,关,34°C,0%,37,0分钟
20211030220705,关,关,关,34°C,0%,36,0分钟
20211030220707,关,关,关,34°C,0%,37,0分钟
20211030220709,关,关,关,34°C,0%,36,0分钟
20211030220711,关,关,关,34°C,0%,37,0分钟
20211030220717,关,关,关,34°C,0%,36,0分钟
20211030220725,关,关,关,34°C,0%,37,0分钟
20211030220741,关,关,关,34°C,0%,36,0分钟
20211030220743,关,关,关,34°C,0%,37,0分钟
20211030220747,关,关,关,34°C,0%,35,0分钟
20211030220749,关,关,关,34°C,0%,36,0分钟
20211030220753,关,关,关,33°C,0%,36,0分钟
20211030220755,关,关,关,33°C,0%,35,0分钟
20211030220803,关,关,关,33°C,0%,36,0分钟
20211030220805,关,关,关,33°C,0%,37,0分钟
20211030220811,关,关,关,33°C,0%,36,0分钟
20211030220819,关,关,关,33°C,0%,37,0分钟
20211030220829,关,关,关,32°C,0%,37,0分钟
20211030220831,关,关,关,32°C,0%,33,0分钟
20211030220856,关,关,关,32°C,0%,0,0分钟
20211030221010,关,关,关,31°C,0%,0,0分钟
20211030221012,关,关,关,31°C,0%,32,0分钟
20211030221014,关,关,关,31°C,0%,36,0分钟
20211030221016,关,关,关,31°C,0%,35,0分钟
20211030221024,关,关,关,31°C,0%,36,0分钟
20211030221026,关,关,关,31°C,0%,35,0分钟
20211030221031,关,关,关,31°C,0%,37,0分钟
20211030221039,关,关,关,31°C,0%,36,0分钟
20211030221041,关,关,关,31°C,0%,35,0分钟
20211030221047,关,关,关,31°C,0%,36,0分钟
20211030221049,关,关,关,31°C,0%,35,0分钟
20211030221105,关,关,关,31°C,0%,36,0分钟
20211030221107,关,关,关,31°C,0%,37,0分钟
20211030221109,关,关,关,31°C,0%,36,0分钟
20211030221123,关,关,关,30°C,0%,36,0分钟
20211030221125,关,关,关,30°C,0%,37,0分钟
20211030221127,关,关,关,30°C,0%,36,0分钟
20211030221129,关,关,关,30°C,0%,37,0分钟
20211030221133,关,关,关,30°C,0%,36,0分钟
20211030221135,关,关,关,30°C,0%,37,0分钟
20211030221141,关,关,关,30°C,0%,36,0分钟
20211030221143,关,关,关,30°C,0%,37,0分钟
20211030221151,关,关,关,30°C,0%,36,0分钟
20211030221153,关,关,关,30°C,0%,37,0分钟
20211030221209,关,关,关,30°C,0%,36,0分钟
20211030221213,关,关,关,29°C,0%,36,0分钟
20211030221215,关,关,关,29°C,0%,37,0分钟
20211030221224,关,关,关,29°C,0%,36,0分钟
20211030221226,关,关,关,29°C,0%,37,0分钟
20211030221230,关,关,关,29°C,0%,36,0分钟
20211030221232,关,关,关,29°C,0%,35,0分钟
20211030221236,关,关,关,29°C,0%,36,0分钟
20211030221238,关,关,关,29°C,0%,38,0分钟
20211030221246,关,关,关,29°C,0%,41,0分钟
20211030221248,关,关,关,29°C,0%,42,0分钟
20211030221253,关,关,关,29°C,0%,35,0分钟
20211030221258,关,关,关,29°C,0%,36,0分钟
20211030221302,关,关,关,29°C,0%,37,0分钟
20211030221304,关,关,关,29°C,0%,38,0分钟
20211030221308,关,关,关,29°C,0%,42,0分钟
20211030221310,关,关,关,29°C,0%,43,0分钟
20211030221322,关,关,关,29°C,0%,42,0分钟
20211030221324,关,关,关,29°C,0%,43,0分钟
20211030222509,关,关,关,29°C,0%,0,0分钟
20211030222513,关,关,关,29°C,0%,12,0分钟
20211030222515,关,关,关,29°C,0%,13,0分钟
20211030222529,关,关,关,29°C,0%,12,0分钟
20211030222537,关,关,关,29°C,0%,13,0分钟
20211030222543,关,关,关,29°C,0%,12,0分钟
20211030222545,关,关,关,29°C,0%,13,0分钟
20211030222547,关,关,关,29°C,0%,12,0分钟
20211030222553,关,关,关,29°C,0%,13,0分钟
20211030225912,关,关,关,29°C,0%,0,0分钟
20211031065339,关,关,关,29°C,0%,0,0分钟
20211031070144,关,关,关,29°C,0%,0,0分钟
20211031070146,关,关,关,29°C,0%,8,0分钟
20211031070430,关,关,关,29°C,0%,0,0分钟
20211031070431,关,关,关,29°C,0%,8,0分钟
20211031075000,关,关,关,29°C,0%,0,0分钟
20211031075009,关,关,关,29°C,0%,23,0分钟
20211031111117,关,关,关,29°C,0%,0,0分钟
20211031111230,关,关,关,29°C,0%,0,0分钟
20211031111232,关,关,关,29°C,0%,13,0分钟
20211031111236,关,关,关,29°C,0%,15,0分钟
20211031111238,关,关,关,29°C,0%,16,0分钟
20211031111240,关,关,关,29°C,0%,15,0分钟
20211031124523,关,关,关,29°C,0%,0,0分钟
20211031124537,关,关,关,29°C,0%,28,0分钟
20211031124541,关,关,关,29°C,0%,31,0分钟
20211031124547,关,关,关,29°C,0%,30,0分钟
20211031124549,关,关,关,29°C,0%,13,0分钟
20211031124606,关,关,关,29°C,0%,0,0分钟
20211031124608,关,关,关,29°C,0%,8,0分钟
20211031140003,关,关,关,29°C,0%,0,0分钟
20211031140008,关,关,关,29°C,0%,0,0分钟
20211031140013,关,关,关,29°C,0%,0,0分钟
20211031140018,关,关,关,29°C,0%,0,0分钟
20211031140023,关,关,关,29°C,0%,0,0分钟
20211031140028,关,关,关,29°C,0%,0,0分钟
20211031140033,关,关,关,29°C,0%,0,0分钟
20211031140038,关,关,关,29°C,0%,0,0分钟
20211031140043,关,关,关,29°C,0%,0,0分钟
20211031140048,关,关,关,29°C,0%,0,0分钟
20211031140053,关,关,关,29°C,0%,0,0分钟
20211031140058,关,关,关,29°C,0%,0,0分钟
20211031140103,关,关,关,29°C,0%,0,0分钟
20211031140108,关,关,关,29°C,0%,0,0分钟
20211031140113,关,关,关,29°C,0%,0,0分钟
20211031140118,关,关,关,29°C,0%,0,0分钟
20211031140123,关,关,关,29°C,0%,0,0分钟
20211031140128,关,关,关,29°C,0%,0,0分钟
20211031191437,关,关,关,29°C,0%,0,0分钟
20211031191510,开,开,关,30°C,0%,0,27分钟
20211031191606,开,开,关,31°C,0%,0,26分钟
20211031191616,开,开,关,31°C,0%,0,25分钟
20211031191649,开,开,关,32°C,0%,0,25分钟
20211031191711,开,开,关,32°C,0%,0,24分钟
20211031191717,开,开,关,33°C,0%,0,24分钟
20211031191747,开,开,关,33°C,0%,0,23分钟
20211031191829,开,开,关,34°C,0%,0,22分钟
20211031191906,开,开,关,34°C,0%,0,21分钟
20211031191922,开,开,关,35°C,0%,0,21分钟
20211031192016,开,开,关,35°C,0%,0,20分钟
20211031192105,开,开,关,36°C,0%,0,19分钟
20211031192107,开,开,关,36°C,0%,0,18分钟
20211031192133,开,开,关,37°C,0%,0,18分钟
20211031192226,开,开,关,37°C,0%,0,17分钟
20211031192228,开,开,关,38°C,0%,0,17分钟
20211031192320,开,开,关,38°C,0%,0,16分钟
20211031192357,开,开,关,39°C,0%,0,15分钟
20211031192421,开,开,关,39°C,0%,0,14分钟
20211031192435,开,开,关,40°C,0%,0,14分钟
20211031192509,开,开,关,40°C,0%,0,13分钟
20211031192556,开,开,关,41°C,0%,0,12分钟
20211031192628,开,开,关,41°C,0%,0,11分钟
20211031192650,开,开,关,42°C,0%,0,11分钟
20211031192741,开,开,关,42°C,0%,0,10分钟
20211031192835,开,开,关,43°C,0%,0,9分钟
20211031192841,开,开,关,44°C,25%,0,8分钟
20211031192848,开,开,关,43°C,25%,0,9分钟
20211031192920,开,开,关,44°C,25%,0,8分钟
20211031192936,开,开,关,44°C,25%,0,7分钟
20211031192942,开,开,关,45°C,25%,0,7分钟
20211031193043,开,开,关,45°C,25%,0,6分钟
20211031193055,开,开,关,45°C,25%,0,5分钟
20211031193138,开,开,关,46°C,25%,0,5分钟
20211031193155,开,开,关,46°C,25%,0,4分钟
20211031193212,开,开,关,47°C,25%,0,4分钟
20211031193300,开,开,关,47°C,25%,0,3分钟
20211031193312,关,关,关,47°C,50%,0,0分钟
20211031193507,关,关,关,48°C,50%,0,0分钟
20211031194033,关,关,关,49°C,50%,0,0分钟
20211031194035,关,关,关,49°C,50%,38,0分钟
20211031194045,关,关,关,49°C,50%,60,0分钟
20211031194047,关,关,关,49°C,50%,62,0分钟
20211031194051,关,关,关,49°C,50%,60,0分钟
20211031194131,关,关,关,49°C,50%,0,0分钟
20211031194133,关,关,关,49°C,50%,47,0分钟
20211031194135,关,关,关,49°C,50%,48,0分钟
20211031194137,关,关,关,49°C,50%,50,0分钟
20211031194139,关,关,关,49°C,50%,48,0分钟
20211031194141,关,关,关,49°C,50%,47,0分钟
20211031194145,关,关,关,49°C,50%,48,0分钟
20211031194153,关,关,关,49°C,50%,50,0分钟
20211031194155,关,关,关,49°C,50%,41,0分钟
20211031194157,关,关,关,49°C,50%,31,0分钟
20211031194159,关,关,关,49°C,50%,22,0分钟
20211031194201,关,关,关,49°C,50%,23,0分钟
20211031194205,关,关,关,49°C,50%,30,0分钟
20211031194207,关,关,关,49°C,50%,31,0分钟
20211031194209,关,关,关,49°C,50%,30,0分钟
20211031194212,关,关,关,49°C,50%,31,0分钟
20211031194216,关,关,关,49°C,50%,30,0分钟
20211031194222,关,关,关,49°C,50%,31,0分钟
20211031194228,关,关,关,49°C,50%,30,0分钟
20211031194232,关,关,关,49°C,50%,31,0分钟
20211031194234,关,关,关,49°C,50%,30,0分钟
20211031194240,关,关,关,49°C,50%,31,0分钟
20211031194242,关,关,关,49°C,50%,28,0分钟
20211031194244,关,关,关,49°C,50%,30,0分钟
20211031194246,关,关,关,49°C,50%,27,0分钟
20211031194248,关,关,关,49°C,50%,28,0分钟
20211031194250,关,关,关,49°C,50%,30,0分钟
20211031194256,关,关,关,49°C,50%,28,0分钟
20211031194258,关,关,关,49°C,50%,30,0分钟
20211031194300,关,关,关,49°C,50%,28,0分钟
20211031194302,关,关,关,48°C,50%,30,0分钟
20211031194304,关,关,关,48°C,50%,28,0分钟
20211031194306,关,关,关,48°C,50%,30,0分钟
20211031194314,关,关,关,48°C,50%,28,0分钟
20211031194316,关,关,关,48°C,50%,30,0分钟
20211031194324,关,关,关,48°C,50%,28,0分钟
20211031194326,关,关,关,48°C,50%,30,0分钟
20211031194338,关,关,关,48°C,50%,28,0分钟
20211031194344,关,关,关,48°C,50%,30,0分钟
20211031194352,关,关,关,48°C,50%,28,0分钟
20211031194405,关,关,关,48°C,50%,31,0分钟
20211031194407,关,关,关,48°C,50%,30,0分钟
20211031194417,关,关,关,48°C,50%,31,0分钟
20211031194419,关,关,关,48°C,50%,30,0分钟
20211031194421,关,关,关,48°C,50%,31,0分钟
20211031194423,关,关,关,48°C,50%,30,0分钟
20211031194429,关,关,关,48°C,50%,31,0分钟
20211031194431,关,关,关,48°C,50%,30,0分钟
20211031194433,关,关,关,48°C,50%,31,0分钟
20211031194437,关,关,关,48°C,50%,30,0分钟
20211031194439,关,关,关,48°C,50%,31,0分钟
20211031194441,关,关,关,48°C,50%,30,0分钟
20211031194443,关,关,关,48°C,50%,31,0分钟
20211031194445,关,关,关,48°C,50%,28,0分钟
20211031194457,关,关,关,48°C,50%,26,0分钟
20211031194459,关,关,关,48°C,50%,27,0分钟
20211031194501,关,关,关,48°C,50%,26,0分钟
20211031194509,关,关,关,48°C,50%,27,0分钟
20211031194511,关,关,关,48°C,50%,26,0分钟
20211031194515,关,关,关,48°C,50%,27,0分钟
20211031194519,关,关,关,48°C,50%,26,0分钟
20211031194521,关,关,关,48°C,50%,27,0分钟
20211031194527,关,关,关,48°C,50%,26,0分钟
20211031194529,关,关,关,48°C,50%,27,0分钟
20211031194532,关,关,关,48°C,50%,26,0分钟
20211031194533,关,关,关,48°C,50%,25,0分钟
20211031194540,关,关,关,48°C,50%,23,0分钟
20211031194545,关,关,关,48°C,50%,23,0分钟
20211031194546,关,关,关,48°C,50%,25,0分钟
20211031194552,关,关,关,48°C,50%,23,0分钟
20211031194554,关,关,关,48°C,50%,25,0分钟
20211031194556,关,关,关,48°C,50%,23,0分钟
20211031194558,关,关,关,48°C,50%,25,0分钟
20211031194600,关,关,关,48°C,50%,23,0分钟
20211031194602,关,关,关,48°C,50%,25,0分钟
20211031194606,关,关,关,48°C,50%,23,0分钟
20211031194610,关,关,关,48°C,50%,25,0分钟
20211031194614,关,关,关,48°C,50%,23,0分钟
20211031194616,关,关,关,48°C,50%,25,0分钟
20211031194618,关,关,关,48°C,50%,23,0分钟
20211031194620,关,关,关,48°C,50%,25,0分钟
20211031194628,关,关,关,48°C,50%,23,0分钟
20211031194630,关,关,关,48°C,50%,25,0分钟
20211031194632,关,关,关,48°C,50%,23,0分钟
20211031194634,关,关,关,48°C,50%,25,0分钟
20211031194636,关,关,关,48°C,50%,22,0分钟
20211031194638,关,关,关,48°C,50%,23,0分钟
20211031194640,关,关,关,48°C,50%,25,0分钟
20211031194644,关,关,关,48°C,50%,23,0分钟
20211031194646,关,关,关,47°C,50%,25,0分钟
20211031194648,关,关,关,47°C,50%,23,0分钟
20211031194650,关,关,关,47°C,50%,25,0分钟
20211031194702,关,关,关,47°C,50%,23,0分钟
20211031194704,关,关,关,47°C,50%,25,0分钟
20211031194741,关,关,关,47°C,50%,23,0分钟
20211031194745,关,关,关,47°C,50%,25,0分钟
20211031194809,关,关,关,47°C,50%,23,0分钟
20211031194811,关,关,关,46°C,50%,25,0分钟
20211031194827,关,关,关,46°C,50%,23,0分钟
20211031194833,关,关,关,46°C,50%,25,0分钟
20211031194839,关,关,关,46°C,50%,23,0分钟
20211031194841,关,关,关,46°C,50%,25,0分钟
20211031194845,关,关,关,46°C,50%,23,0分钟
20211031194847,关,关,关,46°C,50%,25,0分钟
20211031194849,关,关,关,46°C,50%,23,0分钟
20211031194851,关,关,关,46°C,50%,15,0分钟
20211031194912,关,关,关,45°C,50%,0,0分钟
20211031194916,关,关,关,45°C,25%,0,0分钟
20211031195016,关,关,关,44°C,25%,0,0分钟
20211031195242,关,关,关,43°C,25%,0,0分钟
20211031195248,关,关,关,42°C,25%,0,0分钟
20211031195254,关,关,关,43°C,25%,0,0分钟
20211031200644,关,关,关,42°C,25%,0,0分钟
20211031200656,关,关,关,41°C,25%,0,0分钟
20211031200702,关,关,关,42°C,25%,0,0分钟
20211031203507,关,关,关,41°C,25%,0,0分钟
20211031203535,关,关,关,41°C,25%,0,0分钟
20211031203537,关,关,关,41°C,25%,30,0分钟
20211031203545,关,关,关,41°C,25%,22,0分钟
20211031203547,关,关,关,41°C,25%,23,0分钟
20211031203549,关,关,关,41°C,25%,22,0分钟
20211031203555,关,关,关,41°C,25%,23,0分钟
20211031203559,关,关,关,41°C,25%,22,0分钟
20211031203601,关,关,关,41°C,25%,23,0分钟
20211031203603,关,关,关,41°C,25%,22,0分钟
20211031203605,关,关,关,41°C,25%,23,0分钟
20211031203607,关,关,关,41°C,25%,22,0分钟
20211031203609,关,关,关,41°C,25%,23,0分钟
20211031203613,关,关,关,41°C,25%,22,0分钟
20211031203621,关,关,关,41°C,25%,23,0分钟
20211031203625,关,关,关,40°C,25%,23,0分钟
20211031203629,关,关,关,40°C,25%,22,0分钟
20211031203633,关,关,关,40°C,25%,23,0分钟
20211031203635,关,关,关,40°C,25%,26,0分钟
20211031203637,关,关,关,40°C,25%,25,0分钟
20211031203641,关,关,关,40°C,25%,26,0分钟
20211031203643,关,关,关,40°C,25%,25,0分钟
20211031203645,关,关,关,40°C,25%,26,0分钟
20211031203653,关,关,关,40°C,25%,25,0分钟
20211031203658,关,关,关,40°C,25%,26,0分钟
20211031203701,关,关,关,40°C,25%,25,0分钟
20211031203704,关,关,关,40°C,25%,26,0分钟
20211031203706,关,关,关,39°C,25%,26,0分钟
20211031203708,关,关,关,39°C,25%,25,0分钟
20211031203710,关,关,关,39°C,25%,26,0分钟
20211031203712,关,关,关,39°C,25%,25,0分钟
20211031203716,关,关,关,39°C,25%,26,0分钟
20211031203718,关,关,关,39°C,25%,25,0分钟
20211031203722,关,关,关,39°C,25%,26,0分钟
20211031203728,关,关,关,39°C,25%,25,0分钟
20211031203732,关,关,关,39°C,25%,26,0分钟
20211031203740,关,关,关,39°C,25%,25,0分钟
20211031203742,关,关,关,39°C,25%,26,0分钟
20211031203744,关,关,关,39°C,25%,25,0分钟
20211031203748,关,关,关,39°C,25%,26,0分钟
20211031203750,关,关,关,39°C,25%,25,0分钟
20211031203758,关,关,关,39°C,25%,26,0分钟
20211031203802,关,关,关,38°C,25%,21,0分钟
20211031203804,关,关,关,38°C,25%,26,0分钟
20211031203806,关,关,关,38°C,25%,27,0分钟
20211031203812,关,关,关,38°C,25%,26,0分钟
20211031203814,关,关,关,38°C,25%,25,0分钟
20211031203818,关,关,关,38°C,25%,26,0分钟
20211031203820,关,关,关,38°C,25%,27,0分钟
20211031203824,关,关,关,38°C,25%,26,0分钟
20211031203826,关,关,关,38°C,25%,27,0分钟
20211031203828,关,关,关,38°C,25%,26,0分钟
20211031203830,关,关,关,37°C,25%,25,0分钟
20211031203840,关,关,关,37°C,25%,26,0分钟
20211031203842,关,关,关,37°C,25%,27,0分钟
20211031203917,关,关,关,37°C,25%,26,0分钟
20211031203933,关,关,关,36°C,25%,26,0分钟
20211031203935,关,关,关,36°C,25%,25,0分钟
20211031203948,关,关,关,36°C,25%,26,0分钟
20211031203949,关,关,关,35°C,25%,25,0分钟
20211031204007,关,关,关,35°C,25%,26,0分钟
20211031204009,关,关,关,35°C,25%,25,0分钟
20211031204013,关,关,关,35°C,25%,26,0分钟
20211031204015,关,关,关,35°C,25%,25,0分钟
20211031204023,关,关,关,35°C,25%,26,0分钟
20211031204025,关,关,关,35°C,25%,25,0分钟
20211031204027,关,关,关,35°C,25%,27,0分钟
20211031204029,关,关,关,35°C,25%,25,0分钟
20211031204042,关,关,关,35°C,25%,0,0分钟
20211031204526,关,关,关,34°C,25%,0,0分钟
20211031204532,关,关,关,33°C,0%,0,0分钟
20211031213006,关,关,关,34°C,0%,0,0分钟
20211031220711,关,关,关,34°C,0%,0,0分钟
20211031220713,关,关,关,34°C,0%,41,0分钟
20211031220719,关,关,关,34°C,0%,46,0分钟
20211031220721,关,关,关,34°C,0%,48,0分钟
20211031220727,关,关,关,34°C,0%,52,0分钟
20211031220729,关,关,关,34°C,0%,46,0分钟
20211031220734,关,关,关,34°C,0%,47,0分钟
20211031220735,关,关,关,34°C,0%,50,0分钟
20211031220738,关,关,关,34°C,0%,53,0分钟
20211031220742,关,关,关,34°C,0%,52,0分钟
20211031220744,关,关,关,34°C,0%,53,0分钟
20211031220746,关,关,关,34°C,0%,52,0分钟
20211031220748,关,关,关,34°C,0%,53,0分钟
20211031220750,关,关,关,34°C,0%,52,0分钟
20211031220752,关,关,关,34°C,0%,51,0分钟
20211031220754,关,关,关,34°C,0%,53,0分钟
20211031220800,关,关,关,34°C,0%,52,0分钟
20211031220804,关,关,关,34°C,0%,53,0分钟
20211031220814,关,关,关,34°C,0%,52,0分钟
20211031220816,关,关,关,34°C,0%,53,0分钟
20211031220818,关,关,关,34°C,0%,52,0分钟
20211031220820,关,关,关,34°C,0%,53,0分钟
20211031220824,关,关,关,34°C,0%,46,0分钟
20211031220826,关,关,关,34°C,0%,47,0分钟
20211031220828,关,关,关,34°C,0%,46,0分钟
20211031220830,关,关,关,34°C,0%,55,0分钟
20211031220832,关,关,关,34°C,0%,52,0分钟
20211031220834,关,关,关,33°C,0%,52,0分钟
20211031220836,关,关,关,33°C,0%,53,0分钟
20211031220840,关,关,关,33°C,0%,52,0分钟
20211031220842,关,关,关,33°C,0%,53,0分钟
20211031220844,关,关,关,33°C,0%,51,0分钟
20211031220846,关,关,关,33°C,0%,53,0分钟
20211031220852,关,关,关,33°C,0%,52,0分钟
20211031220854,关,关,关,33°C,0%,47,0分钟
20211031220858,关,关,关,33°C,0%,48,0分钟
20211031220900,关,关,关,33°C,0%,50,0分钟
20211031220905,关,关,关,33°C,0%,53,0分钟
20211031220908,关,关,关,33°C,0%,52,0分钟
20211031220910,关,关,关,32°C,0%,51,0分钟
20211031220912,关,关,关,32°C,0%,53,0分钟
20211031220918,关,关,关,32°C,0%,52,0分钟
20211031220921,关,关,关,32°C,0%,51,0分钟
20211031220927,关,关,关,32°C,0%,52,0分钟
20211031220929,关,关,关,32°C,0%,48,0分钟
20211031220933,关,关,关,32°C,0%,0,0分钟
20211031220939,关,关,关,31°C,0%,0,0分钟
20211031221035,开,开,关,31°C,0%,0,26分钟
20211031221059,开,开,关,31°C,0%,0,25分钟
20211031221102,开,开,关,31°C,0%,26,25分钟
20211031221104,开,开,关,31°C,0%,47,25分钟
20211031221108,开,开,关,32°C,0%,50,25分钟
20211031221114,开,开,关,32°C,0%,48,25分钟
20211031221126,开,开,关,32°C,0%,50,25分钟
20211031221127,开,开,关,32°C,0%,51,25分钟
20211031221130,开,开,关,32°C,0%,50,25分钟
20211031221132,开,开,关,32°C,0%,48,25分钟
20211031221136,开,开,关,32°C,0%,50,25分钟
20211031221138,开,开,关,32°C,0%,48,24分钟
20211031221148,开,开,关,32°C,0%,50,24分钟
20211031221150,开,开,关,32°C,0%,48,24分钟
20211031221152,开,开,关,32°C,0%,51,24分钟
20211031221212,开,开,关,32°C,0%,50,24分钟
20211031221214,开,开,关,32°C,0%,47,24分钟
20211031221222,开,开,关,32°C,0%,42,24分钟
20211031221224,开,开,关,32°C,0%,43,24分钟
20211031221228,开,开,关,32°C,0%,42,24分钟
20211031221230,开,开,关,32°C,0%,41,24分钟
20211031221232,开,开,关,32°C,0%,43,24分钟
20211031221234,开,开,关,32°C,0%,41,24分钟
20211031221236,开,开,关,32°C,0%,42,24分钟
20211031221238,开,开,关,32°C,0%,42,23分钟
20211031221240,开,开,关,32°C,0%,41,23分钟
20211031221245,开,开,关,32°C,0%,42,23分钟
20211031221247,开,开,关,32°C,0%,43,23分钟
20211031221253,开,开,关,32°C,0%,42,23分钟
20211031221255,开,开,关,32°C,0%,43,23分钟
20211031221257,开,开,关,32°C,0%,42,23分钟
20211031221259,开,开,关,32°C,0%,41,23分钟
20211031221307,开,开,关,32°C,0%,42,23分钟
20211031221309,开,开,关,32°C,0%,41,23分钟
20211031221313,开,开,关,32°C,0%,42,23分钟
20211031221315,开,开,关,32°C,0%,41,23分钟
20211031221319,开,开,关,32°C,0%,42,23分钟
20211031221323,开,开,关,32°C,0%,35,23分钟
20211031221325,开,开,关,32°C,0%,36,23分钟
20211031221327,开,开,关,32°C,0%,35,23分钟
20211031221329,开,开,关,32°C,0%,37,23分钟
20211031221331,开,开,关,32°C,0%,38,23分钟
20211031221333,开,开,关,32°C,0%,40,23分钟
20211031221335,开,开,关,32°C,0%,38,23分钟
20211031221337,开,开,关,32°C,0%,40,23分钟
20211031221341,开,开,关,32°C,0%,40,22分钟
20211031221405,开,开,关,32°C,0%,45,22分钟
20211031221407,开,开,关,32°C,0%,43,22分钟
20211031221413,开,开,关,32°C,0%,45,22分钟
20211031221415,开,开,关,32°C,0%,43,22分钟
20211031221417,开,开,关,32°C,0%,45,22分钟
20211031221421,开,开,关,32°C,0%,43,22分钟
20211031221423,开,开,关,32°C,0%,46,22分钟
20211031221427,开,开,关,32°C,0%,45,22分钟
20211031221429,开,开,关,32°C,0%,43,22分钟
20211031221434,开,开,关,31°C,0%,43,26分钟
20211031221436,开,开,关,31°C,0%,45,26分钟
20211031221438,开,开,关,31°C,0%,46,26分钟
20211031221442,开,开,关,31°C,0%,45,26分钟
20211031221446,开,开,关,31°C,0%,43,26分钟
20211031221456,开,开,关,31°C,0%,45,26分钟
20211031221458,开,开,关,31°C,0%,43,26分钟
20211031221500,开,开,关,31°C,0%,45,26分钟
20211031221504,开,开,关,31°C,0%,43,26分钟
20211031221506,开,开,关,31°C,0%,45,26分钟
20211031221512,开,开,关,30°C,0%,43,28分钟
20211031221514,开,开,关,30°C,0%,46,28分钟
20211031221518,开,开,关,30°C,0%,43,28分钟
20211031221520,开,开,关,30°C,0%,45,28分钟
20211031221522,开,开,关,30°C,0%,43,28分钟
20211031221524,开,开,关,30°C,0%,45,28分钟
20211031221526,开,开,关,30°C,0%,43,28分钟
20211031221528,开,开,关,30°C,0%,45,28分钟
20211031221542,开,开,关,30°C,0%,45,27分钟
20211031221544,开,开,关,30°C,0%,43,27分钟
20211031221546,开,开,关,30°C,0%,45,27分钟
20211031221548,开,开,关,30°C,0%,43,27分钟
20211031221554,开,开,关,29°C,0%,45,29分钟
20211031221556,开,开,关,29°C,0%,43,29分钟
20211031221602,开,开,关,29°C,0%,45,29分钟
20211031221608,开,开,关,29°C,0%,31,29分钟
20211031221635,开,开,关,29°C,0%,0,29分钟
20211031221649,开,开,关,29°C,0%,0,28分钟
20211031221711,开,开,关,30°C,0%,0,28分钟
20211031221731,开,开,关,30°C,0%,0,27分钟
20211031221829,开,开,关,31°C,0%,0,26分钟
20211031221838,开,开,关,31°C,0%,0,25分钟
20211031221842,开,开,关,32°C,0%,0,25分钟
20211031221906,关,关,关,32°C,0%,0,0分钟
20211031222315,关,关,关,33°C,0%,0,0分钟
20211101033514,关,关,关,33°C,0%,0,0分钟
20211101033746,关,关,关,33°C,0%,0,0分钟
20211101033752,关,关,关,32°C,0%,0,0分钟
20211101034224,关,关,关,33°C,0%,0,0分钟
20211101034230,关,关,关,32°C,0%,0,0分钟
20211101034803,关,关,关,33°C,0%,0,0分钟
20211101034809,关,关,关,32°C,0%,0,0分钟
20211101035904,关,关,关,33°C,0%,0,0分钟
20211101035910,关,关,关,32°C,0%,0,0分钟
20211101035928,关,关,关,33°C,0%,0,0分钟
20211101035934,关,关,关,32°C,0%,0,0分钟
20211101040034,关,关,关,33°C,0%,0,0分钟
20211101040040,关,关,关,32°C,0%,0,0分钟
20211101040123,关,关,关,33°C,0%,0,0分钟
20211101040129,关,关,关,32°C,0%,0,0分钟
20211101040211,关,关,关,33°C,0%,0,0分钟
20211101040217,关,关,关,32°C,0%,0,0分钟
20211101040254,关,关,关,33°C,0%,0,0分钟
20211101040300,关,关,关,32°C,0%,0,0分钟
20211101040354,关,关,关,33°C,0%,0,0分钟
20211101040400,关,关,关,32°C,0%,0,0分钟
20211101040501,关,关,关,33°C,0%,0,0分钟
20211101040507,关,关,关,32°C,0%,0,0分钟
20211101040656,关,关,关,33°C,0%,0,0分钟
20211101040702,关,关,关,32°C,0%,0,0分钟
20211101040732,关,关,关,33°C,0%,0,0分钟
20211101040738,关,关,关,32°C,0%,0,0分钟
20211101040744,关,关,关,33°C,0%,0,0分钟
20211101040751,关,关,关,32°C,0%,0,0分钟
20211101040803,关,关,关,33°C,0%,0,0分钟
20211101040809,关,关,关,32°C,0%,0,0分钟
20211101040857,关,关,关,33°C,0%,0,0分钟
20211101040905,关,关,关,32°C,0%,0,0分钟
20211101040946,关,关,关,33°C,0%,0,0分钟
20211101040958,关,关,关,32°C,0%,0,0分钟
20211101041016,关,关,关,33°C,0%,0,0分钟
20211101041022,关,关,关,32°C,0%,0,0分钟
20211101041104,关,关,关,33°C,0%,0,0分钟
20211101041116,关,关,关,32°C,0%,0,0分钟
20211101041129,关,关,关,33°C,0%,0,0分钟
20211101041135,关,关,关,32°C,0%,0,0分钟
20211101041147,关,关,关,33°C,0%,0,0分钟
20211101041153,关,关,关,32°C,0%,0,0分钟
20211101041253,关,关,关,33°C,0%,0,0分钟
20211101041306,关,关,关,32°C,0%,0,0分钟
20211101041330,关,关,关,33°C,0%,0,0分钟
20211101041336,关,关,关,32°C,0%,0,0分钟
20211101041406,关,关,关,33°C,0%,0,0分钟
20211101041412,关,关,关,32°C,0%,0,0分钟
20211101041418,关,关,关,33°C,0%,0,0分钟
20211101041430,关,关,关,32°C,0%,0,0分钟
20211101041436,关,关,关,33°C,0%,0,0分钟
20211101041442,关,关,关,32°C,0%,0,0分钟
20211101041448,关,关,关,33°C,0%,0,0分钟
20211101041455,关,关,关,32°C,0%,0,0分钟
20211101041501,关,关,关,33°C,0%,0,0分钟
20211101041513,关,关,关,32°C,0%,0,0分钟
20211101041531,关,关,关,33°C,0%,0,0分钟
20211101041537,关,关,关,32°C,0%,0,0分钟
20211101041555,关,关,关,33°C,0%,0,0分钟
20211101041601,关,关,关,32°C,0%,0,0分钟
20211101041637,关,关,关,33°C,0%,0,0分钟
20211101041644,关,关,关,32°C,0%,0,0分钟
20211101041702,关,关,关,33°C,0%,0,0分钟
20211101041714,关,关,关,32°C,0%,0,0分钟
20211101041750,关,关,关,33°C,0%,0,0分钟
20211101041756,关,关,关,32°C,0%,0,0分钟
20211101041808,关,关,关,33°C,0%,0,0分钟
20211101041814,关,关,关,32°C,0%,0,0分钟
20211101041851,关,关,关,33°C,0%,0,0分钟
20211101041857,关,关,关,32°C,0%,0,0分钟
20211101041903,关,关,关,33°C,0%,0,0分钟
20211101041909,关,关,关,32°C,0%,0,0分钟
20211101041915,关,关,关,33°C,0%,0,0分钟
20211101041921,关,关,关,32°C,0%,0,0分钟
20211101041933,关,关,关,33°C,0%,0,0分钟
20211101041945,关,关,关,32°C,0%,0,0分钟
20211101042003,关,关,关,33°C,0%,0,0分钟
20211101042015,关,关,关,32°C,0%,0,0分钟
20211101042028,关,关,关,33°C,0%,0,0分钟
20211101042034,关,关,关,32°C,0%,0,0分钟
20211101042050,关,关,关,33°C,0%,0,0分钟
20211101042052,关,关,关,32°C,0%,0,0分钟
20211101042104,关,关,关,33°C,0%,0,0分钟
20211101042110,关,关,关,32°C,0%,0,0分钟
20211101042122,关,关,关,33°C,0%,0,0分钟
20211101042128,关,关,关,32°C,0%,0,0分钟
20211101042140,关,关,关,33°C,0%,0,0分钟
20211101042152,关,关,关,32°C,0%,0,0分钟
20211101042205,关,关,关,33°C,0%,0,0分钟
20211101042217,关,关,关,32°C,0%,0,0分钟
20211101042223,关,关,关,33°C,0%,0,0分钟
20211101042235,关,关,关,32°C,0%,0,0分钟
20211101042241,关,关,关,33°C,0%,0,0分钟
20211101042253,关,关,关,32°C,0%,0,0分钟
20211101042259,关,关,关,33°C,0%,0,0分钟
20211101042305,关,关,关,32°C,0%,0,0分钟
20211101042311,关,关,关,33°C,0%,0,0分钟
20211101042317,关,关,关,32°C,0%,0,0分钟
20211101042329,关,关,关,33°C,0%,0,0分钟
20211101042341,关,关,关,32°C,0%,0,0分钟
20211101042436,关,关,关,33°C,0%,0,0分钟
20211101042506,关,关,关,32°C,0%,0,0分钟
20211101042512,关,关,关,33°C,0%,0,0分钟
20211101042518,关,关,关,32°C,0%,0,0分钟
20211101042549,关,关,关,33°C,0%,0,0分钟
20211101042601,关,关,关,32°C,0%,0,0分钟
20211101042613,关,关,关,33°C,0%,0,0分钟
20211101042625,关,关,关,32°C,0%,0,0分钟
20211101042631,关,关,关,33°C,0%,0,0分钟
20211101042637,关,关,关,32°C,0%,0,0分钟
20211101042655,关,关,关,33°C,0%,0,0分钟
20211101042713,关,关,关,32°C,0%,0,0分钟
20211101042719,关,关,关,33°C,0%,0,0分钟
20211101042726,关,关,关,32°C,0%,0,0分钟
20211101042732,关,关,关,33°C,0%,0,0分钟
20211101042753,关,关,关,32°C,0%,0,0分钟
20211101042756,关,关,关,33°C,0%,0,0分钟
20211101042808,关,关,关,32°C,0%,0,0分钟
20211101042814,关,关,关,33°C,0%,0,0分钟
20211101042820,关,关,关,32°C,0%,0,0分钟
20211101042832,关,关,关,33°C,0%,0,0分钟
20211101042838,关,关,关,32°C,0%,0,0分钟
20211101042844,关,关,关,33°C,0%,0,0分钟
20211101042856,关,关,关,32°C,0%,0,0分钟
20211101042902,关,关,关,33°C,0%,0,0分钟
20211101042915,关,关,关,32°C,0%,0,0分钟
20211101042921,关,关,关,33°C,0%,0,0分钟
20211101042927,关,关,关,32°C,0%,0,0分钟
20211101042939,关,关,关,33°C,0%,0,0分钟
20211101042945,关,关,关,32°C,0%,0,0分钟
20211101042957,关,关,关,33°C,0%,0,0分钟
20211101043009,关,关,关,32°C,0%,0,0分钟
20211101043021,关,关,关,33°C,0%,0,0分钟
20211101043033,关,关,关,32°C,0%,0,0分钟
20211101043051,关,关,关,33°C,0%,0,0分钟
20211101043104,关,关,关,32°C,0%,0,0分钟
20211101043110,关,关,关,33°C,0%,0,0分钟
20211101043140,关,关,关,32°C,0%,0,0分钟
20211101043146,关,关,关,33°C,0%,0,0分钟
20211101043152,关,关,关,32°C,0%,0,0分钟
20211101043158,关,关,关,33°C,0%,0,0分钟
20211101043210,关,关,关,32°C,0%,0,0分钟
20211101043216,关,关,关,33°C,0%,0,0分钟
20211101043240,关,关,关,32°C,0%,0,0分钟
20211101043247,关,关,关,33°C,0%,0,0分钟
20211101043259,关,关,关,32°C,0%,0,0分钟
20211101043311,关,关,关,33°C,0%,0,0分钟
20211101043341,关,关,关,32°C,0%,0,0分钟
20211101043353,关,关,关,33°C,0%,0,0分钟
20211101043417,关,关,关,32°C,0%,0,0分钟
20211101043424,关,关,关,33°C,0%,0,0分钟
20211101043436,关,关,关,32°C,0%,0,0分钟
20211101043448,关,关,关,33°C,0%,0,0分钟
20211101043500,关,关,关,32°C,0%,0,0分钟
20211101043512,关,关,关,33°C,0%,0,0分钟
20211101043518,关,关,关,32°C,0%,0,0分钟
20211101043554,关,关,关,33°C,0%,0,0分钟
20211101043606,关,关,关,32°C,0%,0,0分钟
20211101043613,关,关,关,33°C,0%,0,0分钟
20211101043619,关,关,关,32°C,0%,0,0分钟
20211101043625,关,关,关,33°C,0%,0,0分钟
20211101043631,关,关,关,32°C,0%,0,0分钟
20211101043637,关,关,关,33°C,0%,0,0分钟
20211101043717,关,关,关,32°C,0%,0,0分钟
20211101043725,关,关,关,33°C,0%,0,0分钟
20211101043743,关,关,关,32°C,0%,0,0分钟
20211101043755,关,关,关,33°C,0%,0,0分钟
20211101043802,关,关,关,32°C,0%,0,0分钟
20211101043832,关,关,关,33°C,0%,0,0分钟
20211101043850,关,关,关,32°C,0%,0,0分钟
20211101043856,关,关,关,33°C,0%,0,0分钟
20211101043920,关,关,关,32°C,0%,0,0分钟
20211101043932,关,关,关,33°C,0%,0,0分钟
20211101043938,关,关,关,32°C,0%,0,0分钟
20211101043944,关,关,关,33°C,0%,0,0分钟
20211101043951,关,关,关,32°C,0%,0,0分钟
20211101044003,关,关,关,33°C,0%,0,0分钟
20211101044021,关,关,关,32°C,0%,0,0分钟
20211101044039,关,关,关,33°C,0%,0,0分钟
20211101044103,关,关,关,32°C,0%,0,0分钟
20211101044115,关,关,关,33°C,0%,0,0分钟
20211101044127,关,关,关,32°C,0%,0,0分钟
20211101044133,关,关,关,33°C,0%,0,0分钟
20211101044159,关,关,关,32°C,0%,0,0分钟
20211101044216,关,关,关,33°C,0%,0,0分钟
20211101044234,关,关,关,32°C,0%,0,0分钟
20211101044240,关,关,关,33°C,0%,0,0分钟
20211101044316,关,关,关,32°C,0%,0,0分钟
20211101044322,关,关,关,33°C,0%,0,0分钟
20211101044420,关,关,关,32°C,0%,0,0分钟
20211101044435,关,关,关,33°C,0%,0,0分钟
20211101044447,关,关,关,32°C,0%,0,0分钟
20211101044453,关,关,关,33°C,0%,0,0分钟
20211101044518,关,关,关,32°C,0%,0,0分钟
20211101044524,关,关,关,33°C,0%,0,0分钟
20211101044554,关,关,关,32°C,0%,0,0分钟
20211101044600,关,关,关,33°C,0%,0,0分钟
20211101044624,关,关,关,32°C,0%,0,0分钟
20211101044630,关,关,关,33°C,0%,0,0分钟
20211101044801,关,关,关,32°C,0%,0,0分钟
20211101044807,关,关,关,33°C,0%,0,0分钟
20211101044813,关,关,关,32°C,0%,0,0分钟
20211101044819,关,关,关,33°C,0%,0,0分钟
20211101044920,关,关,关,32°C,0%,0,0分钟
20211101044926,关,关,关,33°C,0%,0,0分钟
20211101044938,关,关,关,32°C,0%,0,0分钟
20211101044944,关,关,关,33°C,0%,0,0分钟
20211101045039,关,关,关,32°C,0%,0,0分钟
20211101045045,关,关,关,33°C,0%,0,0分钟
20211101045057,关,关,关,32°C,0%,0,0分钟
20211101045103,关,关,关,33°C,0%,0,0分钟
20211101045316,关,关,关,32°C,0%,0,0分钟
20211101045322,关,关,关,33°C,0%,0,0分钟
20211101045352,关,关,关,32°C,0%,0,0分钟
20211101045358,关,关,关,33°C,0%,0,0分钟
20211101045453,关,关,关,32°C,0%,0,0分钟
20211101045459,关,关,关,33°C,0%,0,0分钟
20211101045535,关,关,关,32°C,0%,0,0分钟
20211101045541,关,关,关,33°C,0%,0,0分钟
20211101045743,关,关,关,32°C,0%,0,0分钟
20211101045749,关,关,关,33°C,0%,0,0分钟
20211101045901,关,关,关,32°C,0%,0,0分钟
20211101045907,关,关,关,33°C,0%,0,0分钟
20211101050002,关,关,关,32°C,0%,0,0分钟
20211101050008,关,关,关,33°C,0%,0,0分钟
20211101050047,关,关,关,32°C,0%,0,0分钟
20211101050050,关,关,关,33°C,0%,0,0分钟
20211101050145,关,关,关,32°C,0%,0,0分钟
20211101050151,关,关,关,33°C,0%,0,0分钟
20211101050310,关,关,关,32°C,0%,0,0分钟
20211101050316,关,关,关,33°C,0%,0,0分钟
20211101050328,关,关,关,32°C,0%,0,0分钟
20211101050334,关,关,关,33°C,0%,0,0分钟
20211101063844,关,关,关,32°C,0%,0,0分钟
20211101065605,关,关,关,32°C,0%,0,0分钟
20211101065607,关,关,关,32°C,0%,8,0分钟
20211101070440,关,关,关,32°C,0%,0,0分钟
20211101070442,关,关,关,32°C,0%,8,0分钟
20211101071247,关,关,关,32°C,0%,0,0分钟
20211101071317,关,关,关,32°C,0%,0,0分钟
20211101071319,关,关,关,32°C,0%,8,0分钟
20211101141349,关,关,关,32°C,0%,0,0分钟
20211101141354,关,关,关,32°C,0%,0,0分钟
20211101141408,关,关,关,32°C,0%,0,0分钟
20211101141413,关,关,关,32°C,0%,0,0分钟
20211101141417,关,关,关,32°C,0%,0,0分钟
20211101141421,关,关,关,32°C,0%,0,0分钟
20211101141425,关,关,关,32°C,0%,0,0分钟
20211101141429,关,关,关,32°C,0%,0,0分钟
20211101141434,关,关,关,32°C,0%,0,0分钟
20211101141438,关,关,关,32°C,0%,0,0分钟
20211101141442,关,关,关,32°C,0%,0,0分钟
20211101141446,关,关,关,32°C,0%,0,0分钟
20211101141450,关,关,关,32°C,0%,0,0分钟
20211101141455,关,关,关,32°C,0%,0,0分钟
20211101141500,关,关,关,32°C,0%,0,0分钟
20211101141505,关,关,关,32°C,0%,0,0分钟
20211101141510,关,关,关,32°C,0%,0,0分钟
20211101141515,关,关,关,32°C,0%,0,0分钟
20211101155204,关,关,关,32°C,0%,0,0分钟
20211101155228,开,开,关,31°C,0%,0,26分钟
20211101155234,开,开,关,32°C,0%,0,25分钟
20211101155240,开,开,关,31°C,0%,0,26分钟
20211101155247,开,开,关,32°C,0%,0,25分钟
20211101155259,开,开,关,31°C,0%,0,26分钟
20211101155331,开,开,关,32°C,0%,0,25分钟
20211101155353,开,开,关,32°C,0%,0,24分钟
20211101155359,开,开,关,33°C,0%,0,24分钟
20211101155442,开,开,关,33°C,0%,0,23分钟
20211101155524,开,开,关,34°C,0%,0,22分钟
20211101155548,开,开,关,34°C,0%,0,21分钟
20211101155605,开,开,关,35°C,0%,0,21分钟
20211101155705,开,开,关,35°C,0%,0,20分钟
20211101155713,开,开,关,35°C,0%,0,19分钟
20211101155802,开,开,关,36°C,0%,0,19分钟
20211101155828,开,开,关,37°C,0%,0,18分钟
20211101155902,开,开,关,37°C,0%,0,17分钟
20211101155904,开,开,关,38°C,0%,0,17分钟
20211101155908,开,开,关,38°C,0%,0,16分钟
20211101155912,开,开,关,37°C,0%,0,18分钟
20211101155914,开,开,关,37°C,0%,33,18分钟
20211101155916,开,开,关,38°C,0%,47,17分钟
20211101155918,开,开,关,38°C,0%,47,16分钟
20211101155928,开,开,关,38°C,0%,48,16分钟
20211101155934,开,开,关,38°C,0%,50,16分钟
20211101155936,开,开,关,38°C,0%,48,16分钟
20211101155943,开,开,关,38°C,0%,50,16分钟
20211101155945,开,开,关,38°C,0%,51,16分钟
20211101155953,开,开,关,38°C,0%,50,16分钟
20211101155955,开,开,关,38°C,0%,51,16分钟
20211101155957,开,开,关,38°C,0%,50,16分钟
20211101155959,开,开,关,38°C,0%,51,16分钟
20211101160003,开,开,关,38°C,0%,50,16分钟
20211101160007,开,开,关,38°C,0%,51,16分钟
20211101160011,开,开,关,38°C,0%,50,16分钟
20211101160013,开,开,关,38°C,0%,48,16分钟
20211101160015,开,开,关,38°C,0%,37,16分钟
20211101160017,开,开,关,38°C,0%,23,16分钟
20211101160022,开,开,关,38°C,0%,23,15分钟
20211101160023,开,开,关,38°C,0%,37,15分钟
20211101160025,开,开,关,38°C,0%,41,15分钟
20211101160031,开,开,关,38°C,0%,40,15分钟
20211101160033,开,开,关,38°C,0%,41,15分钟
20211101160039,开,开,关,38°C,0%,40,15分钟
20211101160045,开,开,关,38°C,0%,40,15分钟
20211101160051,开,开,关,38°C,0%,41,15分钟
20211101160055,开,开,关,39°C,0%,40,15分钟
20211101160101,开,开,关,39°C,0%,41,15分钟
20211101160103,开,开,关,39°C,0%,35,15分钟
20211101160107,开,开,关,39°C,0%,28,15分钟
20211101160109,开,开,关,39°C,0%,27,15分钟
20211101160115,开,开,关,38°C,0%,28,17分钟
20211101160132,开,开,关,39°C,0%,28,15分钟
20211101160134,开,开,关,39°C,0%,30,15分钟
20211101160140,开,开,关,39°C,0%,28,15分钟
20211101160142,开,开,关,39°C,0%,27,15分钟
20211101160152,开,开,关,39°C,0%,28,15分钟
20211101160156,开,开,关,39°C,0%,28,14分钟
20211101160158,开,开,关,39°C,0%,27,14分钟
20211101160200,开,开,关,39°C,0%,28,14分钟
20211101160202,开,开,关,39°C,0%,27,14分钟
20211101160206,开,开,关,39°C,0%,28,14分钟
20211101160208,开,开,关,39°C,0%,27,14分钟
20211101160212,开,开,关,39°C,0%,28,14分钟
20211101160214,开,开,关,39°C,0%,27,14分钟
20211101160216,开,开,关,39°C,0%,28,14分钟
20211101160218,开,开,关,39°C,0%,27,14分钟
20211101160220,开,开,关,39°C,0%,28,14分钟
20211101160222,开,开,关,39°C,0%,27,14分钟
20211101160224,开,开,关,39°C,0%,28,14分钟
20211101160226,开,开,关,39°C,0%,30,14分钟
20211101160228,开,开,关,39°C,0%,28,14分钟
20211101160230,开,开,关,39°C,0%,27,14分钟
20211101160243,开,开,关,39°C,0%,27,14分钟
20211101160252,开,开,关,39°C,0%,28,14分钟
20211101160305,开,开,关,39°C,0%,28,13分钟
20211101160307,开,开,关,38°C,0%,28,17分钟
20211101160317,开,开,关,38°C,0%,28,16分钟
20211101160323,开,开,关,39°C,0%,28,15分钟
20211101160325,开,开,关,39°C,0%,26,15分钟
20211101160327,开,开,关,39°C,0%,25,15分钟
20211101160329,开,开,关,39°C,0%,26,15分钟
20211101160331,开,开,关,38°C,0%,28,17分钟
20211101160341,开,开,关,38°C,0%,28,16分钟
20211101160343,开,开,关,39°C,0%,28,15分钟
20211101160345,开,开,关,39°C,0%,30,15分钟
20211101160347,开,开,关,39°C,0%,28,15分钟
20211101160349,开,开,关,38°C,0%,30,17分钟
20211101160351,开,开,关,38°C,0%,27,16分钟
20211101160353,开,开,关,38°C,0%,28,16分钟
20211101160355,开,开,关,38°C,0%,30,16分钟
20211101160401,开,开,关,38°C,0%,28,16分钟
20211101160403,开,开,关,38°C,0%,30,16分钟
20211101160405,开,开,关,38°C,0%,28,16分钟
20211101160417,开,开,关,39°C,0%,28,15分钟
20211101160419,开,开,关,38°C,0%,30,17分钟
20211101160425,开,开,关,38°C,0%,28,16分钟
20211101160427,开,开,关,38°C,0%,30,16分钟
20211101160431,开,开,关,38°C,0%,28,16分钟
20211101160433,开,开,关,38°C,0%,30,16分钟
20211101160435,开,开,关,38°C,0%,28,16分钟
20211101160439,开,开,关,38°C,0%,30,16分钟
20211101160504,开,开,关,38°C,0%,28,16分钟
20211101160508,开,开,关,38°C,0%,30,16分钟
20211101160514,开,开,关,38°C,0%,28,16分钟
20211101160516,开,开,关,38°C,0%,30,16分钟
20211101160520,开,开,关,38°C,0%,28,16分钟
20211101160536,开,开,关,38°C,0%,28,15分钟
20211101160558,开,开,关,37°C,0%,28,18分钟
20211101160602,开,开,关,37°C,0%,30,18分钟
20211101160604,开,开,关,37°C,0%,27,17分钟
20211101160606,开,开,关,37°C,0%,28,17分钟
20211101160608,开,开,关,37°C,0%,30,17分钟
20211101160610,开,开,关,37°C,0%,28,17分钟
20211101160612,开,开,关,37°C,0%,30,17分钟
20211101160616,开,开,关,37°C,0%,28,17分钟
20211101160618,开,开,关,37°C,0%,30,17分钟
20211101160624,开,开,关,37°C,0%,28,17分钟
20211101160626,开,开,关,36°C,0%,28,19分钟
20211101160630,开,开,关,36°C,0%,30,19分钟
20211101160635,开,开,关,37°C,0%,28,18分钟
20211101160637,开,开,关,37°C,0%,30,18分钟
20211101160647,开,开,关,36°C,0%,28,19分钟
20211101160649,开,开,关,36°C,0%,30,19分钟
20211101160651,开,开,关,36°C,0%,28,19分钟
20211101160653,开,开,关,36°C,0%,30,19分钟
20211101160701,开,开,关,36°C,0%,28,19分钟
20211101160717,开,开,关,35°C,0%,28,21分钟
20211101160727,开,开,关,35°C,0%,28,20分钟
20211101160729,开,开,关,35°C,0%,30,20分钟
20211101160731,开,开,关,35°C,0%,28,20分钟
20211101160733,开,开,关,35°C,0%,11,20分钟
20211101160743,开,开,关,35°C,0%,0,20分钟
20211101160926,开,开,关,34°C,0%,0,21分钟
20211101160951,开,开,关,34°C,0%,0,20分钟
20211101160957,开,开,关,35°C,0%,0,21分钟
20211101161003,开,开,关,34°C,0%,0,22分钟
20211101161019,开,开,关,35°C,0%,0,21分钟
20211101161112,开,开,关,35°C,0%,0,20分钟
20211101161146,开,开,关,36°C,0%,0,19分钟
20211101161212,开,开,关,37°C,0%,0,18分钟
20211101161258,开,开,关,37°C,0%,0,17分钟
20211101161300,开,开,关,38°C,0%,0,17分钟
20211101161341,开,开,关,38°C,0%,0,16分钟
20211101161417,开,开,关,39°C,0%,0,15分钟
20211101161441,开,开,关,39°C,0%,0,14分钟
20211101161453,开,开,关,40°C,0%,0,14分钟
20211101161530,开,开,关,40°C,0%,0,13分钟
20211101161616,开,开,关,41°C,0%,0,12分钟
20211101161636,开,开,关,41°C,0%,0,11分钟
20211101161659,开,开,关,42°C,0%,0,11分钟
20211101161755,开,开,关,42°C,0%,0,10分钟
20211101161844,开,开,关,43°C,0%,0,9分钟
20211101161850,开,开,关,44°C,25%,0,8分钟
20211101161856,开,开,关,43°C,25%,0,9分钟
20211101161928,开,开,关,44°C,25%,0,8分钟
20211101162002,开,开,关,44°C,25%,0,7分钟
20211101162009,开,开,关,45°C,25%,0,7分钟
20211101162045,开,开,关,45°C,25%,0,6分钟
20211101162127,开,开,关,46°C,25%,0,5分钟
20211101162158,开,开,关,46°C,25%,0,4分钟
20211101162214,开,开,关,47°C,25%,0,4分钟
20211101162314,开,开,关,47°C,25%,0,3分钟
20211101162316,开,开,关,47°C,25%,0,2分钟
20211101162405,开,开,关,48°C,25%,0,2分钟
20211101162431,开,开,关,49°C,25%,0,1分钟
20211101162441,开,开,关,49°C,25%,0,0分钟
20211101162443,开,关,开,50°C,100%,0,0分钟
20211101163802,开,关,开,50°C,50%,0,0分钟
20211101170759,关,关,关,50°C,50%,0,0分钟
20211101170811,关,关,关,50°C,50%,0,0分钟
20211101170817,关,关,关,49°C,50%,0,0分钟
20211101170936,关,关,关,50°C,50%,0,0分钟
20211101170942,关,关,关,49°C,50%,0,0分钟
20211101170954,关,关,关,50°C,50%,0,0分钟
20211101171002,关,关,关,49°C,50%,0,0分钟
20211101171006,关,关,关,50°C,50%,0,0分钟
20211101171012,关,关,关,49°C,50%,0,0分钟
20211101171024,关,关,关,50°C,50%,0,0分钟
20211101171030,关,关,关,49°C,50%,0,0分钟
20211101171055,关,关,关,50°C,50%,0,0分钟
20211101171101,关,关,关,49°C,50%,0,0分钟
20211101171107,关,关,关,50°C,50%,0,0分钟
20211101171137,关,关,关,49°C,50%,0,0分钟
20211101171143,关,关,关,50°C,50%,0,0分钟
20211101171149,关,关,关,49°C,50%,0,0分钟
20211101171155,关,关,关,50°C,50%,0,0分钟
20211101171207,关,关,关,49°C,50%,0,0分钟
20211101171213,关,关,关,50°C,50%,0,0分钟
20211101171258,关,关,关,49°C,50%,0,0分钟
20211101171302,关,关,关,50°C,50%,0,0分钟
20211101171332,关,关,关,49°C,50%,0,0分钟
20211101171338,关,关,关,50°C,50%,0,0分钟
20211101172503,关,关,关,49°C,50%,0,0分钟
20211101172505,关,关,关,49°C,50%,51,0分钟
20211101172512,关,关,关,49°C,50%,50,0分钟
20211101172515,关,关,关,49°C,50%,51,0分钟
20211101172519,关,关,关,49°C,50%,50,0分钟
20211101172521,关,关,关,49°C,50%,51,0分钟
20211101172523,关,关,关,49°C,50%,50,0分钟
20211101172529,关,关,关,49°C,50%,51,0分钟
20211101172531,关,关,关,49°C,50%,50,0分钟
20211101172533,关,关,关,49°C,50%,51,0分钟
20211101172535,关,关,关,49°C,50%,50,0分钟
20211101172537,关,关,关,49°C,50%,20,0分钟
20211101172545,关,关,关,49°C,50%,25,0分钟
20211101172547,关,关,关,49°C,50%,26,0分钟
20211101172551,关,关,关,49°C,50%,25,0分钟
20211101172553,关,关,关,49°C,50%,26,0分钟
20211101172559,关,关,关,49°C,50%,25,0分钟
20211101172601,关,关,关,49°C,50%,26,0分钟
20211101172607,关,关,关,49°C,50%,25,0分钟
20211101172609,关,关,关,49°C,50%,26,0分钟
20211101172611,关,关,关,49°C,50%,25,0分钟
20211101172613,关,关,关,49°C,50%,26,0分钟
20211101172615,关,关,关,49°C,50%,25,0分钟
20211101172617,关,关,关,49°C,50%,26,0分钟
20211101172622,关,关,关,49°C,50%,25,0分钟
20211101172628,关,关,关,49°C,50%,26,0分钟
20211101172630,关,关,关,49°C,50%,25,0分钟
20211101172632,关,关,关,49°C,50%,26,0分钟
20211101172640,关,关,关,49°C,50%,25,0分钟
20211101172642,关,关,关,49°C,50%,26,0分钟
20211101172652,关,关,关,49°C,50%,25,0分钟
20211101172654,关,关,关,49°C,50%,26,0分钟
20211101172702,关,关,关,49°C,50%,25,0分钟
20211101172704,关,关,关,49°C,50%,26,0分钟
20211101172706,关,关,关,49°C,50%,25,0分钟
20211101172708,关,关,关,49°C,50%,26,0分钟
20211101172710,关,关,关,49°C,50%,25,0分钟
20211101172712,关,关,关,49°C,50%,26,0分钟
20211101172738,关,关,关,49°C,50%,20,0分钟
20211101172740,关,关,关,49°C,50%,21,0分钟
20211101172742,关,关,关,49°C,50%,18,0分钟
20211101172746,关,关,关,49°C,50%,20,0分钟
20211101172750,关,关,关,49°C,50%,21,0分钟
20211101172807,关,关,关,49°C,50%,20,0分钟
20211101172811,关,关,关,49°C,50%,21,0分钟
20211101172819,关,关,关,49°C,50%,20,0分钟
20211101172821,关,关,关,49°C,50%,18,0分钟
20211101172823,关,关,关,49°C,50%,20,0分钟
20211101172825,关,关,关,49°C,50%,18,0分钟
20211101172829,关,关,关,49°C,50%,20,0分钟
20211101172831,关,关,关,48°C,50%,20,0分钟
20211101172833,关,关,关,48°C,50%,18,0分钟
20211101172837,关,关,关,48°C,50%,20,0分钟
20211101172839,关,关,关,48°C,50%,21,0分钟
20211101172915,关,关,关,48°C,50%,20,0分钟
20211101172917,关,关,关,48°C,50%,21,0分钟
20211101172946,关,关,关,48°C,50%,20,0分钟
20211101172948,关,关,关,48°C,50%,18,0分钟
20211101172954,关,关,关,48°C,50%,21,0分钟
20211101172958,关,关,关,48°C,50%,20,0分钟
20211101173000,关,关,关,48°C,50%,21,0分钟
20211101173002,关,关,关,48°C,50%,20,0分钟
20211101173004,关,关,关,48°C,50%,18,0分钟
20211101173006,关,关,关,48°C,50%,20,0分钟
20211101173008,关,关,关,48°C,50%,15,0分钟
20211101173010,关,关,关,48°C,50%,16,0分钟
20211101173014,关,关,关,48°C,50%,20,0分钟
20211101173016,关,关,关,48°C,50%,21,0分钟
20211101173020,关,关,关,48°C,50%,20,0分钟
20211101173022,关,关,关,48°C,50%,21,0分钟
20211101173024,关,关,关,48°C,50%,20,0分钟
20211101173026,关,关,关,48°C,50%,21,0分钟
20211101173028,关,关,关,48°C,50%,20,0分钟
20211101173030,关,关,关,48°C,50%,21,0分钟
20211101173036,关,关,关,48°C,50%,20,0分钟
20211101173038,关,关,关,47°C,50%,21,0分钟
20211101173048,关,关,关,47°C,50%,20,0分钟
20211101173050,关,关,关,47°C,50%,21,0分钟
20211101173058,关,关,关,47°C,50%,20,0分钟
20211101173107,关,关,关,47°C,50%,21,0分钟
20211101173116,关,关,关,47°C,50%,20,0分钟
20211101173118,关,关,关,47°C,50%,21,0分钟
20211101173120,关,关,关,47°C,50%,20,0分钟
20211101173122,关,关,关,47°C,50%,21,0分钟
20211101173126,关,关,关,47°C,50%,20,0分钟
20211101173129,关,关,关,47°C,50%,21,0分钟
20211101173209,关,关,关,47°C,50%,20,0分钟
20211101173219,关,关,关,47°C,50%,17,0分钟
20211101173221,关,关,关,47°C,50%,20,0分钟
20211101173231,关,关,关,47°C,50%,0,0分钟
20211101173658,关,关,关,46°C,50%,0,0分钟
20211101173704,关,关,关,45°C,50%,0,0分钟
20211101173710,关,关,关,46°C,50%,0,0分钟
20211101173722,关,关,关,45°C,50%,0,0分钟
20211101173728,关,关,关,46°C,50%,0,0分钟
20211101174943,关,关,关,45°C,50%,0,0分钟
20211101174951,关,关,关,45°C,25%,0,0分钟
20211101180706,关,关,关,44°C,25%,0,0分钟
20211101181749,关,关,关,44°C,25%,0,0分钟
20211101181801,关,关,关,43°C,25%,0,0分钟
20211101181826,关,关,关,44°C,25%,0,0分钟
20211101181832,关,关,关,43°C,25%,0,0分钟
20211101181838,关,关,关,44°C,25%,0,0分钟
20211101182353,关,关,关,43°C,25%,0,0分钟
20211101182357,开,开,关,43°C,25%,0,9分钟
20211101182506,关,关,关,43°C,25%,0,0分钟
20211101182550,开,开,关,43°C,25%,0,8分钟
20211101182650,开,开,关,43°C,25%,0,7分钟
20211101182652,开,开,关,43°C,25%,0,6分钟
20211101182654,开,开,关,43°C,25%,15,6分钟
20211101182657,开,开,关,43°C,25%,32,6分钟
20211101182711,开,开,关,43°C,25%,35,6分钟
20211101182713,开,开,关,43°C,25%,35,11分钟
20211101182715,开,开,关,42°C,25%,35,11分钟
20211101182717,开,开,关,42°C,25%,33,11分钟
20211101182725,开,开,关,42°C,25%,40,9分钟
20211101182727,开,开,关,43°C,25%,37,9分钟
20211101182729,开,开,关,43°C,25%,38,9分钟
20211101182731,开,开,关,43°C,25%,38,11分钟
20211101182741,开,开,关,42°C,25%,37,11分钟
20211101182743,开,开,关,42°C,25%,18,11分钟
20211101182754,开,开,关,42°C,25%,0,11分钟
20211101182757,开,开,关,42°C,25%,0,10分钟
20211101182759,开,开,关,42°C,25%,43,10分钟
20211101182801,开,开,关,42°C,25%,33,10分钟
20211101182811,开,开,关,42°C,25%,42,10分钟
20211101182821,开,开,关,42°C,25%,43,10分钟
20211101182823,开,开,关,42°C,25%,42,10分钟
20211101182825,开,开,关,42°C,25%,43,10分钟
20211101182827,开,开,关,42°C,25%,42,10分钟
20211101182829,开,开,关,42°C,25%,45,10分钟
20211101182831,开,开,关,42°C,25%,40,10分钟
20211101182838,开,开,关,42°C,25%,38,10分钟
20211101182839,开,开,关,42°C,25%,40,10分钟
20211101182845,开,开,关,42°C,25%,38,10分钟
20211101182850,开,开,关,42°C,25%,40,10分钟
20211101182854,开,开,关,42°C,25%,38,10分钟
20211101182858,开,开,关,42°C,25%,38,9分钟
20211101182900,开,开,关,42°C,25%,31,9分钟
20211101182902,开,开,关,42°C,25%,23,9分钟
20211101182904,开,开,关,42°C,25%,22,9分钟
20211101182906,开,开,关,42°C,25%,23,9分钟
20211101182908,开,开,关,42°C,25%,22,9分钟
20211101182910,开,开,关,42°C,25%,23,9分钟
20211101182914,开,开,关,42°C,25%,22,9分钟
20211101182916,开,开,关,42°C,25%,23,9分钟
20211101182918,开,开,关,42°C,25%,22,9分钟
20211101182920,开,开,关,42°C,25%,23,9分钟
20211101182922,开,开,关,42°C,25%,22,9分钟
20211101182924,开,开,关,42°C,25%,20,9分钟
20211101182932,开,开,关,42°C,25%,22,9分钟
20211101182938,开,开,关,42°C,25%,35,9分钟
20211101182940,开,开,关,42°C,25%,33,9分钟
20211101182942,开,开,关,42°C,25%,35,9分钟
20211101182944,开,开,关,42°C,25%,33,9分钟
20211101182946,开,开,关,42°C,25%,35,9分钟
20211101182948,开,开,关,42°C,25%,25,9分钟
20211101182950,开,开,关,42°C,25%,23,9分钟
20211101182952,开,开,关,42°C,25%,25,9分钟
20211101182956,开,开,关,42°C,25%,25,8分钟
20211101182958,开,开,关,42°C,25%,26,8分钟
20211101183002,开,开,关,42°C,25%,23,8分钟
20211101183004,开,开,关,42°C,25%,26,8分钟
20211101183010,开,开,关,42°C,25%,25,8分钟
20211101183012,开,开,关,42°C,25%,26,8分钟
20211101183016,开,开,关,42°C,25%,25,8分钟
20211101183018,开,开,关,42°C,25%,26,8分钟
20211101183020,开,开,关,42°C,25%,25,12分钟
20211101183022,开,开,关,41°C,25%,26,12分钟
20211101183025,开,开,关,41°C,25%,25,12分钟
20211101183027,开,开,关,41°C,25%,26,12分钟
20211101183033,开,开,关,41°C,25%,25,12分钟
20211101183035,开,开,关,41°C,25%,26,12分钟
20211101183053,开,开,关,41°C,25%,25,12分钟
20211101183055,开,开,关,41°C,25%,26,12分钟
20211101183105,开,开,关,41°C,25%,25,12分钟
20211101183115,开,开,关,41°C,25%,25,11分钟
20211101183117,开,开,关,41°C,25%,26,11分钟
20211101183127,开,开,关,41°C,25%,25,11分钟
20211101183129,开,开,关,41°C,25%,26,11分钟
20211101183131,开,开,关,41°C,25%,25,11分钟
20211101183133,开,开,关,41°C,25%,26,11分钟
20211101183137,开,开,关,41°C,25%,25,11分钟
20211101183141,开,开,关,41°C,25%,26,11分钟
20211101183145,开,开,关,41°C,25%,25,11分钟
20211101183205,开,开,关,41°C,25%,0,11分钟
20211101183306,开,开,关,41°C,25%,0,10分钟
20211101183308,开,开,关,41°C,25%,0,9分钟
20211101183310,开,开,关,41°C,25%,0,14分钟
20211101183320,开,开,关,40°C,25%,0,14分钟
20211101183421,开,开,关,40°C,25%,0,13分钟
20211101183453,开,开,关,40°C,25%,0,12分钟
20211101183537,开,开,关,41°C,25%,0,12分钟
20211101183612,开,开,关,41°C,25%,0,11分钟
20211101183616,开,开,关,42°C,25%,0,11分钟
20211101183618,开,开,关,42°C,25%,0,12分钟
20211101183628,开,开,关,41°C,25%,0,12分钟
20211101183630,开,开,关,41°C,25%,0,11分钟
20211101183650,开,开,关,42°C,25%,0,11分钟
20211101183735,开,开,关,42°C,25%,0,10分钟
20211101183737,开,开,关,42°C,25%,0,9分钟
20211101183817,开,开,关,43°C,25%,0,9分钟
20211101183819,开,开,关,43°C,25%,0,8分钟
20211101183849,开,开,关,44°C,25%,0,8分钟
20211101183914,开,开,关,44°C,25%,0,7分钟
20211101183918,开,开,关,45°C,25%,0,7分钟
20211101184004,开,开,关,45°C,25%,0,5分钟
20211101184042,开,开,关,46°C,25%,0,5分钟
20211101184109,开,开,关,46°C,25%,0,4分钟
20211101184123,开,开,关,47°C,25%,0,4分钟
20211101184219,开,开,关,47°C,25%,0,3分钟
20211101184225,开,开,关,47°C,25%,0,2分钟
20211101184256,开,开,关,48°C,25%,0,2分钟
20211101184258,开,开,关,48°C,25%,0,1分钟
20211101184322,开,开,关,49°C,25%,0,1分钟
20211101184350,开,开,关,49°C,25%,0,0分钟
20211101184352,开,关,开,50°C,100%,0,0分钟
20211101184749,开,关,开,50°C,50%,0,0分钟
20211101184811,开,关,开,51°C,50%,0,0分钟
20211101184829,开,关,开,50°C,50%,0,0分钟
20211101184847,开,关,开,51°C,50%,0,0分钟
20211101184857,开,关,开,50°C,50%,0,0分钟
20211101184923,开,关,开,51°C,50%,0,0分钟
20211101184936,开,关,开,50°C,50%,0,0分钟
20211101185000,开,关,开,51°C,50%,0,0分钟
20211101185024,开,关,开,50°C,50%,0,0分钟
20211101185030,开,关,开,51°C,50%,0,0分钟
20211101185100,开,关,开,50°C,50%,0,0分钟
20211101185113,开,关,开,51°C,50%,0,0分钟
20211101185219,开,关,开,50°C,50%,0,0分钟
20211101185225,开,关,开,51°C,50%,0,0分钟
20211101185748,开,关,开,50°C,50%,0,0分钟
20211101202800,关,关,关,50°C,50%,0,0分钟
20211101202931,关,关,关,50°C,50%,0,0分钟
20211101202937,关,关,关,49°C,50%,0,0分钟
20211101203056,关,关,关,49°C,50%,0,0分钟
20211101203144,关,关,关,50°C,50%,0,0分钟
20211101203150,关,关,关,49°C,50%,0,0分钟
20211101203156,关,关,关,50°C,50%,0,0分钟
20211101203203,关,关,关,49°C,50%,0,0分钟
20211101203209,关,关,关,50°C,50%,0,0分钟
20211101203215,关,关,关,49°C,50%,0,0分钟
20211101203239,关,关,关,50°C,50%,0,0分钟
20211101203257,关,关,关,49°C,50%,0,0分钟
20211101203303,关,关,关,50°C,50%,0,0分钟
20211101203315,关,关,关,49°C,50%,0,0分钟
20211101203323,关,关,关,50°C,50%,0,0分钟
20211101203346,关,关,关,49°C,50%,0,0分钟
20211101203352,关,关,关,50°C,50%,0,0分钟
20211101203416,关,关,关,49°C,50%,0,0分钟
20211101203422,关,关,关,50°C,50%,0,0分钟
20211101220132,关,关,关,49°C,50%,0,0分钟
20211101220150,关,关,关,49°C,50%,0,0分钟
20211101220202,关,关,关,48°C,50%,0,0分钟
20211101220214,关,关,关,49°C,50%,0,0分钟
20211101220210,关,关,关,48°C,50%,0,0分钟
20211101220239,关,关,关,49°C,50%,0,0分钟
20211101220303,关,关,关,48°C,50%,0,0分钟
20211101220317,关,关,关,49°C,50%,0,0分钟
20211101220321,关,关,关,48°C,50%,0,0分钟
20211101220327,关,关,关,49°C,50%,0,0分钟
20211101220345,关,关,关,48°C,50%,0,0分钟
20211101220351,关,关,关,49°C,50%,0,0分钟
20211101220357,关,关,关,48°C,50%,0,0分钟
20211101220403,关,关,关,49°C,50%,0,0分钟
20211101220410,关,关,关,48°C,50%,0,0分钟
20211101220416,关,关,关,49°C,50%,0,0分钟
20211101220428,关,关,关,48°C,50%,0,0分钟
20211101220440,关,关,关,49°C,50%,0,0分钟
20211101220452,关,关,关,48°C,50%,0,0分钟
20211101220458,关,关,关,49°C,50%,0,0分钟
20211101220504,关,关,关,48°C,50%,0,0分钟
20211101220510,关,关,关,49°C,50%,0,0分钟
20211101220552,关,关,关,48°C,50%,0,0分钟
20211101220558,关,关,关,49°C,50%,0,0分钟
20211101221110,关,关,关,48°C,50%,0,0分钟
20211101221112,关,关,关,48°C,50%,8,0分钟
20211101222600,关,关,关,48°C,50%,0,0分钟
20211101222608,关,关,关,48°C,50%,48,0分钟
20211101222610,关,关,关,48°C,50%,50,0分钟
20211101222612,关,关,关,48°C,50%,48,0分钟
20211101222616,关,关,关,48°C,50%,50,0分钟
20211101222618,关,关,关,48°C,50%,48,0分钟
20211101222620,关,关,关,48°C,50%,50,0分钟
20211101222624,关,关,关,48°C,50%,48,0分钟
20211101222626,关,关,关,48°C,50%,50,0分钟
20211101222628,关,关,关,48°C,50%,48,0分钟
20211101222630,关,关,关,48°C,50%,50,0分钟
20211101222638,关,关,关,48°C,50%,48,0分钟
20211101222643,关,关,关,48°C,50%,50,0分钟
20211101222648,关,关,关,48°C,50%,51,0分钟
20211101222649,关,关,关,48°C,50%,48,0分钟
20211101222651,关,关,关,48°C,50%,47,0分钟
20211101222653,关,关,关,48°C,50%,33,0分钟
20211101222707,关,关,关,48°C,50%,28,0分钟
20211101222709,关,关,关,48°C,50%,27,0分钟
20211101222715,关,关,关,48°C,50%,28,0分钟
20211101222727,关,关,关,48°C,50%,27,0分钟
20211101222731,关,关,关,48°C,50%,28,0分钟
20211101222735,关,关,关,48°C,50%,27,0分钟
20211101222743,关,关,关,48°C,50%,28,0分钟
20211101222747,关,关,关,48°C,50%,27,0分钟
20211101222749,关,关,关,48°C,50%,30,0分钟
20211101222801,关,关,关,48°C,50%,28,0分钟
20211101222803,关,关,关,48°C,50%,27,0分钟
20211101222811,关,关,关,48°C,50%,28,0分钟
20211101222813,关,关,关,48°C,50%,27,0分钟
20211101222815,关,关,关,48°C,50%,23,0分钟
20211101222819,关,关,关,48°C,50%,25,0分钟
20211101222822,关,关,关,48°C,50%,26,0分钟
20211101222823,关,关,关,48°C,50%,25,0分钟
20211101222830,关,关,关,48°C,50%,26,0分钟
20211101222832,关,关,关,48°C,50%,27,0分钟
20211101222834,关,关,关,48°C,50%,26,0分钟
20211101222836,关,关,关,48°C,50%,21,0分钟
20211101222838,关,关,关,48°C,50%,23,0分钟
20211101222840,关,关,关,48°C,50%,22,0分钟
20211101222844,关,关,关,48°C,50%,27,0分钟
20211101222846,关,关,关,48°C,50%,26,0分钟
20211101222848,关,关,关,48°C,50%,27,0分钟
20211101222858,关,关,关,47°C,50%,27,0分钟
20211101222900,关,关,关,47°C,50%,28,0分钟
20211101222904,关,关,关,47°C,50%,27,0分钟
20211101222909,关,关,关,47°C,50%,31,0分钟
20211101222910,关,关,关,47°C,50%,30,0分钟
20211101222912,关,关,关,47°C,50%,31,0分钟
20211101222914,关,关,关,47°C,50%,30,0分钟
20211101222916,关,关,关,47°C,50%,31,0分钟
20211101222930,关,关,关,47°C,50%,30,0分钟
20211101222934,关,关,关,47°C,50%,31,0分钟
20211101222944,关,关,关,47°C,50%,30,0分钟
20211101222946,关,关,关,47°C,50%,28,0分钟
20211101222952,关,关,关,47°C,50%,30,0分钟
20211101222954,关,关,关,47°C,50%,28,0分钟
20211101222956,关,关,关,47°C,50%,31,0分钟
20211101223003,关,关,关,47°C,50%,30,0分钟
20211101223004,关,关,关,47°C,50%,26,0分钟
20211101223010,关,关,关,47°C,50%,25,0分钟
20211101223015,关,关,关,47°C,50%,31,0分钟
20211101223029,关,关,关,47°C,50%,30,0分钟
20211101223031,关,关,关,47°C,50%,31,0分钟
20211101223037,关,关,关,47°C,50%,30,0分钟
20211101223039,关,关,关,47°C,50%,23,0分钟
20211101223041,关,关,关,47°C,50%,26,0分钟
20211101223045,关,关,关,47°C,50%,25,0分钟
20211101223047,关,关,关,47°C,50%,26,0分钟
20211101223051,关,关,关,47°C,50%,25,0分钟
20211101223053,关,关,关,47°C,50%,26,0分钟
20211101223055,关,关,关,47°C,50%,25,0分钟
20211101223057,关,关,关,47°C,50%,26,0分钟
20211101223103,关,关,关,47°C,50%,25,0分钟
20211101223107,关,关,关,47°C,50%,31,0分钟
20211101223113,关,关,关,47°C,50%,30,0分钟
20211101223117,关,关,关,47°C,50%,31,0分钟
20211101223121,关,关,关,47°C,50%,30,0分钟
20211101223125,关,关,关,47°C,50%,31,0分钟
20211101223130,关,关,关,47°C,50%,30,0分钟
20211101223133,关,关,关,47°C,50%,31,0分钟
20211101223139,关,关,关,47°C,50%,30,0分钟
20211101223141,关,关,关,47°C,50%,26,0分钟
20211101223143,关,关,关,47°C,50%,25,0分钟
20211101223145,关,关,关,46°C,50%,25,0分钟
20211101223150,关,关,关,46°C,50%,26,0分钟
20211101223156,关,关,关,46°C,50%,25,0分钟
20211101223200,关,关,关,46°C,50%,26,0分钟
20211101223202,关,关,关,46°C,50%,25,0分钟
20211101223204,关,关,关,46°C,50%,26,0分钟
20211101223206,关,关,关,46°C,50%,25,0分钟
20211101223210,关,关,关,46°C,50%,26,0分钟
20211101223214,关,关,关,46°C,50%,25,0分钟
20211101223220,关,关,关,46°C,50%,26,0分钟
20211101223222,关,关,关,46°C,50%,31,0分钟
20211101223224,关,关,关,46°C,50%,30,0分钟
20211101223226,关,关,关,46°C,50%,27,0分钟
20211101223228,关,关,关,46°C,50%,28,0分钟
20211101223232,关,关,关,46°C,50%,27,0分钟
20211101223236,关,关,关,46°C,50%,23,0分钟
20211101223238,关,关,关,46°C,50%,25,0分钟
20211101223240,关,关,关,46°C,50%,27,0分钟
20211101223244,关,关,关,46°C,50%,30,0分钟
20211101223248,关,关,关,46°C,50%,31,0分钟
20211101223252,关,关,关,46°C,50%,30,0分钟
20211101223254,关,关,关,46°C,50%,31,0分钟
20211101223256,关,关,关,46°C,50%,30,0分钟
20211101223258,关,关,关,46°C,50%,31,0分钟
20211101223302,关,关,关,46°C,50%,30,0分钟
20211101223304,关,关,关,46°C,50%,31,0分钟
20211101223306,关,关,关,46°C,50%,30,0分钟
20211101223308,关,关,关,46°C,50%,31,0分钟
20211101223316,关,关,关,46°C,50%,30,0分钟
20211101223318,关,关,关,46°C,50%,28,0分钟
20211101223320,关,关,关,46°C,50%,20,0分钟
20211101223326,关,关,关,46°C,50%,0,0分钟
20211101223503,关,关,关,45°C,25%,0,0分钟
20211101223517,关,关,关,44°C,25%,26,0分钟
20211101223519,关,关,关,44°C,25%,33,0分钟
20211101223521,关,关,关,44°C,25%,35,0分钟
20211101223523,关,关,关,44°C,25%,36,0分钟
20211101223526,关,关,关,44°C,25%,37,0分钟
20211101223536,关,关,关,44°C,25%,36,0分钟
20211101223538,关,关,关,44°C,25%,37,0分钟
20211101223540,关,关,关,44°C,25%,35,0分钟
20211101223542,关,关,关,44°C,25%,32,0分钟
20211101223544,关,关,关,44°C,25%,30,0分钟
20211101223548,关,关,关,44°C,25%,31,0分钟
20211101223550,关,关,关,44°C,25%,30,0分钟
20211101223558,关,关,关,44°C,25%,31,0分钟
20211101223604,关,关,关,43°C,25%,30,0分钟
20211101223610,关,关,关,43°C,25%,31,0分钟
20211101223614,关,关,关,43°C,25%,30,0分钟
20211101223616,关,关,关,43°C,25%,31,0分钟
20211101223618,关,关,关,42°C,25%,31,0分钟
20211101223624,关,关,关,42°C,25%,30,0分钟
20211101223628,关,关,关,42°C,25%,31,0分钟
20211101223630,关,关,关,42°C,25%,30,0分钟
20211101223640,关,关,关,42°C,25%,31,0分钟
20211101223642,关,关,关,41°C,25%,30,0分钟
20211101223644,关,关,关,41°C,25%,31,0分钟
20211101223646,关,关,关,41°C,25%,28,0分钟
20211101223648,关,关,关,41°C,25%,27,0分钟
20211101223702,关,关,关,41°C,25%,31,0分钟
20211101223704,关,关,关,41°C,25%,30,0分钟
20211101223717,关,关,关,40°C,25%,31,0分钟
20211101223719,关,关,关,39°C,25%,31,0分钟
20211101223721,关,关,关,39°C,25%,30,0分钟
20211101223727,关,关,关,39°C,25%,31,0分钟
20211101223729,关,关,关,39°C,25%,30,0分钟
20211101223738,关,关,关,38°C,25%,30,0分钟
20211101223739,关,关,关,38°C,25%,31,0分钟
20211101223743,关,关,关,38°C,25%,30,0分钟
20211101223745,关,关,关,38°C,25%,31,0分钟
20211101223747,关,关,关,38°C,25%,28,0分钟
20211101223751,关,关,关,38°C,25%,30,0分钟
20211101223753,关,关,关,38°C,25%,28,0分钟
20211101223755,关,关,关,37°C,25%,28,0分钟
20211101223757,关,关,关,37°C,25%,25,0分钟
20211101223811,关,关,关,37°C,25%,26,0分钟
20211101223831,关,关,关,36°C,25%,26,0分钟
20211101223835,关,关,关,35°C,25%,26,0分钟
20211101223845,关,关,关,35°C,25%,27,0分钟
20211101223847,关,关,关,35°C,25%,30,0分钟
20211101223851,关,关,关,35°C,25%,32,0分钟
20211101223854,关,关,关,35°C,25%,31,0分钟
20211101223900,关,关,关,34°C,25%,31,0分钟
20211101223904,关,关,关,34°C,25%,32,0分钟
20211101223906,关,关,关,34°C,25%,31,0分钟
20211101223908,关,关,关,34°C,25%,32,0分钟
20211101223918,关,关,关,34°C,25%,31,0分钟
20211101223920,关,关,关,34°C,25%,32,0分钟
20211101223924,关,关,关,34°C,25%,31,0分钟
20211101223928,关,关,关,33°C,25%,31,0分钟
20211101223930,关,关,关,33°C,25%,32,0分钟
20211101223938,关,关,关,33°C,25%,31,0分钟
20211101223940,关,关,关,33°C,25%,32,0分钟
20211101223946,关,关,关,33°C,25%,31,0分钟
20211101223948,关,关,关,33°C,25%,32,0分钟
20211101224000,关,关,关,32°C,25%,31,0分钟
20211101224004,关,关,关,32°C,25%,32,0分钟
20211101224006,关,关,关,32°C,25%,31,0分钟
20211101224008,关,关,关,32°C,25%,30,0分钟
20211101224012,关,关,关,32°C,25%,31,0分钟
20211101224014,关,关,关,32°C,25%,20,0分钟
20211101224018,关,关,关,32°C,25%,0,0分钟
20211101224213,关,关,关,31°C,25%,0,0分钟
20211101224221,关,关,关,30°C,25%,0,0分钟
20211101225125,关,关,关,30°C,0%,0,0分钟
20211101225131,关,关,关,31°C,0%,0,0分钟
20211101225145,关,关,关,30°C,0%,0,0分钟
20211101225149,关,关,关,31°C,0%,0,0分钟
20211101225155,关,关,关,30°C,0%,0,0分钟
20211101225207,关,关,关,31°C,0%,0,0分钟
20211101225219,关,关,关,30°C,0%,0,0分钟
20211101233154,关,关,关,31°C,0%,0,0分钟
20211101233337,关,关,关,31°C,0%,0,0分钟
20211101233437,关,关,关,32°C,0%,0,0分钟
20211101233501,关,关,关,31°C,0%,0,0分钟
20211101233507,关,关,关,32°C,0%,0,0分钟
20211101233538,关,关,关,31°C,0%,0,0分钟
20211101233632,关,关,关,32°C,0%,0,0分钟
20211101233638,关,关,关,31°C,0%,0,0分钟
20211102003521,关,关,关,32°C,0%,0,0分钟
20211102003604,关,关,关,32°C,0%,0,0分钟
20211102003625,关,关,关,33°C,0%,0,0分钟
20211102003646,关,关,关,32°C,0%,0,0分钟
20211102003652,关,关,关,33°C,0%,0,0分钟
20211102003658,关,关,关,32°C,0%,0,0分钟
20211102003805,关,关,关,33°C,0%,0,0分钟
20211102003811,关,关,关,32°C,0%,0,0分钟
20211102003847,关,关,关,33°C,0%,0,0分钟
20211102003901,关,关,关,32°C,0%,0,0分钟
20211102071714,关,关,关,33°C,0%,0,0分钟
20211102071726,关,关,关,33°C,0%,0,0分钟
20211102071732,关,关,关,32°C,0%,0,0分钟
20211102071845,关,关,关,33°C,0%,0,0分钟
20211102071851,关,关,关,32°C,0%,0,0分钟
20211102072010,关,关,关,33°C,0%,0,0分钟
20211102072016,关,关,关,32°C,0%,0,0分钟
20211102072116,关,关,关,33°C,0%,0,0分钟
20211102072122,关,关,关,32°C,0%,0,0分钟
20211102072217,关,关,关,33°C,0%,0,0分钟
20211102072223,关,关,关,32°C,0%,0,0分钟
20211102072247,关,关,关,33°C,0%,0,0分钟
20211102072259,关,关,关,32°C,0%,0,0分钟
20211102072311,关,关,关,33°C,0%,0,0分钟
20211102072317,关,关,关,32°C,0%,0,0分钟
20211102072329,关,关,关,33°C,0%,0,0分钟
20211102072342,关,关,关,32°C,0%,0,0分钟
20211102072354,关,关,关,33°C,0%,0,0分钟
20211102072406,关,关,关,32°C,0%,0,0分钟
20211102072820,关,关,关,33°C,0%,0,0分钟
20211102072826,关,关,关,32°C,0%,0,0分钟
20211102072832,关,关,关,33°C,0%,0,0分钟
20211102072838,关,关,关,32°C,0%,0,0分钟
20211102072844,关,关,关,33°C,0%,0,0分钟
20211102072850,关,关,关,32°C,0%,0,0分钟
20211102072856,关,关,关,33°C,0%,0,0分钟
20211102072903,关,关,关,32°C,0%,0,0分钟
20211102072909,关,关,关,33°C,0%,0,0分钟
20211102072915,关,关,关,32°C,0%,0,0分钟
20211102072945,关,关,关,33°C,0%,0,0分钟
20211102072951,关,关,关,32°C,0%,0,0分钟
20211102073058,关,关,关,33°C,0%,0,0分钟
20211102073104,关,关,关,32°C,0%,0,0分钟
20211102073110,关,关,关,33°C,0%,0,0分钟
20211102073116,关,关,关,32°C,0%,0,0分钟
20211102073122,关,关,关,33°C,0%,0,0分钟
20211102073128,关,关,关,32°C,0%,0,0分钟
20211102073216,关,关,关,33°C,0%,0,0分钟
20211102073229,关,关,关,32°C,0%,0,0分钟
20211102073305,关,关,关,33°C,0%,0,0分钟
20211102073311,关,关,关,32°C,0%,0,0分钟
20211102073329,关,关,关,33°C,0%,0,0分钟
20211102073335,关,关,关,32°C,0%,0,0分钟
20211102073353,关,关,关,33°C,0%,0,0分钟
20211102073359,关,关,关,32°C,0%,0,0分钟
20211102073436,关,关,关,33°C,0%,0,0分钟
20211102073442,关,关,关,32°C,0%,0,0分钟
20211102073512,关,关,关,33°C,0%,0,0分钟
20211102073518,关,关,关,32°C,0%,0,0分钟
20211102073619,关,关,关,33°C,0%,0,0分钟
20211102073625,关,关,关,32°C,0%,0,0分钟
20211102073631,关,关,关,33°C,0%,0,0分钟
20211102073643,关,关,关,32°C,0%,0,0分钟
20211102073649,关,关,关,33°C,0%,0,0分钟
20211102073701,关,关,关,32°C,0%,0,0分钟
20211102073713,关,关,关,33°C,0%,0,0分钟
20211102073719,关,关,关,32°C,0%,0,0分钟
20211102073731,关,关,关,33°C,0%,0,0分钟
20211102073743,关,关,关,32°C,0%,0,0分钟
20211102073756,关,关,关,33°C,0%,0,0分钟
20211102073802,关,关,关,32°C,0%,0,0分钟
20211102073826,关,关,关,33°C,0%,0,0分钟
20211102073832,关,关,关,32°C,0%,0,0分钟
20211102073844,关,关,关,33°C,0%,0,0分钟
20211102073850,关,关,关,32°C,0%,0,0分钟
20211102073902,关,关,关,33°C,0%,0,0分钟
20211102073908,关,关,关,32°C,0%,0,0分钟
20211102073920,关,关,关,33°C,0%,0,0分钟
20211102073926,关,关,关,32°C,0%,0,0分钟
20211102073939,关,关,关,33°C,0%,0,0分钟
20211102073957,关,关,关,32°C,0%,0,0分钟
20211102074045,关,关,关,33°C,0%,0,0分钟
20211102074053,关,关,关,32°C,0%,0,0分钟
20211102074103,关,关,关,33°C,0%,0,0分钟
20211102074115,关,关,关,32°C,0%,0,0分钟
20211102074121,关,关,关,33°C,0%,0,0分钟
20211102074128,关,关,关,32°C,0%,0,0分钟
20211102074140,关,关,关,33°C,0%,0,0分钟
20211102074152,关,关,关,32°C,0%,0,0分钟
20211102074204,关,关,关,33°C,0%,0,0分钟
20211102074210,关,关,关,32°C,0%,0,0分钟
20211102074222,关,关,关,33°C,0%,0,0分钟
20211102074234,关,关,关,32°C,0%,0,0分钟
20211102074240,关,关,关,33°C,0%,0,0分钟
20211102074314,关,关,关,32°C,0%,0,0分钟
20211102074323,关,关,关,33°C,0%,0,0分钟
20211102074335,关,关,关,32°C,0%,0,0分钟
20211102074347,关,关,关,33°C,0%,0,0分钟
20211102074359,关,关,关,32°C,0%,0,0分钟
20211102074411,关,关,关,33°C,0%,0,0分钟
20211102074417,关,关,关,32°C,0%,0,0分钟
20211102074423,关,关,关,33°C,0%,0,0分钟
20211102074441,关,关,关,32°C,0%,0,0分钟
20211102074447,关,关,关,33°C,0%,0,0分钟
20211102074500,关,关,关,32°C,0%,0,0分钟
20211102074530,关,关,关,33°C,0%,0,0分钟
20211102074554,关,关,关,32°C,0%,0,0分钟
20211102074630,关,关,关,33°C,0%,0,0分钟
20211102074636,关,关,关,32°C,0%,0,0分钟
20211102074642,关,关,关,33°C,0%,0,0分钟
20211102074707,关,关,关,32°C,0%,0,0分钟
20211102074713,关,关,关,33°C,0%,0,0分钟
20211102074725,关,关,关,32°C,0%,0,0分钟
20211102074819,关,关,关,33°C,0%,0,0分钟
20211102074825,关,关,关,32°C,0%,0,0分钟
20211102074831,关,关,关,33°C,0%,0,0分钟
20211102074838,关,关,关,32°C,0%,0,0分钟
20211102074850,关,关,关,33°C,0%,0,0分钟
20211102074932,关,关,关,32°C,0%,0,0分钟
20211102074944,关,关,关,33°C,0%,0,0分钟
20211102074956,关,关,关,32°C,0%,0,0分钟
20211102075033,关,关,关,33°C,0%,0,0分钟
20211102075039,关,关,关,32°C,0%,0,0分钟
20211102075045,关,关,关,33°C,0%,0,0分钟
20211102075057,关,关,关,32°C,0%,0,0分钟
20211102075133,关,关,关,33°C,0%,0,0分钟
20211102075157,关,关,关,32°C,0%,0,0分钟
20211102075228,关,关,关,33°C,0%,0,0分钟
20211102075252,关,关,关,32°C,0%,0,0分钟
20211102075310,关,关,关,33°C,0%,0,0分钟
20211102075328,关,关,关,32°C,0%,0,0分钟
20211102075340,关,关,关,33°C,0%,0,0分钟
20211102075352,关,关,关,32°C,0%,0,0分钟
20211102075405,关,关,关,33°C,0%,0,0分钟
20211102075435,关,关,关,32°C,0%,0,0分钟
20211102075505,关,关,关,33°C,0%,0,0分钟
20211102075554,关,关,关,32°C,0%,0,0分钟
20211102075600,关,关,关,33°C,0%,0,0分钟
20211102075612,关,关,关,32°C,0%,0,0分钟
20211102075618,关,关,关,33°C,0%,0,0分钟
20211102075700,关,关,关,32°C,0%,0,0分钟
20211102075706,关,关,关,33°C,0%,0,0分钟
20211102075724,关,关,关,32°C,0%,0,0分钟
20211102075731,关,关,关,33°C,0%,0,0分钟
20211102075801,关,关,关,32°C,0%,0,0分钟
20211102075807,关,关,关,33°C,0%,0,0分钟
20211102075913,关,关,关,32°C,0%,0,0分钟
20211102075920,关,关,关,33°C,0%,0,0分钟
20211102075944,关,关,关,32°C,0%,0,0分钟
20211102075950,关,关,关,33°C,0%,0,0分钟
20211102080434,关,关,关,32°C,0%,0,0分钟
20211102080441,关,关,关,33°C,0%,0,0分钟
20211102141927,关,关,关,32°C,0%,0,0分钟
20211102142146,关,关,关,32°C,0%,0,0分钟
20211102142152,关,关,关,31°C,0%,0,0分钟
20211102142317,关,关,关,32°C,0%,0,0分钟
20211102142323,关,关,关,31°C,0%,0,0分钟
20211102142518,关,关,关,32°C,0%,0,0分钟
20211102142524,关,关,关,31°C,0%,0,0分钟
20211102142549,关,关,关,32°C,0%,0,0分钟
20211102142555,关,关,关,31°C,0%,0,0分钟
20211102142646,关,关,关,32°C,0%,0,0分钟
20211102142649,关,关,关,31°C,0%,0,0分钟
20211102142723,关,关,关,32°C,0%,0,0分钟
20211102142728,关,关,关,32°C,0%,0,0分钟
20211102143001,关,关,关,32°C,0%,0,0分钟
20211102143226,关,关,关,32°C,0%,0,0分钟
20211102143232,关,关,关,31°C,0%,0,0分钟
20211102143309,关,关,关,32°C,0%,0,0分钟
20211102143315,关,关,关,31°C,0%,0,0分钟
20211102143321,关,关,关,32°C,0%,0,0分钟
20211102143327,关,关,关,31°C,0%,0,0分钟
20211102143421,关,关,关,32°C,0%,0,0分钟
20211102143427,关,关,关,31°C,0%,0,0分钟
20211102143451,关,关,关,32°C,0%,0,0分钟
20211102143457,关,关,关,31°C,0%,0,0分钟
20211102143534,关,关,关,32°C,0%,0,0分钟
20211102143540,关,关,关,31°C,0%,0,0分钟
20211102143558,关,关,关,32°C,0%,0,0分钟
20211102143604,关,关,关,31°C,0%,0,0分钟
20211102143628,关,关,关,32°C,0%,0,0分钟
20211102143634,关,关,关,31°C,0%,0,0分钟
20211102143659,关,关,关,32°C,0%,0,0分钟
20211102143705,关,关,关,31°C,0%,0,0分钟
20211102143711,关,关,关,32°C,0%,0,0分钟
20211102143717,关,关,关,31°C,0%,0,0分钟
20211102143729,关,关,关,32°C,0%,0,0分钟
20211102143747,关,关,关,31°C,0%,0,0分钟
20211102143811,关,关,关,32°C,0%,0,0分钟
20211102143817,关,关,关,31°C,0%,0,0分钟
20211102143829,关,关,关,32°C,0%,0,0分钟
20211102143836,关,关,关,31°C,0%,0,0分钟
20211102143848,关,关,关,32°C,0%,0,0分钟
20211102143900,关,关,关,31°C,0%,0,0分钟
20211102143930,关,关,关,32°C,0%,0,0分钟
20211102143936,关,关,关,31°C,0%,0,0分钟
20211102144018,关,关,关,32°C,0%,0,0分钟
20211102144025,关,关,关,31°C,0%,0,0分钟
20211102144056,关,关,关,32°C,0%,0,0分钟
20211102144101,关,关,关,31°C,0%,0,0分钟
20211102144256,关,关,关,32°C,0%,0,0分钟
20211102144302,关,关,关,31°C,0%,0,0分钟
20211102144308,关,关,关,32°C,0%,0,0分钟
20211102144320,关,关,关,31°C,0%,0,0分钟
20211102144350,关,关,关,32°C,0%,0,0分钟
20211102144356,关,关,关,31°C,0%,0,0分钟
20211102144415,关,关,关,32°C,0%,0,0分钟
20211102144427,关,关,关,31°C,0%,0,0分钟
20211102144433,关,关,关,32°C,0%,0,0分钟
20211102144439,关,关,关,31°C,0%,0,0分钟
20211102144509,关,关,关,32°C,0%,0,0分钟
20211102144515,关,关,关,31°C,0%,0,0分钟
20211102144545,关,关,关,32°C,0%,0,0分钟
20211102144604,关,关,关,31°C,0%,0,0分钟
20211102144628,关,关,关,32°C,0%,0,0分钟
20211102144634,关,关,关,31°C,0%,0,0分钟
20211102144710,关,关,关,32°C,0%,0,0分钟
20211102144716,关,关,关,31°C,0%,0,0分钟
20211102144747,关,关,关,32°C,0%,0,0分钟
20211102144753,关,关,关,31°C,0%,0,0分钟
20211102144805,关,关,关,32°C,0%,0,0分钟
20211102144811,关,关,关,31°C,0%,0,0分钟
20211102144841,关,关,关,32°C,0%,0,0分钟
20211102144859,关,关,关,31°C,0%,0,0分钟
20211102144936,关,关,关,32°C,0%,0,0分钟
20211102144954,关,关,关,31°C,0%,0,0分钟
20211102145048,关,关,关,32°C,0%,0,0分钟
20211102145106,关,关,关,31°C,0%,0,0分钟
20211102145137,关,关,关,32°C,0%,0,0分钟
20211102145201,关,关,关,31°C,0%,0,0分钟
20211102145249,关,关,关,32°C,0%,0,0分钟
20211102145255,关,关,关,31°C,0%,0,0分钟
20211102145308,关,关,关,32°C,0%,0,0分钟
20211102145320,关,关,关,31°C,0%,0,0分钟
20211102145344,关,关,关,32°C,0%,0,0分钟
20211102145402,关,关,关,31°C,0%,0,0分钟
20211102145420,关,关,关,32°C,0%,0,0分钟
20211102145438,关,关,关,31°C,0%,0,0分钟
20211102145515,关,关,关,32°C,0%,0,0分钟
20211102145533,关,关,关,31°C,0%,0,0分钟
20211102145557,关,关,关,32°C,0%,0,0分钟
20211102145603,关,关,关,31°C,0%,0,0分钟
20211102145615,关,关,关,32°C,0%,0,0分钟
20211102145621,关,关,关,31°C,0%,0,0分钟
20211102145645,关,关,关,32°C,0%,0,0分钟
20211102145704,关,关,关,31°C,0%,0,0分钟
20211102145734,关,关,关,32°C,0%,0,0分钟
20211102145752,关,关,关,31°C,0%,0,0分钟
20211102145828,关,关,关,32°C,0%,0,0分钟
20211102145847,关,关,关,31°C,0%,0,0分钟
20211102145905,关,关,关,32°C,0%,0,0分钟
20211102145923,关,关,关,31°C,0%,0,0分钟
20211102145935,关,关,关,32°C,0%,0,0分钟
20211102145953,关,关,关,31°C,0%,0,0分钟
20211102150011,关,关,关,32°C,0%,0,0分钟
20211102150048,关,关,关,31°C,0%,0,0分钟
20211102150100,关,关,关,32°C,0%,0,0分钟
20211102150124,关,关,关,31°C,0%,0,0分钟
20211102150142,关,关,关,32°C,0%,0,0分钟
20211102150206,关,关,关,31°C,0%,0,0分钟
20211102150225,关,关,关,32°C,0%,0,0分钟
20211102150243,关,关,关,31°C,0%,0,0分钟
20211102150255,关,关,关,32°C,0%,0,0分钟
20211102150307,关,关,关,31°C,0%,0,0分钟
20211102150313,关,关,关,32°C,0%,0,0分钟
20211102150355,关,关,关,31°C,0%,0,0分钟
20211102150401,关,关,关,32°C,0%,0,0分钟
20211102150413,关,关,关,31°C,0%,0,0分钟
20211102150420,关,关,关,32°C,0%,0,0分钟
20211102150514,关,关,关,31°C,0%,0,0分钟
20211102150621,关,关,关,31°C,0%,0,0分钟
20211102150627,关,关,关,32°C,0%,0,0分钟
20211102150739,关,关,关,31°C,0%,0,0分钟
20211102150745,关,关,关,32°C,0%,0,0分钟
20211102150904,关,关,关,31°C,0%,0,0分钟
20211102150910,关,关,关,32°C,0%,0,0分钟
20211102150940,关,关,关,31°C,0%,0,0分钟
20211102151059,关,关,关,31°C,0%,0,0分钟
20211102151105,关,关,关,32°C,0%,0,0分钟
20211102152923,关,关,关,31°C,0%,0,0分钟
20211102173037,关,关,关,31°C,0%,0,0分钟
20211102173039,开,开,关,31°C,0%,38,22分钟
20211102173041,开,开,关,31°C,0%,41,22分钟
20211102173047,开,开,关,31°C,0%,42,22分钟
20211102173049,开,开,关,31°C,0%,43,22分钟
20211102173051,开,开,关,31°C,0%,42,22分钟
20211102173101,开,开,关,31°C,0%,43,22分钟
20211102173103,开,开,关,31°C,0%,45,22分钟
20211102173105,开,开,关,31°C,0%,43,22分钟
20211102173107,开,开,关,31°C,0%,42,22分钟
20211102173113,开,开,关,31°C,0%,43,22分钟
20211102173115,开,开,关,31°C,0%,47,22分钟
20211102173117,开,开,关,31°C,0%,50,22分钟
20211102173119,开,开,关,31°C,0%,48,22分钟
20211102173125,开,开,关,31°C,0%,50,22分钟
20211102173127,开,开,关,31°C,0%,51,22分钟
20211102173131,开,开,关,31°C,0%,48,22分钟
20211102173135,开,开,关,31°C,0%,50,22分钟
20211102173137,开,开,关,31°C,0%,48,22分钟
20211102173139,开,开,关,31°C,0%,50,22分钟
20211102173142,开,开,关,31°C,0%,48,22分钟
20211102173143,开,开,关,31°C,0%,50,22分钟
20211102173145,开,开,关,31°C,0%,48,22分钟
20211102173148,开,开,关,31°C,0%,50,22分钟
20211102173150,开,开,关,31°C,0%,48,22分钟
20211102173158,开,开,关,31°C,0%,50,22分钟
20211102173200,开,开,关,31°C,0%,47,22分钟
20211102173202,开,开,关,31°C,0%,50,22分钟
20211102173204,开,开,关,31°C,0%,48,22分钟
20211102173206,开,开,关,31°C,0%,50,22分钟
20211102173208,开,开,关,31°C,0%,48,22分钟
20211102173214,开,开,关,31°C,0%,50,22分钟
20211102173216,开,开,关,31°C,0%,48,22分钟
20211102173220,开,开,关,31°C,0%,50,22分钟
20211102173222,开,开,关,31°C,0%,48,22分钟
20211102173229,开,开,关,31°C,0%,48,22分钟
20211102173234,开,开,关,31°C,0%,50,22分钟
20211102173238,开,开,关,31°C,0%,48,22分钟
20211102173242,开,开,关,31°C,0%,50,22分钟
20211102173244,开,开,关,31°C,0%,48,22分钟
20211102173246,开,开,关,31°C,0%,50,22分钟
20211102173248,开,开,关,31°C,0%,51,22分钟
20211102173256,开,开,关,31°C,0%,50,22分钟
20211102173258,开,开,关,31°C,0%,51,22分钟
20211102173300,开,开,关,31°C,0%,50,22分钟
20211102173306,开,开,关,31°C,0%,48,22分钟
20211102173322,开,开,关,31°C,0%,50,22分钟
20211102173324,开,开,关,31°C,0%,48,22分钟
20211102173328,开,开,关,31°C,0%,50,22分钟
20211102173331,开,开,关,31°C,0%,51,22分钟
20211102173332,开,开,关,31°C,0%,50,22分钟
20211102173334,开,开,关,31°C,0%,48,22分钟
20211102173337,开,开,关,31°C,0%,51,22分钟
20211102173347,开,开,关,31°C,0%,50,22分钟
20211102173349,开,开,关,31°C,0%,48,22分钟
20211102173357,开,开,关,31°C,0%,50,22分钟
20211102173359,开,开,关,31°C,0%,48,22分钟
20211102173407,开,开,关,31°C,0%,50,22分钟
20211102173409,开,开,关,31°C,0%,48,22分钟
20211102173411,开,开,关,31°C,0%,50,22分钟
20211102173413,开,开,关,31°C,0%,51,22分钟
20211102173427,开,开,关,31°C,0%,50,22分钟
20211102173429,开,开,关,31°C,0%,48,22分钟
20211102173433,开,开,关,31°C,0%,50,22分钟
20211102173435,开,开,关,31°C,0%,48,22分钟
20211102173441,开,开,关,31°C,0%,50,22分钟
20211102173450,开,开,关,30°C,0%,48,28分钟
20211102173503,开,开,关,30°C,0%,50,28分钟
20211102173507,开,开,关,30°C,0%,50,27分钟
20211102173511,开,开,关,30°C,0%,48,27分钟
20211102173517,开,开,关,30°C,0%,50,27分钟
20211102173519,开,开,关,30°C,0%,50,29分钟
20211102173521,开,开,关,29°C,0%,50,29分钟
20211102173523,开,开,关,29°C,0%,51,29分钟
20211102173528,开,开,关,29°C,0%,50,29分钟
20211102173532,开,开,关,29°C,0%,48,29分钟
20211102173540,开,开,关,29°C,0%,50,29分钟
20211102173542,开,开,关,29°C,0%,48,29分钟
20211102173550,开,开,关,29°C,0%,50,29分钟
20211102173552,开,开,关,29°C,0%,48,29分钟
20211102173556,开,开,关,29°C,0%,50,29分钟
20211102173558,开,开,关,29°C,0%,48,29分钟
20211102173600,开,开,关,29°C,0%,50,29分钟
20211102173602,开,开,关,29°C,0%,48,29分钟
20211102173604,开,开,关,29°C,0%,50,29分钟
20211102173608,开,开,关,29°C,0%,50,28分钟
20211102173610,开,开,关,29°C,0%,48,28分钟
20211102173612,开,开,关,29°C,0%,50,28分钟
20211102173614,开,开,关,29°C,0%,48,28分钟
20211102173616,开,开,关,29°C,0%,51,28分钟
20211102173618,开,开,关,29°C,0%,50,28分钟
20211102173620,开,开,关,29°C,0%,48,28分钟
20211102173630,开,开,关,29°C,0%,50,28分钟
20211102173632,开,开,关,29°C,0%,51,28分钟
20211102173638,开,开,关,29°C,0%,50,28分钟
20211102173640,开,开,关,29°C,0%,51,28分钟
20211102173642,开,开,关,29°C,0%,50,28分钟
20211102173644,开,开,关,29°C,0%,51,28分钟
20211102173648,开,开,关,29°C,0%,50,28分钟
20211102173650,开,开,关,29°C,0%,51,28分钟
20211102173656,开,开,关,29°C,0%,50,28分钟
20211102173658,开,开,关,29°C,0%,48,28分钟
20211102173700,开,开,关,29°C,0%,50,28分钟
20211102173702,开,开,关,29°C,0%,51,28分钟
20211102173704,开,开,关,29°C,0%,32,28分钟
20211102173805,开,开,关,29°C,0%,0,27分钟
20211102173825,开,开,关,29°C,0%,0,26分钟
20211102173827,开,开,关,29°C,0%,0,28分钟
20211102173847,开,开,关,30°C,0%,0,28分钟
20211102173908,开,开,关,30°C,0%,0,27分钟
20211102173910,开,开,关,30°C,0%,0,26分钟
20211102174002,开,开,关,31°C,0%,0,26分钟
20211102174004,开,开,关,31°C,0%,0,25分钟
20211102174034,开,开,关,32°C,0%,0,25分钟
20211102174050,开,开,关,32°C,0%,0,24分钟
20211102174053,开,开,关,32°C,0%,47,24分钟
20211102174057,开,开,关,33°C,0%,48,24分钟
20211102174101,开,开,关,33°C,0%,48,23分钟
20211102174105,开,开,关,33°C,0%,50,23分钟
20211102174111,开,开,关,33°C,0%,48,23分钟
20211102174115,开,开,关,33°C,0%,45,23分钟
20211102174117,开,开,关,33°C,0%,43,23分钟
20211102174119,开,开,关,33°C,0%,45,23分钟
20211102174121,开,开,关,33°C,0%,46,23分钟
20211102174129,开,开,关,33°C,0%,45,23分钟
20211102174131,开,开,关,33°C,0%,46,23分钟
20211102174133,开,开,关,33°C,0%,45,23分钟
20211102174139,开,开,关,33°C,0%,46,23分钟
20211102174143,开,开,关,33°C,0%,51,23分钟
20211102174145,开,开,关,33°C,0%,50,23分钟
20211102174147,开,开,关,33°C,0%,46,23分钟
20211102174153,开,开,关,33°C,0%,46,23分钟
20211102174157,开,开,关,33°C,0%,45,23分钟
20211102174203,开,开,关,33°C,0%,45,22分钟
20211102174205,开,开,关,33°C,0%,46,22分钟
20211102174209,开,开,关,33°C,0%,45,22分钟
20211102174211,开,开,关,33°C,0%,47,22分钟
20211102174213,开,开,关,33°C,0%,52,22分钟
20211102174215,开,开,关,33°C,0%,51,22分钟
20211102174217,开,开,关,33°C,0%,50,22分钟
20211102174221,开,开,关,33°C,0%,51,22分钟
20211102174223,开,开,关,33°C,0%,52,22分钟
20211102174227,开,开,关,33°C,0%,51,22分钟
20211102174229,开,开,关,33°C,0%,52,22分钟
20211102174231,开,开,关,33°C,0%,50,22分钟
20211102174233,开,开,关,33°C,0%,51,22分钟
20211102174235,开,开,关,33°C,0%,52,22分钟
20211102174238,开,开,关,33°C,0%,45,22分钟
20211102174241,开,开,关,33°C,0%,33,22分钟
20211102174244,开,开,关,34°C,0%,35,22分钟
20211102174250,开,开,关,34°C,0%,36,22分钟
20211102174252,开,开,关,34°C,0%,35,22分钟
20211102174254,开,开,关,34°C,0%,36,22分钟
20211102174258,开,开,关,34°C,0%,35,22分钟
20211102174300,开,开,关,34°C,0%,36,22分钟
20211102174310,开,开,关,34°C,0%,35,22分钟
20211102174312,开,开,关,34°C,0%,36,22分钟
20211102174314,开,开,关,34°C,0%,35,22分钟
20211102174316,开,开,关,34°C,0%,36,22分钟
20211102174318,开,开,关,34°C,0%,35,22分钟
20211102174320,开,开,关,34°C,0%,36,22分钟
20211102174322,开,开,关,34°C,0%,35,22分钟
20211102174324,开,开,关,34°C,0%,36,24分钟
20211102174328,开,开,关,33°C,0%,36,24分钟
20211102174330,开,开,关,33°C,0%,36,22分钟
20211102174338,开,开,关,34°C,0%,35,22分钟
20211102174340,开,开,关,34°C,0%,36,22分钟
20211102174342,开,开,关,34°C,0%,36,24分钟
20211102174346,开,开,关,33°C,0%,36,24分钟
20211102174348,开,开,关,33°C,0%,35,23分钟
20211102174354,开,开,关,33°C,0%,36,23分钟
20211102174356,开,开,关,33°C,0%,35,23分钟
20211102174358,开,开,关,33°C,0%,36,23分钟
20211102174402,开,开,关,33°C,0%,35,23分钟
20211102174408,开,开,关,33°C,0%,36,23分钟
20211102174414,开,开,关,33°C,0%,37,23分钟
20211102174427,开,开,关,33°C,0%,35,23分钟
20211102174428,开,开,关,33°C,0%,36,23分钟
20211102174439,开,开,关,33°C,0%,35,23分钟
20211102174443,开,开,关,33°C,0%,36,23分钟
20211102174445,开,开,关,33°C,0%,35,23分钟
20211102174447,开,开,关,33°C,0%,36,23分钟
20211102174449,开,开,关,33°C,0%,35,22分钟
20211102174501,开,开,关,33°C,0%,36,22分钟
20211102174504,开,开,关,33°C,0%,35,22分钟
20211102174505,开,开,关,33°C,0%,36,22分钟
20211102174510,开,开,关,33°C,0%,35,22分钟
20211102174511,开,开,关,33°C,0%,36,22分钟
20211102174513,开,开,关,33°C,0%,35,22分钟
20211102174515,开,开,关,33°C,0%,36,22分钟
20211102174521,开,开,关,33°C,0%,35,22分钟
20211102174522,开,开,关,33°C,0%,36,22分钟
20211102174523,开,开,关,33°C,0%,26,22分钟
20211102174525,开,开,关,33°C,0%,27,22分钟
20211102174531,开,开,关,33°C,0%,28,22分钟
20211102174535,开,开,关,33°C,0%,30,22分钟
20211102174608,开,开,关,32°C,0%,28,25分钟
20211102174611,开,开,关,32°C,0%,30,25分钟
20211102174615,开,开,关,32°C,0%,28,25分钟
20211102174618,开,开,关,32°C,0%,30,24分钟
20211102174622,开,开,关,32°C,0%,28,24分钟
20211102174636,开,开,关,32°C,0%,30,24分钟
20211102174646,开,开,关,31°C,0%,28,26分钟
20211102174650,开,开,关,31°C,0%,30,26分钟
20211102174654,开,开,关,31°C,0%,28,26分钟
20211102174656,开,开,关,31°C,0%,30,26分钟
20211102174658,开,开,关,31°C,0%,28,26分钟
20211102174704,开,开,关,31°C,0%,30,26分钟
20211102174706,开,开,关,31°C,0%,28,26分钟
20211102174712,开,开,关,31°C,0%,30,26分钟
20211102174714,开,开,关,31°C,0%,28,26分钟
20211102174718,开,开,关,31°C,0%,30,26分钟
20211102174720,开,开,关,31°C,0%,28,26分钟
20211102174722,开,开,关,31°C,0%,30,25分钟
20211102174724,开,开,关,31°C,0%,28,25分钟
20211102174726,开,开,关,31°C,0%,30,25分钟
20211102174728,开,开,关,31°C,0%,28,25分钟
20211102174748,开,开,关,31°C,0%,0,25分钟
20211102174750,开,开,关,31°C,0%,0,28分钟
20211102174806,开,开,关,30°C,0%,0,28分钟
20211102174809,开,开,关,30°C,0%,0,26分钟
20211102174903,开,开,关,31°C,0%,0,26分钟
20211102174921,开,开,关,31°C,0%,0,25分钟
20211102174951,开,开,关,32°C,0%,0,25分钟
20211102175010,开,开,关,32°C,0%,0,24分钟
20211102175014,开,开,关,33°C,0%,0,24分钟
20211102175050,开,开,关,33°C,0%,0,23分钟
20211102175052,开,开,关,33°C,0%,0,22分钟
20211102175132,开,开,关,34°C,0%,0,22分钟
20211102175211,开,开,关,34°C,0%,0,21分钟
20211102175225,开,开,关,35°C,0%,0,21分钟
20211102175311,开,开,关,35°C,0%,0,20分钟
20211102175312,开,开,关,35°C,0%,0,19分钟
20211102175346,开,开,关,36°C,0%,0,19分钟
20211102175348,开,开,关,36°C,0%,0,18分钟
20211102175412,开,开,关,37°C,0%,0,18分钟
20211102175500,开,开,关,37°C,0%,0,17分钟
20211102175547,开,开,关,38°C,0%,0,16分钟
20211102175549,开,开,关,38°C,0%,0,15分钟
20211102175623,开,开,关,39°C,0%,0,15分钟
20211102175701,开,开,关,39°C,0%,0,14分钟
20211102175712,开,开,关,40°C,0%,0,14分钟
20211102175748,开,开,关,40°C,0%,0,13分钟
20211102175754,开,开,关,40°C,0%,0,12分钟
20211102175834,开,开,关,41°C,0%,0,12分钟
20211102175903,开,开,关,41°C,0%,0,11分钟
20211102175923,开,开,关,42°C,0%,0,11分钟
20211102180019,开,开,关,42°C,0%,0,10分钟
20211102180021,开,开,关,42°C,0%,0,9分钟
20211102180102,开,开,关,43°C,0%,0,9分钟
20211102180104,开,开,关,43°C,0%,0,8分钟
20211102180108,开,开,关,44°C,0%,0,8分钟
20211102180134,开,开,关,44°C,25%,0,8分钟
20211102180222,开,开,关,44°C,25%,0,7分钟
20211102180226,开,开,关,45°C,25%,0,7分钟
20211102180309,开,开,关,45°C,25%,0,6分钟
20211102180311,开,开,关,45°C,25%,0,5分钟
20211102180351,开,开,关,46°C,25%,0,5分钟
20211102180436,开,开,关,46°C,25%,0,4分钟
20211102180450,开,开,关,47°C,25%,0,4分钟
20211102180534,开,开,关,47°C,25%,0,3分钟
20211102180536,开,开,关,47°C,25%,0,2分钟
20211102180540,开,开,关,48°C,25%,0,2分钟
20211102180542,开,开,关,48°C,25%,0,4分钟
20211102180552,开,开,关,47°C,25%,0,4分钟
20211102180554,开,开,关,47°C,25%,0,2分钟
20211102180635,开,开,关,48°C,25%,0,2分钟
20211102180637,开,开,关,48°C,25%,0,1分钟
20211102180701,开,开,关,49°C,25%,0,1分钟
20211102180718,开,开,关,49°C,25%,0,0分钟
20211102180719,开,关,开,50°C,100%,0,0分钟
20211102180939,开,关,开,50°C,50%,0,0分钟
20211102180941,开,关,开,50°C,50%,8,0分钟
20211102180942,开,关,开,50°C,50%,0,0分钟
20211102180945,开,关,开,50°C,50%,15,0分钟
20211102180947,开,关,开,50°C,50%,16,0分钟
20211102180949,开,关,开,50°C,50%,15,0分钟
20211102180951,开,关,开,50°C,50%,16,0分钟
20211102181138,开,关,开,50°C,50%,0,0分钟
20211102181140,开,关,开,50°C,50%,8,0分钟
20211102182503,开,关,开,50°C,50%,0,0分钟
20211102185926,关,关,关,50°C,50%,0,0分钟
20211102190157,关,关,关,50°C,50%,0,0分钟
20211102190203,关,关,关,49°C,50%,0,0分钟
20211102190322,关,关,关,50°C,50%,0,0分钟
20211102190328,关,关,关,49°C,50%,0,0分钟
20211102190447,关,关,关,50°C,50%,0,0分钟
20211102190449,关,关,关,50°C,50%,8,0分钟
20211102190459,关,关,关,50°C,50%,0,0分钟
20211102190505,关,关,关,49°C,50%,0,0分钟
20211102190511,关,关,关,50°C,50%,0,0分钟
20211102190517,关,关,关,49°C,50%,0,0分钟
20211102190523,关,关,关,50°C,50%,0,0分钟
20211102190535,关,关,关,49°C,50%,0,0分钟
20211102190548,关,关,关,50°C,50%,0,0分钟
20211102190554,关,关,关,49°C,50%,0,0分钟
20211102190612,关,关,关,50°C,50%,0,0分钟
20211102190636,关,关,关,49°C,50%,0,0分钟
20211102190645,关,关,关,50°C,50%,0,0分钟
20211102190648,关,关,关,49°C,50%,0,0分钟
20211102190654,关,关,关,50°C,50%,0,0分钟
20211102190731,关,关,关,49°C,50%,0,0分钟
20211102190733,关,关,关,50°C,50%,0,0分钟
20211102190735,关,关,关,50°C,50%,8,0分钟
20211102190743,关,关,关,50°C,50%,0,0分钟
20211102190801,关,关,关,49°C,50%,0,0分钟
20211102190807,关,关,关,50°C,50%,0,0分钟
20211102190819,关,关,关,49°C,50%,0,0分钟
20211102190831,关,关,关,50°C,50%,0,0分钟
20211102193908,关,关,关,49°C,50%,0,0分钟
20211102201836,关,关,关,49°C,50%,0,0分钟
20211102201949,关,关,关,49°C,50%,0,0分钟
20211102201955,关,关,关,48°C,50%,0,0分钟
20211102202158,关,关,关,49°C,50%,0,0分钟
20211102202102,关,关,关,48°C,50%,0,0分钟
20211102202120,关,关,关,49°C,50%,0,0分钟
20211102202126,关,关,关,48°C,50%,0,0分钟
20211102202138,关,关,关,49°C,50%,0,0分钟
20211102202144,关,关,关,48°C,50%,0,0分钟
20211102202315,关,关,关,49°C,50%,0,0分钟
20211102202321,关,关,关,48°C,50%,0,0分钟
20211102202420,关,关,关,49°C,50%,0,0分钟
20211102202439,关,关,关,48°C,50%,0,0分钟
20211102202458,关,关,关,49°C,50%,0,0分钟
20211102202528,关,关,关,48°C,50%,0,0分钟
20211102202534,关,关,关,49°C,50%,0,0分钟
20211102215404,关,关,关,48°C,50%,0,0分钟
20211102215453,关,关,关,48°C,50%,0,0分钟
20211102215459,关,关,关,47°C,50%,0,0分钟
20211102215541,关,关,关,48°C,50%,0,0分钟
20211102215605,关,关,关,47°C,50%,0,0分钟
20211102215623,关,关,关,48°C,50%,0,0分钟
20211102215635,关,关,关,47°C,50%,0,0分钟
20211102215706,关,关,关,48°C,50%,0,0分钟
20211102215712,关,关,关,47°C,50%,0,0分钟
20211102215748,关,关,关,48°C,50%,0,0分钟
20211102215754,关,关,关,47°C,50%,0,0分钟
20211102215806,关,关,关,48°C,50%,0,0分钟
20211102215818,关,关,关,47°C,50%,0,0分钟
20211102215831,关,关,关,48°C,50%,0,0分钟
20211102215837,关,关,关,47°C,50%,0,0分钟
20211102215843,关,关,关,48°C,50%,0,0分钟
20211102215943,关,关,关,47°C,50%,0,0分钟
20211102215949,关,关,关,48°C,50%,0,0分钟
20211102220120,关,关,关,47°C,50%,0,0分钟
20211102220126,关,关,关,48°C,50%,0,0分钟
20211102225110,关,关,关,47°C,50%,0,0分钟
20211102231729,关,关,关,47°C,50%,0,0分钟
20211102231733,关,关,关,47°C,50%,47,0分钟
20211102231735,关,关,关,47°C,50%,48,0分钟
20211102231741,关,关,关,47°C,50%,42,0分钟
20211102231745,关,关,关,47°C,50%,43,0分钟
20211102231747,关,关,关,47°C,50%,42,0分钟
20211102231749,关,关,关,47°C,50%,50,0分钟
20211102231753,关,关,关,47°C,50%,51,0分钟
20211102231755,关,关,关,47°C,50%,50,0分钟
20211102231801,关,关,关,47°C,50%,51,0分钟
20211102231804,关,关,关,47°C,50%,50,0分钟
20211102231807,关,关,关,47°C,50%,51,0分钟
20211102231812,关,关,关,47°C,50%,52,0分钟
20211102231814,关,关,关,47°C,50%,51,0分钟
20211102231816,关,关,关,47°C,50%,50,0分钟
20211102231820,关,关,关,47°C,50%,51,0分钟
20211102231822,关,关,关,47°C,50%,35,0分钟
20211102231824,关,关,关,47°C,50%,33,0分钟
20211102231826,关,关,关,47°C,50%,35,0分钟
20211102231830,关,关,关,47°C,50%,41,0分钟
20211102231836,关,关,关,47°C,50%,35,0分钟
20211102231840,关,关,关,47°C,50%,33,0分钟
20211102231842,关,关,关,47°C,50%,35,0分钟
20211102231844,关,关,关,47°C,50%,36,0分钟
20211102231850,关,关,关,47°C,50%,35,0分钟
20211102231854,关,关,关,47°C,50%,33,0分钟
20211102231900,关,关,关,47°C,50%,35,0分钟
20211102231902,关,关,关,47°C,50%,33,0分钟
20211102231916,关,关,关,47°C,50%,35,0分钟
20211102231920,关,关,关,47°C,50%,33,0分钟
20211102231922,关,关,关,47°C,50%,35,0分钟
20211102231924,关,关,关,47°C,50%,33,0分钟
20211102231959,关,关,关,47°C,50%,35,0分钟
20211102232001,关,关,关,47°C,50%,36,0分钟
20211102232017,关,关,关,47°C,50%,35,0分钟
20211102232019,关,关,关,47°C,50%,33,0分钟
20211102232021,关,关,关,47°C,50%,35,0分钟
20211102232023,关,关,关,47°C,50%,36,0分钟
20211102232043,关,关,关,47°C,50%,35,0分钟
20211102232045,关,关,关,47°C,50%,33,0分钟
20211102232047,关,关,关,47°C,50%,35,0分钟
20211102232051,关,关,关,46°C,50%,35,0分钟
20211102232055,关,关,关,46°C,50%,33,0分钟
20211102232105,关,关,关,46°C,50%,35,0分钟
20211102232242,关,关,关,46°C,50%,0,0分钟
20211102232244,关,关,关,46°C,50%,8,0分钟
20211102232246,关,关,关,46°C,50%,31,0分钟
20211102232248,关,关,关,46°C,50%,32,0分钟
20211102232254,关,关,关,46°C,50%,32,0分钟
20211102232302,关,关,关,46°C,50%,33,0分钟
20211102232304,关,关,关,46°C,50%,32,0分钟
20211102232312,关,关,关,46°C,50%,33,0分钟
20211102232314,关,关,关,46°C,50%,32,0分钟
20211102232353,关,关,关,46°C,50%,33,0分钟
20211102232355,关,关,关,46°C,50%,35,0分钟
20211102232439,关,关,关,46°C,50%,33,0分钟
20211102232445,关,关,关,46°C,25%,33,0分钟
20211102232449,关,关,关,46°C,25%,35,0分钟
20211102232455,关,关,关,46°C,25%,33,0分钟
20211102232520,关,关,关,45°C,25%,33,0分钟
20211102232522,关,关,关,45°C,25%,35,0分钟
20211102232538,关,关,关,45°C,25%,33,0分钟
20211102232540,关,关,关,45°C,25%,35,0分钟
20211102232544,关,关,关,45°C,25%,33,0分钟
20211102232600,关,关,关,44°C,25%,33,0分钟
20211102232602,关,关,关,44°C,25%,32,0分钟
20211102232620,关,关,关,44°C,25%,33,0分钟
20211102232624,关,关,关,43°C,25%,33,0分钟
20211102232626,关,关,关,43°C,25%,35,0分钟
20211102232628,关,关,关,43°C,25%,32,0分钟
20211102232630,关,关,关,43°C,25%,35,0分钟
20211102232632,关,关,关,43°C,25%,33,0分钟
20211102232642,关,关,关,42°C,25%,33,0分钟
20211102232644,关,关,关,42°C,25%,35,0分钟
20211102232650,关,关,关,42°C,25%,33,0分钟
20211102232653,关,关,关,41°C,25%,33,0分钟
20211102232654,关,关,关,41°C,25%,35,0分钟
20211102232659,关,关,关,41°C,25%,33,0分钟
20211102232701,关,关,关,41°C,25%,32,0分钟
20211102232707,关,关,关,41°C,25%,33,0分钟
20211102232709,关,关,关,41°C,25%,35,0分钟
20211102232721,关,关,关,40°C,25%,33,0分钟
20211102232729,关,关,关,39°C,25%,33,0分钟
20211102232731,关,关,关,39°C,25%,35,0分钟
20211102232747,关,关,关,39°C,25%,33,0分钟
20211102232749,关,关,关,37°C,25%,35,0分钟
20211102232759,关,关,关,37°C,25%,33,0分钟
20211102232801,关,关,关,36°C,25%,32,0分钟
20211102232803,关,关,关,36°C,25%,33,0分钟
20211102232807,关,关,关,36°C,25%,35,0分钟
20211102232811,关,关,关,36°C,25%,33,0分钟
20211102232829,关,关,关,35°C,25%,33,0分钟
20211102232831,关,关,关,34°C,25%,35,0分钟
20211102232833,关,关,关,34°C,25%,33,0分钟
20211102232835,关,关,关,34°C,25%,35,0分钟
20211102232840,关,关,关,34°C,25%,33,0分钟
20211102232842,关,关,关,34°C,25%,35,0分钟
20211102232850,关,关,关,34°C,25%,33,0分钟
20211102232852,关,关,关,34°C,25%,32,0分钟
20211102232854,关,关,关,34°C,25%,33,0分钟
20211102232856,关,关,关,33°C,25%,35,0分钟
20211102232858,关,关,关,33°C,25%,33,0分钟
20211102232900,关,关,关,33°C,25%,35,0分钟
20211102232902,关,关,关,33°C,25%,33,0分钟
20211102232904,关,关,关,33°C,25%,17,0分钟
20211102232912,关,关,关,33°C,25%,0,0分钟
20211102232936,关,关,关,32°C,25%,0,0分钟
20211102233059,关,关,关,31°C,25%,0,0分钟
20211102233103,开,开,关,31°C,25%,0,26分钟
20211102233203,关,关,关,31°C,25%,0,0分钟
20211102233304,关,关,关,30°C,25%,0,0分钟
20211102233310,关,关,关,31°C,25%,0,0分钟
20211102233316,关,关,关,30°C,25%,0,0分钟
20211102235937,关,关,关,31°C,25%,0,0分钟
20211102235943,关,关,关,31°C,0%,0,0分钟
20211102235949,关,关,关,32°C,0%,0,0分钟
20211103000001,关,关,关,31°C,0%,0,0分钟
20211103000029,关,关,关,32°C,0%,0,0分钟
20211103000032,关,关,关,31°C,0%,0,0分钟
20211103003340,关,关,关,32°C,0%,0,0分钟
20211103003411,关,关,关,32°C,0%,0,0分钟
20211103003441,关,关,关,33°C,0%,0,0分钟
20211103003459,关,关,关,32°C,0%,0,0分钟
20211103003517,关,关,关,33°C,0%,0,0分钟
20211103003523,关,关,关,32°C,0%,0,0分钟
20211103003535,关,关,关,33°C,0%,0,0分钟
20211103003544,关,关,关,32°C,0%,0,0分钟
20211103003600,关,关,关,33°C,0%,0,0分钟
20211103003612,关,关,关,32°C,0%,0,0分钟
20211103003706,关,关,关,33°C,0%,0,0分钟
20211103003712,关,关,关,32°C,0%,0,0分钟
20211103080013,关,关,关,33°C,0%,0,0分钟
20211103080101,关,关,关,33°C,0%,0,0分钟
20211103080107,关,关,关,32°C,0%,0,0分钟
20211103080138,关,关,关,33°C,0%,0,0分钟
20211103080144,关,关,关,32°C,0%,0,0分钟
20211103080208,关,关,关,33°C,0%,0,0分钟
20211103080214,关,关,关,32°C,0%,0,0分钟
20211103080302,关,关,关,33°C,0%,0,0分钟
20211103080308,关,关,关,32°C,0%,0,0分钟
20211103080445,关,关,关,33°C,0%,0,0分钟
20211103080451,关,关,关,32°C,0%,0,0分钟
20211103080534,关,关,关,33°C,0%,0,0分钟
20211103080540,关,关,关,32°C,0%,0,0分钟
20211103080552,关,关,关,33°C,0%,0,0分钟
20211103080558,关,关,关,32°C,0%,0,0分钟
20211103080628,关,关,关,33°C,0%,0,0分钟
20211103080634,关,关,关,32°C,0%,0,0分钟
20211103080652,关,关,关,33°C,0%,0,0分钟
20211103080711,关,关,关,32°C,0%,0,0分钟
20211103080717,关,关,关,33°C,0%,0,0分钟
20211103080723,关,关,关,32°C,0%,0,0分钟
20211103080805,关,关,关,33°C,0%,0,0分钟
20211103080811,关,关,关,32°C,0%,0,0分钟
20211103080817,关,关,关,33°C,0%,0,0分钟
20211103080823,关,关,关,32°C,0%,0,0分钟
20211103080854,关,关,关,33°C,0%,0,0分钟
20211103080906,关,关,关,32°C,0%,0,0分钟
20211103080918,关,关,关,33°C,0%,0,0分钟
20211103080924,关,关,关,32°C,0%,0,0分钟
20211103080930,关,关,关,33°C,0%,0,0分钟
20211103080936,关,关,关,32°C,0%,0,0分钟
20211103080942,关,关,关,33°C,0%,0,0分钟
20211103080948,关,关,关,32°C,0%,0,0分钟
20211103080954,关,关,关,33°C,0%,0,0分钟
20211103081000,关,关,关,32°C,0%,0,0分钟
20211103081006,关,关,关,33°C,0%,0,0分钟
20211103081018,关,关,关,32°C,0%,0,0分钟
20211103081101,关,关,关,33°C,0%,0,0分钟
20211103081107,关,关,关,32°C,0%,0,0分钟
20211103081113,关,关,关,33°C,0%,0,0分钟
20211103081119,关,关,关,32°C,0%,0,0分钟
20211103081213,关,关,关,33°C,0%,0,0分钟
20211103081225,关,关,关,32°C,0%,0,0分钟
20211103081232,关,关,关,33°C,0%,0,0分钟
20211103081238,关,关,关,32°C,0%,0,0分钟
20211103081320,关,关,关,33°C,0%,0,0分钟
20211103081332,关,关,关,32°C,0%,0,0分钟
20211103081338,关,关,关,33°C,0%,0,0分钟
20211103081344,关,关,关,32°C,0%,0,0分钟
20211103081350,关,关,关,33°C,0%,0,0分钟
20211103081356,关,关,关,32°C,0%,0,0分钟
20211103081433,关,关,关,33°C,0%,0,0分钟
20211103081439,关,关,关,32°C,0%,0,0分钟
20211103081445,关,关,关,33°C,0%,0,0分钟
20211103081451,关,关,关,32°C,0%,0,0分钟
20211103081457,关,关,关,33°C,0%,0,0分钟
20211103081509,关,关,关,32°C,0%,0,0分钟
20211103081521,关,关,关,33°C,0%,0,0分钟
20211103081527,关,关,关,32°C,0%,0,0分钟
20211103081545,关,关,关,33°C,0%,0,0分钟
20211103081551,关,关,关,32°C,0%,0,0分钟
20211103081557,关,关,关,33°C,0%,0,0分钟
20211103081603,关,关,关,32°C,0%,0,0分钟
20211103081622,关,关,关,33°C,0%,0,0分钟
20211103081628,关,关,关,32°C,0%,0,0分钟
20211103081634,关,关,关,33°C,0%,0,0分钟
20211103081640,关,关,关,32°C,0%,0,0分钟
20211103081759,关,关,关,33°C,0%,0,0分钟
20211103081835,关,关,关,32°C,0%,0,0分钟
20211103081911,关,关,关,33°C,0%,0,0分钟
20211103081948,关,关,关,32°C,0%,0,0分钟
20211103082018,关,关,关,33°C,0%,0,0分钟
20211103082036,关,关,关,32°C,0%,0,0分钟
20211103082054,关,关,关,33°C,0%,0,0分钟
20211103082109,关,关,关,32°C,0%,0,0分钟
20211103082112,关,关,关,33°C,0%,0,0分钟
20211103082124,关,关,关,32°C,0%,0,0分钟
20211103082130,关,关,关,33°C,0%,0,0分钟
20211103082143,关,关,关,32°C,0%,0,0分钟
20211103082149,关,关,关,33°C,0%,0,0分钟
20211103082207,关,关,关,32°C,0%,0,0分钟
20211103082213,关,关,关,33°C,0%,0,0分钟
20211103082219,关,关,关,32°C,0%,0,0分钟
20211103082225,关,关,关,33°C,0%,0,0分钟
20211103082243,关,关,关,32°C,0%,0,0分钟
20211103082249,关,关,关,33°C,0%,0,0分钟
20211103082746,关,关,关,32°C,0%,0,0分钟
20211103082752,关,关,关,33°C,0%,0,0分钟
20211103082846,关,关,关,32°C,0%,0,0分钟
20211103082852,关,关,关,33°C,0%,0,0分钟
20211103082858,关,关,关,32°C,0%,0,0分钟
20211103082904,关,关,关,33°C,0%,0,0分钟
20211103083017,关,关,关,32°C,0%,0,0分钟
20211103083023,关,关,关,33°C,0%,0,0分钟
20211103083035,关,关,关,32°C,0%,0,0分钟
20211103083041,关,关,关,33°C,0%,0,0分钟
20211103083100,关,关,关,32°C,0%,0,0分钟
20211103083106,关,关,关,33°C,0%,0,0分钟
20211103083142,关,关,关,32°C,0%,0,0分钟
20211103083148,关,关,关,33°C,0%,0,0分钟
20211103085945,关,关,关,32°C,0%,0,0分钟
20211103085947,关,关,关,32°C,0%,22,0分钟
20211103085949,关,关,关,32°C,0%,0,0分钟
20211103085951,关,关,关,32°C,0%,30,0分钟
20211103085953,关,关,关,32°C,0%,26,0分钟
20211103090032,关,关,关,32°C,0%,0,0分钟
20211103090034,关,关,关,32°C,0%,8,0分钟
20211103131542,关,关,关,32°C,0%,0,0分钟
20211103131637,关,关,关,32°C,0%,0,0分钟
20211103131643,关,关,关,31°C,0%,0,0分钟
20211103131743,关,关,关,32°C,0%,0,0分钟
20211103131756,关,关,关,31°C,0%,0,0分钟
20211103131850,关,关,关,32°C,0%,0,0分钟
20211103131856,关,关,关,31°C,0%,0,0分钟
20211103132039,关,关,关,32°C,0%,0,0分钟
20211103132045,关,关,关,31°C,0%,0,0分钟
20211103132057,关,关,关,32°C,0%,0,0分钟
20211103132103,关,关,关,31°C,0%,0,0分钟
20211103132252,关,关,关,32°C,0%,0,0分钟
20211103132304,关,关,关,31°C,0%,0,0分钟
20211103132329,关,关,关,32°C,0%,0,0分钟
20211103132335,关,关,关,31°C,0%,0,0分钟
20211103132453,关,关,关,32°C,0%,0,0分钟
20211103132500,关,关,关,31°C,0%,0,0分钟
20211103132819,关,关,关,32°C,0%,0,0分钟
20211103132826,关,关,关,31°C,0%,0,0分钟
20211103133045,关,关,关,32°C,0%,0,0分钟
20211103133051,关,关,关,31°C,0%,0,0分钟
20211103133103,关,关,关,32°C,0%,0,0分钟
20211103133117,关,关,关,31°C,0%,0,0分钟
20211103133304,关,关,关,32°C,0%,0,0分钟
20211103133310,关,关,关,31°C,0%,0,0分钟
20211103133316,关,关,关,32°C,0%,0,0分钟
20211103133338,关,关,关,31°C,0%,0,0分钟
20211103133352,关,关,关,32°C,0%,0,0分钟
20211103133411,关,关,关,31°C,0%,0,0分钟
20211103133423,关,关,关,32°C,0%,0,0分钟
20211103133429,关,关,关,31°C,0%,0,0分钟
20211103133447,关,关,关,32°C,0%,0,0分钟
20211103133453,关,关,关,31°C,0%,0,0分钟
20211103133517,关,关,关,32°C,0%,0,0分钟
20211103133523,关,关,关,31°C,0%,0,0分钟
20211103133554,关,关,关,32°C,0%,0,0分钟
20211103133600,关,关,关,31°C,0%,0,0分钟
20211103133624,关,关,关,32°C,0%,0,0分钟
20211103133636,关,关,关,31°C,0%,0,0分钟
20211103133648,关,关,关,32°C,0%,0,0分钟
20211103133654,关,关,关,31°C,0%,0,0分钟
20211103133700,关,关,关,32°C,0%,0,0分钟
20211103133725,关,关,关,31°C,0%,0,0分钟
20211103133755,关,关,关,32°C,0%,0,0分钟
20211103133801,关,关,关,31°C,0%,0,0分钟
20211103133820,关,关,关,32°C,0%,0,0分钟
20211103133837,关,关,关,31°C,0%,0,0分钟
20211103133901,关,关,关,32°C,0%,0,0分钟
20211103133914,关,关,关,31°C,0%,0,0分钟
20211103133920,关,关,关,32°C,0%,0,0分钟
20211103133926,关,关,关,31°C,0%,0,0分钟
20211103133932,关,关,关,32°C,0%,0,0分钟
20211103133944,关,关,关,31°C,0%,0,0分钟
20211103133950,关,关,关,32°C,0%,0,0分钟
20211103134050,关,关,关,31°C,0%,0,0分钟
20211103134057,关,关,关,32°C,0%,0,0分钟
20211103134109,关,关,关,31°C,0%,0,0分钟
20211103134115,关,关,关,32°C,0%,0,0分钟
20211103134133,关,关,关,31°C,0%,0,0分钟
20211103134145,关,关,关,32°C,0%,0,0分钟
20211103134157,关,关,关,31°C,0%,0,0分钟
20211103134203,关,关,关,32°C,0%,0,0分钟
20211103134209,关,关,关,31°C,0%,0,0分钟
20211103134211,关,关,关,31°C,0%,8,0分钟
20211103134233,关,关,关,31°C,0%,0,0分钟
20211103134239,关,关,关,32°C,0%,0,0分钟
20211103134252,关,关,关,31°C,0%,0,0分钟
20211103134302,关,关,关,32°C,0%,0,0分钟
20211103134304,关,关,关,31°C,0%,0,0分钟
20211103134310,关,关,关,32°C,0%,0,0分钟
20211103134358,关,关,关,31°C,0%,0,0分钟
20211103134410,关,关,关,32°C,0%,0,0分钟
20211103134416,关,关,关,31°C,0%,0,0分钟
20211103134422,关,关,关,32°C,0%,0,0分钟
20211103134428,关,关,关,31°C,0%,0,0分钟
20211103134505,关,关,关,32°C,0%,0,0分钟
20211103134523,关,关,关,31°C,0%,0,0分钟
20211103134529,关,关,关,32°C,0%,0,0分钟
20211103134547,关,关,关,31°C,0%,0,0分钟
20211103134553,关,关,关,32°C,0%,0,0分钟
20211103134630,关,关,关,31°C,0%,0,0分钟
20211103134642,关,关,关,31°C,0%,0,0分钟
20211103134648,关,关,关,32°C,0%,0,0分钟
20211103134654,关,关,关,31°C,0%,0,0分钟
20211103134700,关,关,关,32°C,0%,0,0分钟
20211103134724,关,关,关,31°C,0%,0,0分钟
20211103134736,关,关,关,32°C,0%,0,0分钟
20211103134744,关,关,关,31°C,0%,0,0分钟
20211103134754,关,关,关,32°C,0%,0,0分钟
20211103134807,关,关,关,31°C,0%,0,0分钟
20211103134812,关,关,关,32°C,0%,0,0分钟
20211103134819,关,关,关,31°C,0%,0,0分钟
20211103134825,关,关,关,32°C,0%,0,0分钟
20211103134837,关,关,关,31°C,0%,0,0分钟
20211103134843,关,关,关,32°C,0%,0,0分钟
20211103134901,关,关,关,31°C,0%,0,0分钟
20211103134913,关,关,关,32°C,0%,0,0分钟
20211103134931,关,关,关,31°C,0%,0,0分钟
20211103134937,关,关,关,32°C,0%,0,0分钟
20211103134943,关,关,关,31°C,0%,0,0分钟
20211103134949,关,关,关,32°C,0%,0,0分钟
20211103135032,关,关,关,31°C,0%,0,0分钟
20211103135114,关,关,关,32°C,0%,0,0分钟
20211103135126,关,关,关,31°C,0%,0,0分钟
20211103135132,关,关,关,32°C,0%,0,0分钟
20211103135145,关,关,关,31°C,0%,0,0分钟
20211103135151,关,关,关,32°C,0%,0,0分钟
20211103135215,关,关,关,31°C,0%,0,0分钟
20211103135221,关,关,关,32°C,0%,0,0分钟
20211103135309,关,关,关,31°C,0%,0,0分钟
20211103135315,关,关,关,32°C,0%,0,0分钟
20211103135416,关,关,关,31°C,0%,0,0分钟
20211103135422,关,关,关,32°C,0%,0,0分钟
20211103144055,关,关,关,31°C,0%,0,0分钟
20211103144100,关,关,关,31°C,0%,0,0分钟
20211103144105,关,关,关,31°C,0%,0,0分钟
20211103144110,关,关,关,31°C,0%,0,0分钟
20211103144115,关,关,关,31°C,0%,0,0分钟
20211103144120,关,关,关,31°C,0%,0,0分钟
20211103144125,关,关,关,31°C,0%,0,0分钟
20211103144130,关,关,关,31°C,0%,0,0分钟
20211103144135,关,关,关,31°C,0%,0,0分钟
20211103144140,关,关,关,31°C,0%,0,0分钟
20211103144145,关,关,关,31°C,0%,0,0分钟
20211103144150,关,关,关,31°C,0%,0,0分钟
20211103144155,关,关,关,31°C,0%,0,0分钟
20211103144200,关,关,关,31°C,0%,0,0分钟
20211103144205,关,关,关,31°C,0%,0,0分钟
20211103144210,关,关,关,31°C,0%,0,0分钟
20211103144216,关,关,关,31°C,0%,0,0分钟
20211103144221,关,关,关,31°C,0%,0,0分钟
20211103201618,关,关,关,31°C,0%,0,0分钟
20211103214844,关,关,关,31°C,0%,0,0分钟
20211103214914,开,开,关,32°C,0%,0,25分钟
20211103214932,开,开,关,32°C,0%,0,24分钟
20211103214936,开,开,关,33°C,0%,0,24分钟
20211103215012,开,开,关,33°C,0%,0,23分钟
20211103215014,开,开,关,33°C,0%,0,22分钟
20211103215055,开,开,关,34°C,0%,0,22分钟
20211103215133,开,开,关,34°C,0%,0,21分钟
20211103215147,开,开,关,35°C,0%,0,21分钟
20211103215244,开,开,关,35°C,0%,0,20分钟
20211103215246,开,开,关,35°C,0%,0,19分钟
20211103215326,开,开,关,36°C,0%,0,19分钟
20211103215328,开,开,关,36°C,0%,0,18分钟
20211103215353,开,开,关,37°C,0%,0,18分钟
20211103215435,开,开,关,37°C,0%,0,17分钟
20211103215529,开,开,关,38°C,0%,0,16分钟
20211103215604,开,开,关,39°C,0%,0,15分钟
20211103215630,开,开,关,39°C,0%,0,14分钟
20211103215640,开,开,关,40°C,0%,0,14分钟
20211103215729,开,开,关,40°C,0%,0,13分钟
20211103215731,开,开,关,40°C,0%,0,12分钟
20211103215815,开,开,关,41°C,0%,0,12分钟
20211103215849,开,开,关,41°C,0%,0,11分钟
20211103215910,开,开,关,42°C,0%,0,11分钟
20211103215958,开,开,关,42°C,0%,0,10分钟
20211103215959,开,开,关,42°C,0%,0,9分钟
20211103220036,开,开,关,43°C,0%,0,9分钟
20211103220038,开,开,关,43°C,25%,0,8分钟
20211103220109,开,开,关,44°C,25%,0,8分钟
20211103220215,开,开,关,44°C,25%,0,7分钟
20211103220219,开,开,关,45°C,25%,0,7分钟
20211103220201,开,开,关,45°C,25%,0,6分钟
20211103220203,开,开,关,45°C,25%,43,6分钟
20211103220211,开,开,关,45°C,25%,46,6分钟
20211103220213,开,开,关,45°C,25%,45,6分钟
20211103220210,开,开,关,45°C,25%,46,6分钟
20211103220211,开,开,关,45°C,25%,45,6分钟
20211103220233,开,开,关,45°C,25%,46,6分钟
20211103220237,开,开,关,45°C,25%,47,6分钟
20211103220244,开,开,关,45°C,25%,46,6分钟
20211103220248,开,开,关,45°C,25%,47,6分钟
20211103220250,开,开,关,45°C,25%,46,6分钟
20211103220252,开,开,关,45°C,25%,46,5分钟
20211103220254,开,开,关,46°C,25%,46,5分钟
20211103220256,开,开,关,46°C,25%,47,5分钟
20211103220258,开,开,关,46°C,25%,47,7分钟
20211103220300,开,开,关,45°C,25%,47,7分钟
20211103220302,开,开,关,45°C,25%,46,7分钟
20211103220304,开,开,关,45°C,25%,47,6分钟
20211103220306,开,开,关,45°C,25%,45,6分钟
20211103220310,开,开,关,45°C,25%,43,6分钟
20211103220312,开,开,关,45°C,25%,45,6分钟
20211103220314,开,开,关,45°C,25%,36,6分钟
20211103220316,开,开,关,45°C,25%,17,6分钟
20211103220318,开,开,关,45°C,25%,18,6分钟
20211103220322,开,开,关,45°C,25%,26,6分钟
20211103220324,开,开,关,45°C,25%,28,6分钟
20211103220328,开,开,关,45°C,25%,27,6分钟
20211103220330,开,开,关,45°C,25%,32,6分钟
20211103220332,开,开,关,45°C,25%,31,6分钟
20211103220334,开,开,关,45°C,25%,27,6分钟
20211103220336,开,开,关,45°C,25%,33,6分钟
20211103220344,开,开,关,45°C,25%,31,6分钟
20211103220346,开,开,关,45°C,25%,31,5分钟
20211103220348,开,开,关,46°C,25%,31,5分钟
20211103220350,开,开,关,46°C,25%,33,5分钟
20211103220352,开,开,关,46°C,25%,40,5分钟
20211103220354,开,开,关,46°C,25%,38,5分钟
20211103220358,开,开,关,46°C,25%,32,5分钟
20211103220406,开,开,关,46°C,25%,31,5分钟
20211103220408,开,开,关,46°C,25%,32,5分钟
20211103220410,开,开,关,46°C,25%,28,5分钟
20211103220412,开,开,关,46°C,25%,31,5分钟
20211103220414,开,开,关,46°C,25%,32,5分钟
20211103220423,开,开,关,46°C,25%,31,5分钟
20211103220425,开,开,关,46°C,25%,32,5分钟
20211103220427,开,开,关,46°C,25%,31,5分钟
20211103220429,开,开,关,46°C,25%,32,4分钟
20211103220431,开,开,关,46°C,25%,31,4分钟
20211103220433,开,开,关,46°C,25%,32,4分钟
20211103220441,开,开,关,46°C,25%,32,4分钟
20211103220445,开,开,关,46°C,25%,31,4分钟
20211103220447,开,开,关,46°C,25%,30,4分钟
20211103220449,开,开,关,46°C,25%,31,4分钟
20211103220451,开,开,关,46°C,25%,32,4分钟
20211103220459,开,开,关,46°C,25%,31,4分钟
20211103220501,开,开,关,46°C,25%,32,4分钟
20211103220505,开,开,关,46°C,25%,31,4分钟
20211103220507,开,开,关,46°C,25%,28,4分钟
20211103220511,开,开,关,46°C,25%,31,4分钟
20211103220513,开,开,关,46°C,25%,32,4分钟
20211103220519,开,开,关,46°C,25%,31,4分钟
20211103220521,开,开,关,46°C,25%,30,4分钟
20211103220523,开,开,关,46°C,25%,28,4分钟
20211103220525,开,开,关,46°C,25%,27,4分钟
20211103220527,开,开,关,46°C,25%,28,4分钟
20211103220529,开,开,关,46°C,25%,27,3分钟
20211103220541,开,开,关,46°C,25%,28,3分钟
20211103220543,开,开,关,46°C,25%,27,3分钟
20211103220545,开,开,关,46°C,25%,25,3分钟
20211103220547,开,开,关,46°C,25%,25,7分钟
20211103220551,开,开,关,45°C,25%,25,7分钟
20211103220553,开,开,关,45°C,25%,25,5分钟
20211103220555,开,开,关,46°C,25%,26,5分钟
20211103220557,开,开,关,46°C,25%,25,5分钟
20211103220559,开,开,关,46°C,25%,25,7分钟
20211103220604,开,开,关,45°C,25%,25,7分钟
20211103220605,开,开,关,45°C,25%,26,5分钟
20211103220608,开,开,关,46°C,25%,25,5分钟
20211103220610,开,开,关,46°C,25%,26,5分钟
20211103220612,开,开,关,46°C,25%,25,5分钟
20211103220616,开,开,关,46°C,25%,26,5分钟
20211103220618,开,开,关,46°C,25%,25,5分钟
20211103220620,开,开,关,46°C,25%,26,5分钟
20211103220622,开,开,关,46°C,25%,25,5分钟
20211103220624,开,开,关,46°C,25%,26,5分钟
20211103220626,开,开,关,46°C,25%,25,5分钟
20211103220628,开,开,关,46°C,25%,30,5分钟
20211103220630,开,开,关,46°C,25%,28,5分钟
20211103220632,开,开,关,46°C,25%,27,5分钟
20211103220634,开,开,关,46°C,25%,28,5分钟
20211103220636,开,开,关,46°C,25%,28,7分钟
20211103220638,开,开,关,45°C,25%,28,7分钟
20211103220640,开,开,关,45°C,25%,25,7分钟
20211103220642,开,开,关,45°C,25%,26,5分钟
20211103220646,开,开,关,46°C,25%,25,5分钟
20211103220648,开,开,关,46°C,25%,25,7分钟
20211103220652,开,开,关,45°C,25%,26,7分钟
20211103220654,开,开,关,45°C,25%,26,5分钟
20211103220656,开,开,关,46°C,25%,25,5分钟
20211103220702,开,开,关,46°C,25%,27,7分钟
20211103220704,开,开,关,45°C,25%,26,7分钟
20211103220706,开,开,关,45°C,25%,26,6分钟
20211103220708,开,开,关,45°C,25%,27,6分钟
20211103220710,开,开,关,45°C,25%,26,6分钟
20211103220712,开,开,关,45°C,25%,26,5分钟
20211103220714,开,开,关,46°C,25%,27,5分钟
20211103220716,开,开,关,46°C,25%,26,5分钟
20211103220718,开,开,关,46°C,25%,27,7分钟
20211103220720,开,开,关,45°C,25%,27,7分钟
20211103220722,开,开,关,45°C,25%,28,7分钟
20211103220726,开,开,关,45°C,25%,28,6分钟
20211103220736,开,开,关,45°C,25%,30,6分钟
20211103220738,开,开,关,45°C,25%,23,6分钟
20211103220740,开,开,关,45°C,25%,30,6分钟
20211103220746,开,开,关,45°C,25%,28,6分钟
20211103220748,开,开,关,45°C,25%,27,6分钟
20211103220751,开,开,关,45°C,25%,30,6分钟
20211103220755,开,开,关,45°C,25%,28,6分钟
20211103220757,开,开,关,45°C,25%,27,6分钟
20211103220803,开,开,关,45°C,25%,28,6分钟
20211103220805,开,开,关,45°C,25%,27,6分钟
20211103220807,开,开,关,45°C,25%,28,6分钟
20211103220809,开,开,关,45°C,25%,27,6分钟
20211103220811,开,开,关,45°C,25%,26,6分钟
20211103220813,开,开,关,45°C,25%,25,6分钟
20211103220817,开,开,关,45°C,25%,26,6分钟
20211103220819,开,开,关,45°C,25%,26,8分钟
20211103220821,开,开,关,44°C,25%,27,8分钟
20211103220823,开,开,关,44°C,25%,26,8分钟
20211103220825,开,开,关,44°C,25%,27,8分钟
20211103220827,开,开,关,44°C,25%,26,8分钟
20211103220831,开,开,关,44°C,25%,27,8分钟
20211103220833,开,开,关,44°C,25%,26,8分钟
20211103220835,开,开,关,44°C,25%,27,8分钟
20211103220843,开,开,关,44°C,25%,26,8分钟
20211103220845,开,开,关,44°C,25%,27,8分钟
20211103220849,开,开,关,44°C,25%,26,8分钟
20211103220855,开,开,关,44°C,25%,26,7分钟
20211103220857,开,开,关,44°C,25%,27,7分钟
20211103220859,开,开,关,44°C,25%,26,7分钟
20211103220901,开,开,关,44°C,25%,25,7分钟
20211103220905,开,开,关,44°C,25%,27,7分钟
20211103220907,开,开,关,44°C,25%,28,7分钟
20211103220909,开,开,关,44°C,25%,25,7分钟
20211103220911,开,开,关,44°C,25%,26,7分钟
20211103220913,开,开,关,44°C,25%,26,9分钟
20211103220935,开,开,关,43°C,25%,0,9分钟
20211103220938,开,开,关,43°C,25%,0,11分钟
20211103220958,开,开,关,42°C,25%,0,11分钟
20211103221012,开,开,关,42°C,25%,0,10分钟
20211103221014,开,开,关,42°C,25%,0,12分钟
20211103221054,开,开,关,41°C,25%,0,12分钟
20211103221056,开,开,关,41°C,25%,0,14分钟
20211103221106,开,开,关,40°C,25%,0,14分钟
20211103221108,开,开,关,40°C,25%,0,13分钟
20211103221110,开,开,关,40°C,25%,23,13分钟
20211103221116,开,开,关,40°C,25%,27,13分钟
20211103221121,开,开,关,40°C,25%,26,13分钟
20211103221125,开,开,关,40°C,25%,27,13分钟
20211103221127,开,开,关,40°C,25%,26,13分钟
20211103221131,开,开,关,40°C,25%,27,13分钟
20211103221133,开,开,关,40°C,25%,27,15分钟
20211103221135,开,开,关,39°C,25%,27,15分钟
20211103221137,开,开,关,39°C,25%,26,15分钟
20211103221143,开,开,关,39°C,25%,27,15分钟
20211103221145,开,开,关,39°C,25%,26,15分钟
20211103221149,开,开,关,39°C,25%,27,15分钟
20211103221151,开,开,关,39°C,25%,26,15分钟
20211103221201,开,开,关,39°C,25%,27,15分钟
20211103221203,开,开,关,39°C,25%,26,15分钟
20211103221207,开,开,关,39°C,25%,27,15分钟
20211103221211,开,开,关,39°C,25%,27,14分钟
20211103221213,开,开,关,39°C,25%,26,14分钟
20211103221215,开,开,关,39°C,25%,27,17分钟
20211103221223,开,开,关,38°C,25%,27,16分钟
20211103221227,开,开,关,38°C,25%,28,16分钟
20211103221245,开,开,关,38°C,25%,27,16分钟
20211103221247,开,开,关,38°C,25%,26,16分钟
20211103221249,开,开,关,38°C,25%,27,16分钟
20211103221251,开,开,关,38°C,25%,27,18分钟
20211103221314,开,开,关,37°C,25%,27,18分钟
20211103221316,开,开,关,37°C,25%,25,18分钟
20211103221354,开,开,关,37°C,25%,25,17分钟
20211103221356,开,开,关,37°C,25%,26,17分钟
20211103221406,开,开,关,37°C,25%,25,17分钟
20211103221408,开,开,关,37°C,25%,26,17分钟
20211103221416,开,开,关,37°C,25%,25,17分钟
20211103221422,开,开,关,37°C,25%,25,16分钟
20211103221424,开,开,关,37°C,25%,21,16分钟
20211103221426,开,开,关,37°C,25%,26,16分钟
20211103221428,开,开,关,37°C,25%,25,19分钟
20211103221436,开,开,关,36°C,25%,26,19分钟
20211103221441,开,开,关,36°C,25%,25,19分钟
20211103221455,开,开,关,36°C,25%,26,19分钟
20211103221459,开,开,关,36°C,25%,25,19分钟
20211103221515,开,开,关,36°C,25%,26,19分钟
20211103221517,开,开,关,36°C,25%,25,19分钟
20211103221519,开,开,关,36°C,25%,21,19分钟
20211103221521,开,开,关,36°C,25%,22,18分钟
20211103221523,开,开,关,36°C,25%,21,18分钟
20211103221525,开,开,关,36°C,25%,22,18分钟
20211103221527,开,开,关,36°C,25%,27,18分钟
20211103221533,开,开,关,36°C,25%,21,18分钟
20211103221535,开,开,关,36°C,25%,21,21分钟
20211103221549,开,开,关,35°C,25%,26,21分钟
20211103221555,开,开,关,35°C,25%,26,20分钟
20211103221557,开,开,关,35°C,25%,25,20分钟
20211103221559,开,开,关,35°C,25%,26,20分钟
20211103221601,开,开,关,35°C,25%,25,20分钟
20211103221603,开,开,关,35°C,25%,26,20分钟
20211103221605,开,开,关,35°C,25%,25,20分钟
20211103221607,开,开,关,35°C,25%,26,20分钟
20211103221650,开,开,关,35°C,25%,0,20分钟
20211103221750,开,开,关,35°C,25%,0,19分钟
20211103221851,开,开,关,35°C,25%,0,18分钟
20211103221929,开,开,关,35°C,25%,0,17分钟
20211103221931,开,开,关,35°C,25%,0,19分钟
20211103221952,开,开,关,36°C,25%,0,19分钟
20211103221954,开,开,关,36°C,25%,31,19分钟
20211103221958,开,开,关,36°C,25%,48,19分钟
20211103222000,开,开,关,36°C,25%,26,19分钟
20211103222002,开,开,关,36°C,25%,22,19分钟
20211103222004,开,开,关,36°C,25%,21,19分钟
20211103222006,开,开,关,36°C,25%,22,19分钟
20211103222012,开,开,关,36°C,25%,25,19分钟
20211103222021,开,开,关,36°C,25%,23,18分钟
20211103222016,开,开,关,37°C,25%,23,18分钟
20211103222020,开,开,关,37°C,25%,25,18分钟
20211103222021,开,开,关,37°C,25%,23,18分钟
20211103222024,开,开,关,37°C,25%,25,18分钟
20211103222026,开,开,关,37°C,25%,22,18分钟
20211103222030,开,开,关,37°C,25%,25,18分钟
20211103222032,开,开,关,37°C,25%,26,18分钟
20211103222034,开,开,关,37°C,25%,25,18分钟
20211103222038,开,开,关,37°C,25%,23,18分钟
20211103222042,开,开,关,37°C,25%,23,17分钟
20211103222044,开,开,关,37°C,25%,21,17分钟
20211103222048,开,开,关,37°C,25%,23,17分钟
20211103222050,开,开,关,37°C,25%,22,17分钟
20211103222054,开,开,关,37°C,25%,23,17分钟
20211103222058,开,开,关,37°C,25%,22,17分钟
20211103222107,开,开,关,37°C,25%,22,17分钟
20211103222112,开,开,关,37°C,25%,23,17分钟
20211103222114,开,开,关,37°C,25%,22,17分钟
20211103222118,开,开,关,37°C,25%,23,17分钟
20211103222120,开,开,关,37°C,25%,21,17分钟
20211103222131,开,开,关,37°C,25%,23,17分钟
20211103222132,开,开,关,37°C,25%,22,17分钟
20211103222134,开,开,关,37°C,25%,23,17分钟
20211103222137,开,开,关,37°C,25%,22,17分钟
20211103222139,开,开,关,37°C,25%,20,17分钟
20211103222141,开,开,关,37°C,25%,20,16分钟
20211103222143,开,开,关,37°C,25%,21,16分钟
20211103222145,开,开,关,37°C,25%,20,16分钟
20211103222147,开,开,关,37°C,25%,21,16分钟
20211103222151,开,开,关,37°C,25%,20,16分钟
20211103222203,开,开,关,37°C,25%,17,16分钟
20211103222207,开,开,关,37°C,25%,16,16分钟
20211103222209,开,开,关,37°C,25%,17,16分钟
20211103222211,开,开,关,37°C,25%,20,16分钟
20211103222213,开,开,关,37°C,25%,18,16分钟
20211103222227,开,开,关,37°C,25%,20,16分钟
20211103222233,开,开,关,37°C,25%,18,16分钟
20211103222235,开,开,关,37°C,25%,20,16分钟
20211103222237,开,开,关,37°C,25%,18,16分钟
20211103222239,开,开,关,37°C,25%,20,16分钟
20211103222241,开,开,关,37°C,25%,20,15分钟
20211103222243,开,开,关,37°C,25%,18,15分钟
20211103222245,开,开,关,37°C,25%,20,15分钟
20211103222247,开,开,关,37°C,25%,16,15分钟
20211103222249,开,开,关,37°C,25%,15,15分钟
20211103222251,开,开,关,37°C,25%,16,15分钟
20211103222257,开,开,关,37°C,25%,20,15分钟
20211103222259,开,开,关,37°C,25%,18,15分钟
20211103222303,开,开,关,37°C,25%,20,15分钟
20211103222307,开,开,关,37°C,25%,18,15分钟
20211103222313,开,开,关,37°C,25%,20,15分钟
20211103222315,开,开,关,37°C,25%,18,15分钟
20211103222320,开,开,关,37°C,25%,20,15分钟
20211103222322,开,开,关,37°C,25%,18,15分钟
20211103222334,开,开,关,37°C,25%,20,15分钟
20211103222340,开,开,关,37°C,25%,18,15分钟
20211103222344,开,开,关,37°C,25%,20,14分钟
20211103222346,开,开,关,37°C,25%,13,14分钟
20211103222348,开,开,关,37°C,25%,15,14分钟
20211103222354,开,开,关,37°C,25%,20,14分钟
20211103222356,开,开,关,37°C,25%,18,14分钟
20211103222400,开,开,关,37°C,25%,20,14分钟
20211103222404,开,开,关,37°C,25%,18,14分钟
20211103222406,开,开,关,37°C,25%,20,14分钟
20211103222408,开,开,关,37°C,25%,18,14分钟
20211103222410,开,开,关,37°C,25%,20,14分钟
20211103222412,开,开,关,37°C,25%,18,14分钟
20211103222416,开,开,关,37°C,25%,20,14分钟
20211103222418,开,开,关,37°C,25%,18,14分钟
20211103222434,开,开,关,37°C,25%,20,14分钟
20211103222436,开,开,关,37°C,25%,18,14分钟
20211103222440,开,开,关,37°C,25%,20,14分钟
20211103222442,开,开,关,37°C,25%,18,14分钟
20211103222448,开,开,关,37°C,25%,20,14分钟
20211103222450,开,开,关,37°C,25%,18,14分钟
20211103222511,开,开,关,37°C,25%,20,14分钟
20211103222519,开,开,关,37°C,25%,18,14分钟
20211103222535,开,开,关,37°C,25%,20,14分钟
20211103222539,开,开,关,37°C,25%,18,14分钟
20211103222545,开,开,关,37°C,25%,20,14分钟
20211103222550,开,开,关,37°C,25%,18,14分钟
20211103222551,开,开,关,37°C,25%,20,14分钟
20211103222553,开,开,关,37°C,25%,11,14分钟
20211103222609,开,开,关,37°C,25%,0,14分钟
20211103222611,开,开,关,37°C,0%,0,19分钟
20211103222615,开,开,关,36°C,0%,0,19分钟
20211103222617,开,开,关,36°C,0%,0,18分钟
20211103222621,开,开,关,37°C,0%,0,18分钟
20211103222623,开,开,关,37°C,0%,0,19分钟
20211103222627,开,开,关,36°C,0%,0,19分钟
20211103222629,开,开,关,36°C,0%,0,18分钟
20211103222633,开,开,关,37°C,0%,0,18分钟
20211103222635,开,开,关,37°C,0%,0,19分钟
20211103222640,开,开,关,36°C,0%,0,19分钟
20211103222641,开,开,关,36°C,0%,0,18分钟
20211103222646,开,开,关,37°C,0%,0,18分钟
20211103222648,开,开,关,37°C,0%,0,19分钟
20211103222738,开,开,关,36°C,0%,0,19分钟
20211103222800,开,开,关,36°C,0%,0,18分钟
20211103222811,开,开,关,37°C,0%,0,18分钟
20211103222812,开,开,关,37°C,0%,0,19分钟
20211103222823,开,开,关,36°C,0%,0,19分钟
20211103222825,开,开,关,36°C,0%,0,18分钟
20211103222831,开,开,关,37°C,0%,0,18分钟
20211103224154,关,关,关,37°C,25%,0,0分钟
20211103224156,关,关,关,37°C,25%,18,0分钟
20211103224217,关,关,关,37°C,25%,26,0分钟
20211103224221,关,关,关,37°C,25%,22,0分钟
20211103224227,关,关,关,37°C,25%,23,0分钟
20211103224229,关,关,关,37°C,25%,27,0分钟
20211103224231,关,关,关,37°C,25%,28,0分钟
20211103224247,关,关,关,37°C,25%,27,0分钟
20211103224249,关,关,关,37°C,25%,28,0分钟
20211103224253,关,关,关,37°C,25%,27,0分钟
20211103224255,关,关,关,37°C,25%,28,0分钟
20211103224259,关,关,关,37°C,25%,27,0分钟
20211103224301,关,关,关,37°C,25%,28,0分钟
20211103224309,关,关,关,37°C,25%,27,0分钟
20211103224311,关,关,关,37°C,25%,26,0分钟
20211103224335,关,关,关,37°C,25%,27,0分钟
20211103224337,关,关,关,37°C,25%,28,0分钟
20211103224343,关,关,关,37°C,25%,27,0分钟
20211103224348,关,关,关,37°C,25%,28,0分钟
20211103224400,关,关,关,37°C,25%,27,0分钟
20211103224402,关,关,关,37°C,25%,28,0分钟
20211103224408,关,关,关,37°C,25%,27,0分钟
20211103224414,关,关,关,37°C,25%,28,0分钟
20211103224420,关,关,关,37°C,25%,27,0分钟
20211103224424,关,关,关,37°C,25%,28,0分钟
20211103224426,关,关,关,37°C,25%,27,0分钟
20211103224428,关,关,关,37°C,25%,28,0分钟
20211103224430,关,关,关,37°C,25%,27,0分钟
20211103224438,关,关,关,37°C,25%,28,0分钟
20211103224444,关,关,关,37°C,25%,27,0分钟
20211103224448,关,关,关,37°C,25%,28,0分钟
20211103224452,关,关,关,37°C,25%,27,0分钟
20211103224454,关,关,关,37°C,25%,28,0分钟
20211103224456,关,关,关,37°C,25%,27,0分钟
20211103224458,关,关,关,37°C,25%,28,0分钟
20211103224500,关,关,关,37°C,25%,27,0分钟
20211103224504,关,关,关,37°C,25%,28,0分钟
20211103224506,关,关,关,37°C,25%,27,0分钟
20211103224508,关,关,关,37°C,25%,28,0分钟
20211103224518,关,关,关,37°C,25%,27,0分钟
20211103224520,关,关,关,37°C,25%,28,0分钟
20211103224522,关,关,关,37°C,25%,27,0分钟
20211103224524,关,关,关,37°C,25%,28,0分钟
20211103224528,关,关,关,37°C,25%,27,0分钟
20211103224531,关,关,关,37°C,25%,26,0分钟
20211103224532,关,关,关,37°C,25%,28,0分钟
20211103224641,关,关,关,37°C,0%,0,0分钟
20211103225047,关,关,关,36°C,0%,0,0分钟
20211103225050,关,关,关,36°C,0%,38,0分钟
20211103225056,关,关,关,36°C,0%,41,0分钟
20211103225058,关,关,关,36°C,0%,0,0分钟
20211103225100,关,关,关,36°C,0%,48,0分钟
20211103225102,关,关,关,36°C,0%,50,0分钟
20211103225104,关,关,关,36°C,0%,48,0分钟
20211103225108,关,关,关,36°C,0%,50,0分钟
20211103225112,关,关,关,36°C,0%,48,0分钟
20211103225118,关,关,关,36°C,0%,50,0分钟
20211103225120,关,关,关,36°C,0%,37,0分钟
20211103225321,关,关,关,36°C,0%,0,0分钟
20211103225327,关,关,关,35°C,0%,0,0分钟
20211103225401,关,关,关,36°C,0%,0,0分钟
20211103225450,关,关,关,35°C,0%,0,0分钟
20211103225452,关,关,关,35°C,0%,10,0分钟
20211103225454,关,关,关,35°C,0%,36,0分钟
20211103225504,关,关,关,35°C,0%,37,0分钟
20211103225506,关,关,关,35°C,0%,38,0分钟
20211103225508,关,关,关,35°C,0%,37,0分钟
20211103225514,关,关,关,35°C,0%,38,0分钟
20211103225516,关,关,关,35°C,0%,37,0分钟
20211103225518,关,关,关,35°C,0%,31,0分钟
20211103231556,关,关,关,35°C,0%,0,0分钟
20211103231614,关,关,关,35°C,0%,0,0分钟
20211103231632,关,关,关,34°C,0%,0,0分钟
20211103231638,关,关,关,35°C,0%,0,0分钟
20211104010042,关,关,关,34°C,0%,0,0分钟
20211104010256,关,关,关,34°C,0%,0,0分钟
20211104010308,关,关,关,33°C,0%,0,0分钟
20211104010326,关,关,关,34°C,0%,0,0分钟
20211104010332,关,关,关,33°C,0%,0,0分钟
20211104010350,关,关,关,34°C,0%,0,0分钟
20211104010356,关,关,关,33°C,0%,0,0分钟
20211104010402,关,关,关,34°C,0%,0,0分钟
20211104010414,关,关,关,33°C,0%,0,0分钟
20211104010420,关,关,关,34°C,0%,0,0分钟
20211104010427,关,关,关,33°C,0%,0,0分钟
20211104010439,关,关,关,34°C,0%,0,0分钟
20211104010509,关,关,关,33°C,0%,0,0分钟
20211104010536,关,关,关,34°C,0%,0,0分钟
20211104010557,关,关,关,33°C,0%,0,0分钟
20211104010603,关,关,关,34°C,0%,0,0分钟
20211104010616,关,关,关,33°C,0%,0,0分钟
20211104010710,关,关,关,34°C,0%,0,0分钟
20211104010734,关,关,关,33°C,0%,0,0分钟
20211104010805,关,关,关,34°C,0%,0,0分钟
20211104010811,关,关,关,33°C,0%,0,0分钟
20211104010817,关,关,关,34°C,0%,0,0分钟
20211104010847,关,关,关,33°C,0%,0,0分钟
20211104010859,关,关,关,34°C,0%,0,0分钟
20211104010905,关,关,关,33°C,0%,0,0分钟
20211104010911,关,关,关,34°C,0%,0,0分钟
20211104010917,关,关,关,33°C,0%,0,0分钟
20211104010923,关,关,关,34°C,0%,0,0分钟
20211104010929,关,关,关,33°C,0%,0,0分钟
20211104010935,关,关,关,34°C,0%,0,0分钟
20211104011006,关,关,关,33°C,0%,0,0分钟
20211104011024,关,关,关,34°C,0%,0,0分钟
20211104011036,关,关,关,33°C,0%,0,0分钟
20211104011042,关,关,关,34°C,0%,0,0分钟
20211104011155,关,关,关,33°C,0%,0,0分钟
20211104011201,关,关,关,34°C,0%,0,0分钟
20211104011207,关,关,关,33°C,0%,0,0分钟
20211104011225,关,关,关,34°C,0%,0,0分钟
20211104011231,关,关,关,33°C,0%,0,0分钟
20211104011243,关,关,关,34°C,0%,0,0分钟
20211104011320,关,关,关,33°C,0%,0,0分钟
20211104011420,关,关,关,34°C,0%,0,0分钟
20211104011426,关,关,关,33°C,0%,0,0分钟
20211104011432,关,关,关,34°C,0%,0,0分钟
20211104011500,关,关,关,33°C,0%,0,0分钟
20211104011502,关,关,关,34°C,0%,0,0分钟
20211104011509,关,关,关,33°C,0%,0,0分钟
20211104011515,关,关,关,34°C,0%,0,0分钟
20211104050819,关,关,关,33°C,0%,0,0分钟
20211104050831,关,关,关,33°C,0%,0,0分钟
20211104050837,关,关,关,32°C,0%,0,0分钟
20211104051145,关,关,关,33°C,0%,0,0分钟
20211104051151,关,关,关,32°C,0%,0,0分钟
20211104051346,关,关,关,33°C,0%,0,0分钟
20211104051352,关,关,关,32°C,0%,0,0分钟
20211104051440,关,关,关,33°C,0%,0,0分钟
20211104051453,关,关,关,32°C,0%,0,0分钟
20211104051459,关,关,关,33°C,0%,0,0分钟
20211104051511,关,关,关,32°C,0%,0,0分钟
20211104051601,关,关,关,33°C,0%,0,0分钟
20211104051611,关,关,关,32°C,0%,0,0分钟
20211104051623,关,关,关,33°C,0%,0,0分钟
20211104051629,关,关,关,32°C,0%,0,0分钟
20211104051831,关,关,关,33°C,0%,0,0分钟
20211104051837,关,关,关,32°C,0%,0,0分钟
20211104052013,关,关,关,33°C,0%,0,0分钟
20211104052020,关,关,关,32°C,0%,0,0分钟
20211104052038,关,关,关,33°C,0%,0,0分钟
20211104052050,关,关,关,32°C,0%,0,0分钟
20211104052132,关,关,关,33°C,0%,0,0分钟
20211104052138,关,关,关,32°C,0%,0,0分钟
20211104052156,关,关,关,33°C,0%,0,0分钟
20211104052203,关,关,关,32°C,0%,0,0分钟
20211104052209,关,关,关,33°C,0%,0,0分钟
20211104052215,关,关,关,32°C,0%,0,0分钟
20211104052239,关,关,关,33°C,0%,0,0分钟
20211104052245,关,关,关,32°C,0%,0,0分钟
20211104052309,关,关,关,33°C,0%,0,0分钟
20211104052315,关,关,关,32°C,0%,0,0分钟
20211104052333,关,关,关,33°C,0%,0,0分钟
20211104052339,关,关,关,32°C,0%,0,0分钟
20211104052346,关,关,关,33°C,0%,0,0分钟
20211104052352,关,关,关,32°C,0%,0,0分钟
20211104052446,关,关,关,33°C,0%,0,0分钟
20211104052452,关,关,关,32°C,0%,0,0分钟
20211104052510,关,关,关,33°C,0%,0,0分钟
20211104052516,关,关,关,32°C,0%,0,0分钟
20211104052535,关,关,关,33°C,0%,0,0分钟
20211104052541,关,关,关,32°C,0%,0,0分钟
20211104052553,关,关,关,33°C,0%,0,0分钟
20211104052605,关,关,关,32°C,0%,0,0分钟
20211104052629,关,关,关,33°C,0%,0,0分钟
20211104052635,关,关,关,32°C,0%,0,0分钟
20211104052718,关,关,关,33°C,0%,0,0分钟
20211104052724,关,关,关,32°C,0%,0,0分钟
20211104052730,关,关,关,33°C,0%,0,0分钟
20211104052736,关,关,关,32°C,0%,0,0分钟
20211104052800,关,关,关,33°C,0%,0,0分钟
20211104052806,关,关,关,32°C,0%,0,0分钟
20211104052812,关,关,关,33°C,0%,0,0分钟
20211104052818,关,关,关,32°C,0%,0,0分钟
20211104052848,关,关,关,33°C,0%,0,0分钟
20211104052854,关,关,关,32°C,0%,0,0分钟
20211104052913,关,关,关,33°C,0%,0,0分钟
20211104052919,关,关,关,32°C,0%,0,0分钟
20211104052925,关,关,关,33°C,0%,0,0分钟
20211104052931,关,关,关,32°C,0%,0,0分钟
20211104052937,关,关,关,33°C,0%,0,0分钟
20211104052943,关,关,关,32°C,0%,0,0分钟
20211104052949,关,关,关,33°C,0%,0,0分钟
20211104052955,关,关,关,32°C,0%,0,0分钟
20211104053001,关,关,关,33°C,0%,0,0分钟
20211104053007,关,关,关,32°C,0%,0,0分钟
20211104053019,关,关,关,33°C,0%,0,0分钟
20211104053031,关,关,关,32°C,0%,0,0分钟
20211104053056,关,关,关,33°C,0%,0,0分钟
20211104053102,关,关,关,32°C,0%,0,0分钟
20211104053108,关,关,关,33°C,0%,0,0分钟
20211104053120,关,关,关,32°C,0%,0,0分钟
20211104053144,关,关,关,33°C,0%,0,0分钟
20211104053150,关,关,关,32°C,0%,0,0分钟
20211104053156,关,关,关,33°C,0%,0,0分钟
20211104053214,关,关,关,32°C,0%,0,0分钟
20211104053220,关,关,关,33°C,0%,0,0分钟
20211104053232,关,关,关,32°C,0%,0,0分钟
20211104053245,关,关,关,33°C,0%,0,0分钟
20211104053303,关,关,关,32°C,0%,0,0分钟
20211104053309,关,关,关,33°C,0%,0,0分钟
20211104053315,关,关,关,32°C,0%,0,0分钟
20211104053327,关,关,关,33°C,0%,0,0分钟
20211104053339,关,关,关,32°C,0%,0,0分钟
20211104053345,关,关,关,33°C,0%,0,0分钟
20211104053351,关,关,关,32°C,0%,0,0分钟
20211104053357,关,关,关,33°C,0%,0,0分钟
20211104053452,关,关,关,32°C,0%,0,0分钟
20211104053458,关,关,关,33°C,0%,0,0分钟
20211104053504,关,关,关,32°C,0%,0,0分钟
20211104053510,关,关,关,33°C,0%,0,0分钟
20211104053528,关,关,关,32°C,0%,0,0分钟
20211104053534,关,关,关,33°C,0%,0,0分钟
20211104053546,关,关,关,32°C,0%,0,0分钟
20211104053552,关,关,关,33°C,0%,0,0分钟
20211104053604,关,关,关,32°C,0%,0,0分钟
20211104053611,关,关,关,33°C,0%,0,0分钟
20211104053617,关,关,关,32°C,0%,0,0分钟
20211104053623,关,关,关,33°C,0%,0,0分钟
20211104053629,关,关,关,32°C,0%,0,0分钟
20211104053635,关,关,关,33°C,0%,0,0分钟
20211104053647,关,关,关,32°C,0%,0,0分钟
20211104053659,关,关,关,33°C,0%,0,0分钟
20211104053710,关,关,关,32°C,0%,0,0分钟
20211104053717,关,关,关,33°C,0%,0,0分钟
20211104053723,关,关,关,32°C,0%,0,0分钟
20211104053729,关,关,关,33°C,0%,0,0分钟
20211104053800,关,关,关,32°C,0%,0,0分钟
20211104053806,关,关,关,33°C,0%,0,0分钟
20211104053830,关,关,关,32°C,0%,0,0分钟
20211104053836,关,关,关,33°C,0%,0,0分钟
20211104053942,关,关,关,32°C,0%,0,0分钟
20211104053949,关,关,关,33°C,0%,0,0分钟
20211104054049,关,关,关,32°C,0%,0,0分钟
20211104054055,关,关,关,33°C,0%,0,0分钟
20211104054119,关,关,关,32°C,0%,0,0分钟
20211104054125,关,关,关,33°C,0%,0,0分钟
20211104054226,关,关,关,32°C,0%,0,0分钟
20211104054232,关,关,关,33°C,0%,0,0分钟
20211104054320,关,关,关,32°C,0%,0,0分钟
20211104054327,关,关,关,33°C,0%,0,0分钟
20211104054357,关,关,关,32°C,0%,0,0分钟
20211104054403,关,关,关,33°C,0%,0,0分钟
20211104054421,关,关,关,32°C,0%,0,0分钟
20211104054427,关,关,关,33°C,0%,0,0分钟
20211104054747,关,关,关,32°C,0%,0,0分钟
20211104054753,关,关,关,33°C,0%,0,0分钟
20211104111519,关,关,关,32°C,0%,0,0分钟
20211104111732,关,关,关,32°C,0%,0,0分钟
20211104111738,关,关,关,31°C,0%,0,0分钟
20211104111903,关,关,关,32°C,0%,0,0分钟
20211104111909,关,关,关,31°C,0%,0,0分钟
20211104112040,关,关,关,32°C,0%,0,0分钟
20211104112046,关,关,关,31°C,0%,0,0分钟
20211104112135,关,关,关,32°C,0%,0,0分钟
20211104112141,关,关,关,31°C,0%,0,0分钟
20211104112311,关,关,关,32°C,0%,0,0分钟
20211104112318,关,关,关,31°C,0%,0,0分钟
20211104112507,关,关,关,32°C,0%,0,0分钟
20211104112513,关,关,关,31°C,0%,0,0分钟
20211104112702,关,关,关,32°C,0%,0,0分钟
20211104112708,关,关,关,31°C,0%,0,0分钟
20211104112716,关,关,关,32°C,0%,0,0分钟
20211104112720,关,关,关,31°C,0%,0,0分钟
20211104112732,关,关,关,32°C,0%,0,0分钟
20211104112738,关,关,关,31°C,0%,0,0分钟
20211104112915,关,关,关,32°C,0%,0,0分钟
20211104112921,关,关,关,31°C,0%,0,0分钟
20211104112927,关,关,关,32°C,0%,0,0分钟
20211104112936,关,关,关,31°C,0%,0,0分钟
20211104113015,关,关,关,32°C,0%,0,0分钟
20211104113027,关,关,关,31°C,0%,0,0分钟
20211104113040,关,关,关,32°C,0%,0,0分钟
20211104113046,关,关,关,31°C,0%,0,0分钟
20211104113311,关,关,关,32°C,0%,0,0分钟
20211104113329,关,关,关,32°C,0%,0,0分钟
20211104113341,关,关,关,31°C,0%,0,0分钟
20211104113353,关,关,关,32°C,0%,0,0分钟
20211104113412,关,关,关,31°C,0%,0,0分钟
20211104113419,关,关,关,32°C,0%,0,0分钟
20211104113506,关,关,关,31°C,0%,0,0分钟
20211104113512,关,关,关,32°C,0%,0,0分钟
20211104113643,关,关,关,31°C,0%,0,0分钟
20211104113649,关,关,关,32°C,0%,0,0分钟
20211104113737,关,关,关,31°C,0%,0,0分钟
20211104113743,关,关,关,32°C,0%,0,0分钟
20211104114027,关,关,关,31°C,0%,0,0分钟
20211104114033,关,关,关,32°C,0%,0,0分钟
20211104114109,关,关,关,31°C,0%,0,0分钟
20211104114115,关,关,关,32°C,0%,0,0分钟
20211104114122,关,关,关,31°C,0%,0,0分钟
20211104114128,关,关,关,32°C,0%,0,0分钟
20211104114152,关,关,关,31°C,0%,0,0分钟
20211104114158,关,关,关,32°C,0%,0,0分钟
20211104114204,关,关,关,31°C,0%,0,0分钟
20211104114210,关,关,关,32°C,0%,0,0分钟
20211104114228,关,关,关,31°C,0%,0,0分钟
20211104114240,关,关,关,32°C,0%,0,0分钟
20211104114258,关,关,关,31°C,0%,0,0分钟
20211104114304,关,关,关,32°C,0%,0,0分钟
20211104114329,关,关,关,31°C,0%,0,0分钟
20211104114335,关,关,关,32°C,0%,0,0分钟
20211104114411,关,关,关,31°C,0%,0,0分钟
20211104114417,关,关,关,32°C,0%,0,0分钟
20211104114536,关,关,关,31°C,0%,0,0分钟
20211104114542,关,关,关,32°C,0%,0,0分钟
20211104114618,关,关,关,31°C,0%,0,0分钟
20211104114624,关,关,关,32°C,0%,0,0分钟
20211104114642,关,关,关,31°C,0%,0,0分钟
20211104114648,关,关,关,32°C,0%,0,0分钟
20211104114755,关,关,关,31°C,0%,0,0分钟
20211104114801,关,关,关,32°C,0%,0,0分钟
20211104114902,关,关,关,31°C,0%,0,0分钟
20211104114908,关,关,关,32°C,0%,0,0分钟
20211104115026,关,关,关,31°C,0%,0,0分钟
20211104115032,关,关,关,32°C,0%,0,0分钟
20211104115103,关,关,关,31°C,0%,0,0分钟
20211104115109,关,关,关,32°C,0%,0,0分钟
20211104115453,关,关,关,31°C,0%,0,0分钟
20211104115459,关,关,关,32°C,0%,0,0分钟
20211104145425,关,关,关,31°C,0%,0,0分钟
20211104145430,关,关,关,31°C,0%,0,0分钟
20211104145435,关,关,关,31°C,0%,0,0分钟
20211104145440,关,关,关,31°C,0%,0,0分钟
20211104145445,关,关,关,31°C,0%,0,0分钟
20211104145450,关,关,关,31°C,0%,0,0分钟
20211104145455,关,关,关,31°C,0%,0,0分钟
20211104145500,关,关,关,31°C,0%,0,0分钟
20211104145505,关,关,关,31°C,0%,0,0分钟
20211104145510,关,关,关,31°C,0%,0,0分钟
20211104145515,关,关,关,31°C,0%,0,0分钟
20211104145520,关,关,关,31°C,0%,0,0分钟
20211104145525,关,关,关,31°C,0%,0,0分钟
20211104145530,关,关,关,31°C,0%,0,0分钟
20211104145535,关,关,关,31°C,0%,0,0分钟
20211104145540,关,关,关,31°C,0%,0,0分钟
20211104145545,关,关,关,31°C,0%,0,0分钟
20211104145550,关,关,关,31°C,0%,0,0分钟
20211104193209,关,关,关,31°C,0%,0,0分钟
20211104193619,关,关,关,31°C,0%,0,0分钟
20211104193621,关,关,关,31°C,0%,8,0分钟
20211104202957,关,关,关,31°C,0%,0,0分钟
20211104203058,开,开,关,31°C,0%,0,25分钟
20211104203111,开,开,关,31°C,0%,0,24分钟
20211104203114,开,开,关,31°C,0%,0,25分钟
20211104203140,开,开,关,32°C,0%,0,25分钟
20211104203144,开,开,关,32°C,0%,0,24分钟
20211104203146,开,开,关,33°C,0%,0,24分钟
20211104203247,开,开,关,33°C,0%,0,23分钟
20211104203251,开,开,关,33°C,0%,0,22分钟
20211104203332,开,开,关,34°C,0%,0,22分钟
20211104203415,开,开,关,34°C,0%,0,21分钟
20211104203428,开,开,关,35°C,0%,0,21分钟
20211104203500,开,开,关,35°C,0%,0,20分钟
20211104203504,开,开,关,35°C,0%,0,19分钟
20211104203506,开,开,关,36°C,0%,0,19分钟
20211104203510,开,开,关,36°C,0%,0,21分钟
20211104203512,开,开,关,35°C,0%,0,21分钟
20211104203516,开,开,关,35°C,0%,0,19分钟
20211104203600,开,开,关,36°C,0%,0,19分钟
20211104203604,开,开,关,36°C,0%,0,18分钟
20211104203627,开,开,关,37°C,0%,0,18分钟
20211104203715,开,开,关,37°C,0%,0,17分钟
20211104203717,开,开,关,37°C,0%,0,16分钟
20211104203755,开,开,关,38°C,0%,0,16分钟
20211104203759,开,开,关,38°C,0%,0,15分钟
20211104203832,开,开,关,39°C,0%,0,15分钟
20211104203912,开,开,关,39°C,0%,0,14分钟
20211104203920,开,开,关,40°C,0%,0,14分钟
20211104204009,开,开,关,40°C,0%,0,13分钟
20211104204013,开,开,关,40°C,0%,0,12分钟
20211104204113,开,开,关,41°C,0%,0,12分钟
20211104204131,开,开,关,42°C,0%,0,11分钟
20211104204228,开,开,关,42°C,0%,0,10分钟
20211104204232,开,开,关,42°C,0%,0,9分钟
20211104204310,开,开,关,43°C,0%,0,9分钟
20211104204314,开,开,关,43°C,25%,0,8分钟
20211104204343,开,开,关,44°C,25%,0,8分钟
20211104204433,开,开,关,44°C,25%,0,7分钟
20211104204435,开,开,关,45°C,25%,0,7分钟
20211104204530,开,开,关,45°C,25%,0,6分钟
20211104204534,开,开,关,45°C,25%,0,5分钟
20211104204612,开,开,关,46°C,25%,0,5分钟
20211104204634,开,开,关,46°C,25%,0,4分钟
20211104204646,开,开,关,47°C,25%,0,4分钟
20211104204747,开,开,关,47°C,25%,0,3分钟
20211104204811,开,开,关,47°C,25%,0,2分钟
20211104204844,开,开,关,48°C,25%,0,2分钟
20211104204848,开,开,关,48°C,25%,0,1分钟
20211104204910,开,开,关,49°C,25%,0,1分钟
20211104204926,开,开,关,49°C,25%,0,0分钟
20211104204928,开,关,开,50°C,100%,0,0分钟
20211104210352,开,关,开,50°C,50%,0,0分钟
20211104210354,开,开,关,50°C,50%,32,0分钟
20211104210405,开,开,关,50°C,50%,35,0分钟
20211104210408,开,开,关,50°C,50%,33,0分钟
20211104210412,开,开,关,50°C,50%,35,0分钟
20211104210418,开,开,关,50°C,50%,33,0分钟
20211104210424,开,开,关,50°C,50%,35,0分钟
20211104210426,开,开,关,50°C,50%,33,0分钟
20211104210436,开,开,关,50°C,50%,35,0分钟
20211104210439,开,开,关,50°C,50%,33,0分钟
20211104210441,开,开,关,50°C,50%,17,0分钟
20211104210443,开,开,关,50°C,50%,48,0分钟
20211104210445,开,开,关,50°C,50%,50,0分钟
20211104210447,关,关,关,50°C,50%,48,0分钟
20211104210449,关,关,关,50°C,50%,50,0分钟
20211104210451,关,关,关,50°C,50%,48,0分钟
20211104210501,关,关,关,50°C,50%,50,0分钟
20211104210503,关,关,关,50°C,50%,48,0分钟
20211104210507,关,关,关,50°C,50%,50,0分钟
20211104210509,关,关,关,50°C,50%,48,0分钟
20211104210517,关,关,关,50°C,50%,50,0分钟
20211104210519,关,关,关,50°C,50%,45,0分钟
20211104210521,关,关,关,50°C,50%,46,0分钟
20211104210523,关,关,关,50°C,50%,36,0分钟
20211104210529,关,关,关,50°C,50%,0,0分钟
20211104210531,关,关,关,50°C,50%,48,0分钟
20211104210543,关,关,关,50°C,50%,50,0分钟
20211104210545,关,关,关,50°C,50%,46,0分钟
20211104211923,关,关,关,50°C,50%,0,0分钟
20211104211929,关,关,关,49°C,50%,0,0分钟
20211104211947,关,关,关,50°C,50%,0,0分钟
20211104211951,关,关,关,49°C,50%,0,0分钟
20211104211953,关,关,关,49°C,50%,53,0分钟
20211104211957,关,关,关,50°C,50%,48,0分钟
20211104211959,关,关,关,50°C,50%,47,0分钟
20211104212001,关,关,关,50°C,50%,30,0分钟
20211104212003,关,关,关,50°C,50%,31,0分钟
20211104212005,关,关,关,50°C,50%,30,0分钟
20211104212009,关,关,关,49°C,50%,35,0分钟
20211104212011,关,关,关,49°C,50%,33,0分钟
20211104212015,关,关,关,49°C,50%,35,0分钟
20211104212017,关,关,关,49°C,50%,36,0分钟
20211104212023,关,关,关,49°C,50%,35,0分钟
20211104212025,关,关,关,49°C,50%,33,0分钟
20211104212031,关,关,关,49°C,50%,35,0分钟
20211104212032,关,关,关,49°C,50%,33,0分钟
20211104212036,关,关,关,49°C,50%,40,0分钟
20211104212038,关,关,关,49°C,50%,38,0分钟
20211104212040,关,关,关,49°C,50%,40,0分钟
20211104212042,关,关,关,49°C,50%,38,0分钟
20211104212044,关,关,关,49°C,50%,46,0分钟
20211104212048,关,关,关,49°C,50%,45,0分钟
20211104212050,关,关,关,49°C,50%,37,0分钟
20211104212052,关,关,关,49°C,50%,31,0分钟
20211104212056,关,关,关,49°C,50%,38,0分钟
20211104212102,关,关,关,49°C,50%,37,0分钟
20211104212104,关,关,关,49°C,50%,36,0分钟
20211104212106,关,关,关,49°C,50%,37,0分钟
20211104212108,关,关,关,49°C,50%,38,0分钟
20211104212112,关,关,关,49°C,50%,37,0分钟
20211104212116,关,关,关,49°C,50%,33,0分钟
20211104212118,关,关,关,49°C,50%,32,0分钟
20211104212120,关,关,关,49°C,50%,33,0分钟
20211104212122,关,关,关,49°C,50%,35,0分钟
20211104212124,关,关,关,49°C,50%,33,0分钟
20211104212126,关,关,关,49°C,50%,32,0分钟
20211104212144,关,关,关,49°C,50%,33,0分钟
20211104212146,关,关,关,49°C,50%,32,0分钟
20211104212148,关,关,关,49°C,50%,28,0分钟
20211104212150,关,关,关,49°C,50%,30,0分钟
20211104212200,关,关,关,49°C,50%,28,0分钟
20211104212202,关,关,关,49°C,50%,30,0分钟
20211104212204,关,关,关,49°C,50%,28,0分钟
20211104212206,关,关,关,49°C,50%,30,0分钟
20211104212210,关,关,关,49°C,50%,28,0分钟
20211104212212,关,关,关,49°C,50%,30,0分钟
20211104212217,关,关,关,49°C,50%,28,0分钟
20211104212219,关,关,关,49°C,50%,30,0分钟
20211104212221,关,关,关,48°C,50%,30,0分钟
20211104212229,关,关,关,48°C,50%,28,0分钟
20211104212231,关,关,关,48°C,50%,30,0分钟
20211104212239,关,关,关,48°C,50%,28,0分钟
20211104212241,关,关,关,48°C,50%,30,0分钟
20211104212243,关,关,关,48°C,50%,28,0分钟
20211104212247,关,关,关,48°C,50%,30,0分钟
20211104212303,关,关,关,48°C,50%,28,0分钟
20211104212305,关,关,关,48°C,50%,30,0分钟
20211104212307,关,关,关,48°C,50%,28,0分钟
20211104212309,关,关,关,47°C,50%,28,0分钟
20211104212321,关,关,关,47°C,50%,30,0分钟
20211104212323,关,关,关,47°C,50%,30,0分钟
20211104212325,关,关,关,47°C,50%,28,0分钟
20211104212327,关,关,关,47°C,50%,30,0分钟
20211104212355,关,关,关,47°C,50%,28,0分钟
20211104212401,关,关,关,46°C,50%,28,0分钟
20211104212403,关,关,关,46°C,50%,27,0分钟
20211104212418,关,关,关,46°C,50%,28,0分钟
20211104212420,关,关,关,46°C,50%,30,0分钟
20211104212422,关,关,关,46°C,50%,23,0分钟
20211104212430,关,关,关,46°C,50%,25,0分钟
20211104212432,关,关,关,46°C,50%,32,0分钟
20211104212434,关,关,关,45°C,50%,30,0分钟
20211104212450,关,关,关,45°C,50%,28,0分钟
20211104212454,关,关,关,44°C,50%,28,0分钟
20211104212456,关,关,关,44°C,50%,30,0分钟
20211104212502,关,关,关,44°C,50%,28,0分钟
20211104212504,关,关,关,44°C,50%,30,0分钟
20211104212506,关,关,关,44°C,50%,28,0分钟
20211104212508,关,关,关,44°C,50%,30,0分钟
20211104212516,关,关,关,44°C,50%,28,0分钟
20211104212520,关,关,关,44°C,25%,30,0分钟
20211104212526,关,关,关,43°C,25%,30,0分钟
20211104212532,关,关,关,43°C,25%,28,0分钟
20211104212603,关,关,关,42°C,25%,0,0分钟
20211104212645,关,关,关,41°C,25%,0,0分钟
20211104212810,关,关,关,40°C,25%,0,0分钟
20211104213506,关,关,关,39°C,25%,0,0分钟
20211104213524,开,开,关,39°C,25%,0,15分钟
20211104213526,开,开,关,39°C,25%,45,15分钟
20211104213528,开,开,关,39°C,25%,50,15分钟
20211104213532,开,开,关,39°C,25%,48,15分钟
20211104213540,开,开,关,39°C,25%,50,15分钟
20211104213542,开,开,关,39°C,25%,48,15分钟
20211104213544,开,开,关,39°C,25%,48,14分钟
20211104213546,开,开,关,39°C,25%,43,14分钟
20211104213548,开,开,关,39°C,25%,42,14分钟
20211104213550,开,开,关,39°C,25%,43,14分钟
20211104213552,开,开,关,39°C,25%,41,14分钟
20211104213554,开,开,关,39°C,25%,35,17分钟
20211104213600,开,开,关,38°C,25%,35,16分钟
20211104213604,开,开,关,38°C,25%,36,16分钟
20211104213606,开,开,关,38°C,25%,35,16分钟
20211104213616,开,开,关,38°C,25%,36,16分钟
20211104213618,开,开,关,38°C,25%,36,18分钟
20211104213622,开,开,关,37°C,25%,36,18分钟
20211104213624,开,开,关,37°C,25%,35,18分钟
20211104213626,开,开,关,37°C,25%,36,18分钟
20211104213630,开,开,关,37°C,25%,35,18分钟
20211104213634,开,开,关,37°C,25%,36,18分钟
20211104213639,开,开,关,37°C,25%,35,18分钟
20211104213643,开,开,关,37°C,25%,36,18分钟
20211104213645,开,开,关,37°C,25%,37,17分钟
20211104213647,开,开,关,37°C,25%,36,17分钟
20211104213649,开,开,关,37°C,25%,35,19分钟
20211104213653,开,开,关,36°C,25%,36,19分钟
20211104213658,开,开,关,36°C,25%,32,19分钟
20211104213703,开,开,关,36°C,25%,27,19分钟
20211104213705,开,开,关,36°C,25%,26,19分钟
20211104213707,开,开,关,36°C,25%,27,21分钟
20211104213709,开,开,关,35°C,25%,27,21分钟
20211104213711,开,开,关,35°C,25%,26,21分钟
20211104213721,开,开,关,35°C,25%,27,21分钟
20211104213723,开,开,关,35°C,25%,27,20分钟
20211104213725,开,开,关,35°C,25%,28,20分钟
20211104213727,开,开,关,35°C,25%,26,20分钟
20211104213741,开,开,关,35°C,25%,27,20分钟
20211104213743,开,开,关,35°C,25%,27,22分钟
20211104213755,开,开,关,34°C,25%,27,22分钟
20211104213757,开,开,关,34°C,25%,30,22分钟
20211104213759,开,开,关,34°C,25%,31,22分钟
20211104213817,开,开,关,34°C,25%,0,22分钟
20211104213819,开,开,关,34°C,25%,0,24分钟
20211104213823,开,开,关,33°C,25%,0,24分钟
20211104213924,开,开,关,33°C,25%,0,23分钟
20211104213934,开,开,关,33°C,25%,0,22分钟
20211104213936,开,开,关,33°C,25%,26,22分钟
20211104213938,开,开,关,33°C,25%,28,22分钟
20211104213940,开,开,关,33°C,25%,46,22分钟
20211104213944,开,开,关,33°C,25%,47,22分钟
20211104213946,开,开,关,33°C,25%,48,22分钟
20211104213948,开,开,关,33°C,25%,47,22分钟
20211104213950,开,开,关,33°C,25%,48,22分钟
20211104213956,开,开,关,33°C,25%,47,22分钟
20211104213958,开,开,关,34°C,25%,47,22分钟
20211104214000,开,开,关,34°C,25%,48,22分钟
20211104214002,开,开,关,34°C,25%,56,24分钟
20211104214006,开,开,关,33°C,25%,56,24分钟
20211104214008,开,开,关,33°C,25%,52,22分钟
20211104214015,开,开,关,34°C,25%,53,22分钟
20211104214017,开,开,关,34°C,25%,55,22分钟
20211104214023,开,开,关,34°C,25%,53,22分钟
20211104214025,开,开,关,34°C,25%,52,22分钟
20211104214039,开,开,关,34°C,25%,53,22分钟
20211104214041,开,开,关,34°C,25%,55,22分钟
20211104214049,开,开,关,34°C,25%,53,22分钟
20211104214051,开,开,关,34°C,25%,55,21分钟
20211104214055,开,开,关,34°C,25%,53,21分钟
20211104214057,开,开,关,34°C,25%,55,24分钟
20211104214101,开,开,关,33°C,25%,53,24分钟
20211104214105,开,开,关,33°C,0%,55,23分钟
20211104214107,开,开,关,33°C,0%,53,23分钟
20211104214109,开,开,关,33°C,0%,53,22分钟
20211104214111,开,开,关,34°C,0%,53,22分钟
20211104214113,开,开,关,34°C,0%,55,22分钟
20211104214115,开,开,关,34°C,0%,55,24分钟
20211104214119,开,开,关,33°C,0%,53,24分钟
20211104214123,开,开,关,33°C,0%,53,23分钟
20211104214129,开,开,关,33°C,0%,55,23分钟
20211104214131,开,开,关,33°C,0%,52,23分钟
20211104214133,开,开,关,33°C,0%,46,23分钟
20211104214141,开,开,关,33°C,0%,36,23分钟
20211104214147,开,开,关,33°C,0%,28,23分钟
20211104214149,开,开,关,33°C,0%,30,23分钟
20211104214151,开,开,关,33°C,0%,28,23分钟
20211104214201,开,开,关,33°C,0%,30,23分钟
20211104214206,开,开,关,33°C,0%,26,23分钟
20211104214208,开,开,关,33°C,0%,27,23分钟
20211104214220,开,开,关,33°C,0%,30,23分钟
20211104214224,开,开,关,33°C,0%,30,22分钟
20211104214232,开,开,关,33°C,0%,28,22分钟
20211104214236,开,开,关,32°C,0%,28,25分钟
20211104214240,开,开,关,32°C,0%,30,25分钟
20211104214242,开,开,关,32°C,0%,25,25分钟
20211104214246,开,开,关,32°C,0%,26,25分钟
20211104214258,开,开,关,32°C,0%,30,25分钟
20211104214306,开,开,关,32°C,0%,30,24分钟
20211104214308,开,开,关,32°C,0%,28,24分钟
20211104214314,开,开,关,32°C,0%,30,24分钟
20211104214316,开,开,关,32°C,0%,28,24分钟
20211104214318,开,开,关,32°C,0%,30,24分钟
20211104214322,开,开,关,32°C,0%,28,24分钟
20211104214328,开,开,关,32°C,0%,30,24分钟
20211104214330,开,开,关,32°C,0%,28,24分钟
20211104214332,开,开,关,32°C,0%,30,24分钟
20211104214334,开,开,关,32°C,0%,30,26分钟
20211104214340,开,开,关,31°C,0%,30,26分钟
20211104214344,开,开,关,31°C,0%,28,26分钟
20211104214347,开,开,关,31°C,0%,30,26分钟
20211104214349,开,开,关,31°C,0%,28,26分钟
20211104214353,开,开,关,31°C,0%,30,26分钟
20211104214402,开,开,关,31°C,0%,28,26分钟
20211104214403,开,开,关,31°C,0%,30,26分钟
20211104214405,开,开,关,31°C,0%,28,26分钟
20211104214411,开,开,关,31°C,0%,30,26分钟
20211104214415,开,开,关,31°C,0%,28,26分钟
20211104214417,开,开,关,31°C,0%,30,26分钟
20211104214421,开,开,关,31°C,0%,28,26分钟
20211104214423,开,开,关,31°C,0%,28,28分钟
20211104214427,开,开,关,30°C,0%,30,28分钟
20211104214429,开,开,关,30°C,0%,28,26分钟
20211104214431,开,开,关,31°C,0%,30,26分钟
20211104214433,开,开,关,31°C,0%,28,26分钟
20211104214435,开,开,关,31°C,0%,30,28分钟
20211104214449,开,开,关,30°C,0%,30,28分钟
20211104214451,开,开,关,30°C,0%,31,28分钟
20211104214455,开,开,关,30°C,0%,0,28分钟
20211104214556,开,开,关,30°C,0%,0,27分钟
20211104214606,开,开,关,30°C,0%,0,26分钟
20211104214700,开,开,关,31°C,0%,0,26分钟
20211104214718,开,开,关,31°C,0%,0,25分钟
20211104214749,开,开,关,32°C,0%,0,25分钟
20211104214759,开,开,关,32°C,0%,0,24分钟
20211104214801,开,开,关,32°C,0%,27,24分钟
20211104214807,开,开,关,32°C,0%,30,24分钟
20211104214809,开,开,关,33°C,0%,28,24分钟
20211104214811,开,开,关,33°C,0%,30,24分钟
20211104214813,开,开,关,33°C,0%,30,23分钟
20211104214815,开,开,关,33°C,0%,28,23分钟
20211104214823,开,开,关,33°C,0%,30,23分钟
20211104214825,开,开,关,33°C,0%,28,23分钟
20211104214827,开,开,关,33°C,0%,31,23分钟
20211104214849,开,开,关,33°C,0%,30,23分钟
20211104214853,关,关,关,33°C,0%,30,0分钟
20211104214855,关,关,关,33°C,0%,31,0分钟
20211104214904,关,关,关,34°C,0%,30,0分钟
20211104214905,关,关,关,34°C,0%,31,0分钟
20211104214908,关,关,关,34°C,0%,30,0分钟
20211104214912,关,关,关,33°C,0%,30,0分钟
20211104214914,关,关,关,33°C,0%,31,0分钟
20211104214916,关,关,关,34°C,0%,31,0分钟
20211104214922,关,关,关,34°C,0%,30,0分钟
20211104214928,关,关,关,34°C,0%,31,0分钟
20211104214930,关,关,关,34°C,0%,30,0分钟
20211104214932,关,关,关,34°C,0%,31,0分钟
20211104214940,关,关,关,34°C,0%,30,0分钟
20211104214942,关,关,关,34°C,0%,31,0分钟
20211104214944,关,关,关,34°C,0%,30,0分钟
20211104214946,关,关,关,34°C,0%,31,0分钟
20211104215004,关,关,关,34°C,0%,30,0分钟
20211104215006,关,关,关,34°C,0%,31,0分钟
20211104215022,关,关,关,34°C,0%,30,0分钟
20211104215024,关,关,关,34°C,0%,31,0分钟
20211104215034,关,关,关,34°C,0%,30,0分钟
20211104215036,关,关,关,34°C,0%,31,0分钟
20211104215038,关,关,关,34°C,0%,30,0分钟
20211104215040,关,关,关,34°C,0%,31,0分钟
20211104215051,关,关,关,34°C,0%,30,0分钟
20211104215053,关,关,关,34°C,0%,31,0分钟
20211104215105,关,关,关,34°C,0%,30,0分钟
20211104215107,关,关,关,34°C,0%,31,0分钟
20211104215109,关,关,关,34°C,0%,30,0分钟
20211104215113,关,关,关,34°C,0%,31,0分钟
20211104215115,关,关,关,34°C,0%,8,0分钟
20211104215145,关,关,关,34°C,0%,0,0分钟
20211104215151,关,关,关,33°C,0%,0,0分钟
20211104215157,关,关,关,34°C,0%,0,0分钟
20211104215732,关,关,关,33°C,0%,0,0分钟
20211104215734,关,关,关,33°C,0%,8,0分钟
20211104221249,关,关,关,33°C,0%,0,0分钟
20211104221420,关,关,关,33°C,0%,0,0分钟
20211104221426,关,关,关,32°C,0%,0,0分钟
20211104221438,关,关,关,33°C,0%,0,0分钟
20211104221456,关,关,关,32°C,0%,0,0分钟
20211104221502,关,关,关,33°C,0%,0,0分钟
20211104221508,关,关,关,32°C,0%,0,0分钟
20211104221520,关,关,关,33°C,0%,0,0分钟
20211104221533,关,关,关,32°C,0%,0,0分钟
20211104221539,关,关,关,33°C,0%,0,0分钟
20211104221557,关,关,关,32°C,0%,0,0分钟
20211104221603,关,关,关,33°C,0%,0,0分钟
20211104221609,关,关,关,32°C,0%,0,0分钟
20211104221615,关,关,关,33°C,0%,0,0分钟
20211104232647,关,关,关,32°C,0%,0,0分钟
20211104232747,关,关,关,32°C,0%,0,0分钟
20211104232753,关,关,关,31°C,0%,0,0分钟
20211104232924,关,关,关,32°C,0%,0,0分钟
20211104232930,关,关,关,31°C,0%,0,0分钟
20211104233000,关,关,关,32°C,0%,0,0分钟
20211104233006,关,关,关,31°C,0%,0,0分钟
20211104233019,关,关,关,32°C,0%,0,0分钟
20211104233037,关,关,关,31°C,0%,0,0分钟
20211104233043,关,关,关,32°C,0%,0,0分钟
20211104233101,关,关,关,31°C,0%,0,0分钟
20211104233107,关,关,关,32°C,0%,0,0分钟
20211104233119,关,关,关,31°C,0%,0,0分钟
20211104233125,关,关,关,32°C,0%,0,0分钟
20211104233137,关,关,关,31°C,0%,0,0分钟
20211104233238,关,关,关,32°C,0%,0,0分钟
20211104233250,关,关,关,32°C,0%,0,0分钟
20211104233320,关,关,关,31°C,0%,0,0分钟
20211104233332,关,关,关,32°C,0%,0,0分钟
20211104233409,关,关,关,31°C,0%,0,0分钟
20211104233415,关,关,关,32°C,0%,0,0分钟
20211104233421,关,关,关,31°C,0%,0,0分钟
20211104233427,关,关,关,32°C,0%,0,0分钟
20211104233433,关,关,关,31°C,0%,0,0分钟
20211104233439,关,关,关,32°C,0%,0,0分钟
20211104233451,关,关,关,31°C,0%,0,0分钟
20211104233457,关,关,关,32°C,0%,0,0分钟
20211104233546,关,关,关,31°C,0%,0,0分钟
20211104233552,关,关,关,32°C,0%,0,0分钟
20211104233558,关,关,关,31°C,0%,0,0分钟
20211104233604,关,关,关,32°C,0%,0,0分钟
20211104233853,关,关,关,31°C,0%,0,0分钟
20211104233859,关,关,关,31°C,0%,23,0分钟
20211104233901,关,关,关,31°C,0%,25,0分钟
20211104233903,关,关,关,31°C,0%,23,0分钟
20211104233909,关,关,关,31°C,0%,25,0分钟
20211104233910,关,关,关,31°C,0%,23,0分钟
20211105064849,关,关,关,31°C,0%,0,0分钟
20211105065931,关,关,关,31°C,0%,0,0分钟
20211105065937,关,关,关,30°C,0%,0,0分钟
20211105071446,关,关,关,31°C,0%,0,0分钟
20211105071452,关,关,关,30°C,0%,0,0分钟
20211105071617,关,关,关,31°C,0%,0,0分钟
20211105071623,关,关,关,30°C,0%,0,0分钟
20211105071848,关,关,关,31°C,0%,0,0分钟
20211105071854,关,关,关,30°C,0%,0,0分钟
20211105071930,关,关,关,31°C,0%,0,0分钟
20211105071940,关,关,关,30°C,0%,0,0分钟
20211105071943,关,关,关,31°C,0%,0,0分钟
20211105071949,关,关,关,30°C,0%,0,0分钟
20211105072013,关,关,关,31°C,0%,0,0分钟
20211105072019,关,关,关,30°C,0%,0,0分钟
20211105072025,关,关,关,31°C,0%,0,0分钟
20211105072031,关,关,关,30°C,0%,0,0分钟
20211105072101,关,关,关,31°C,0%,0,0分钟
20211105072107,关,关,关,30°C,0%,0,0分钟
20211105072144,关,关,关,31°C,0%,0,0分钟
20211105072150,关,关,关,30°C,0%,0,0分钟
20211105072220,关,关,关,31°C,0%,0,0分钟
20211105072226,关,关,关,30°C,0%,0,0分钟
20211105072244,关,关,关,31°C,0%,0,0分钟
20211105072256,关,关,关,30°C,0%,0,0分钟
20211105072321,关,关,关,31°C,0%,0,0分钟
20211105072327,关,关,关,30°C,0%,0,0分钟
20211105072345,关,关,关,31°C,0%,0,0分钟
20211105072403,关,关,关,30°C,0%,0,0分钟
20211105072409,关,关,关,31°C,0%,0,0分钟
20211105072415,关,关,关,30°C,0%,0,0分钟
20211105072452,关,关,关,31°C,0%,0,0分钟
20211105072458,关,关,关,30°C,0%,0,0分钟
20211105072510,关,关,关,31°C,0%,0,0分钟
20211105072516,关,关,关,30°C,0%,0,0分钟
20211105072528,关,关,关,31°C,0%,0,0分钟
20211105072534,关,关,关,30°C,0%,0,0分钟
20211105072546,关,关,关,31°C,0%,0,0分钟
20211105072552,关,关,关,30°C,0%,0,0分钟
20211105072604,关,关,关,31°C,0%,0,0分钟
20211105072610,关,关,关,30°C,0%,0,0分钟
20211105072647,关,关,关,31°C,0%,0,0分钟
20211105072659,关,关,关,30°C,0%,0,0分钟
20211105072705,关,关,关,31°C,0%,0,0分钟
20211105072711,关,关,关,30°C,0%,0,0分钟
20211105072717,关,关,关,31°C,0%,0,0分钟
20211105072735,关,关,关,30°C,0%,0,0分钟
20211105072747,关,关,关,31°C,0%,0,0分钟
20211105072753,关,关,关,30°C,0%,0,0分钟
20211105072805,关,关,关,31°C,0%,0,0分钟
20211105072823,关,关,关,30°C,0%,0,0分钟
20211105072830,关,关,关,31°C,0%,0,0分钟
20211105072836,关,关,关,30°C,0%,0,0分钟
20211105072848,关,关,关,31°C,0%,0,0分钟
20211105072904,关,关,关,30°C,0%,0,0分钟
20211105072906,关,关,关,31°C,0%,0,0分钟
20211105072930,关,关,关,30°C,0%,0,0分钟
20211105072936,关,关,关,31°C,0%,0,0分钟
20211105072954,关,关,关,30°C,0%,0,0分钟
20211105073000,关,关,关,31°C,0%,0,0分钟
20211105073013,关,关,关,30°C,0%,0,0分钟
20211105073101,关,关,关,31°C,0%,0,0分钟
20211105073131,关,关,关,30°C,0%,0,0分钟
20211105073143,关,关,关,31°C,0%,0,0分钟
20211105073238,关,关,关,30°C,0%,0,0分钟
20211105073244,关,关,关,31°C,0%,0,0分钟
20211105073256,关,关,关,30°C,0%,0,0分钟
20211105073302,关,关,关,31°C,0%,0,0分钟
20211105073350,关,关,关,30°C,0%,0,0分钟
20211105073357,关,关,关,31°C,0%,0,0分钟
20211105073409,关,关,关,30°C,0%,0,0分钟
20211105073415,关,关,关,31°C,0%,0,0分钟
20211105073546,关,关,关,30°C,0%,0,0分钟
20211105073552,关,关,关,31°C,0%,0,0分钟
20211105073610,关,关,关,30°C,0%,0,0分钟
20211105073616,关,关,关,31°C,0%,0,0分钟
20211105073628,关,关,关,30°C,0%,0,0分钟
20211105073646,关,关,关,31°C,0%,0,0分钟
20211105073704,关,关,关,30°C,0%,0,0分钟
20211105073735,关,关,关,31°C,0%,0,0分钟
20211105073811,关,关,关,30°C,0%,0,0分钟
20211105073817,关,关,关,31°C,0%,0,0分钟
20211105073847,关,关,关,30°C,0%,0,0分钟
20211105073853,关,关,关,31°C,0%,0,0分钟
20211105073905,关,关,关,30°C,0%,0,0分钟
20211105073911,关,关,关,31°C,0%,0,0分钟
20211105073942,关,关,关,30°C,0%,0,0分钟
20211105073948,关,关,关,31°C,0%,0,0分钟
20211105074006,关,关,关,30°C,0%,0,0分钟
20211105074018,关,关,关,31°C,0%,0,0分钟
20211105074621,关,关,关,30°C,0%,0,0分钟
20211105074627,关,关,关,31°C,0%,0,0分钟
20211105074822,关,关,关,30°C,0%,0,0分钟
20211105074829,关,关,关,31°C,0%,0,0分钟
20211105074905,关,关,关,30°C,0%,0,0分钟
20211105074911,关,关,关,31°C,0%,0,0分钟
20211105145147,关,关,关,30°C,0%,0,0分钟
20211105145219,开,开,关,30°C,0%,0,26分钟
20211105145314,开,开,关,31°C,0%,0,26分钟
20211105145332,开,开,关,31°C,0%,0,25分钟
20211105145402,开,开,关,32°C,0%,0,25分钟
20211105145408,开,开,关,32°C,0%,0,24分钟
20211105145412,开,开,关,33°C,0%,0,24分钟
20211105145414,开,开,关,33°C,0%,0,25分钟
20211105145424,开,开,关,32°C,0%,0,25分钟
20211105145427,开,开,关,32°C,0%,0,24分钟
20211105145430,开,开,关,33°C,0%,0,24分钟
20211105145507,开,开,关,33°C,0%,0,23分钟
20211105145509,开,开,关,33°C,0%,0,22分钟
20211105145549,开,开,关,34°C,0%,0,22分钟
20211105145634,开,开,关,34°C,0%,0,21分钟
20211105145648,开,开,关,35°C,0%,0,21分钟
20211105145744,开,开,关,35°C,0%,0,20分钟
20211105145750,开,开,关,35°C,0%,0,19分钟
20211105145833,开,开,关,36°C,0%,0,19分钟
20211105145835,开,开,关,36°C,0%,0,18分钟
20211105145859,开,开,关,37°C,0%,0,18分钟
20211105145948,开,开,关,37°C,0%,0,17分钟
20211105150034,开,开,关,38°C,0%,0,16分钟
20211105150036,开,开,关,38°C,0%,0,15分钟
20211105150110,开,开,关,39°C,0%,0,15分钟
20211105150137,开,开,关,39°C,0%,0,14分钟
20211105150139,开,开,关,39°C,0%,35,14分钟
20211105150141,开,开,关,39°C,0%,47,14分钟
20211105150145,开,开,关,39°C,0%,48,14分钟
20211105150147,开,开,关,39°C,0%,47,14分钟
20211105150153,开,开,关,39°C,0%,48,14分钟
20211105150155,开,开,关,39°C,0%,50,14分钟
20211105150201,开,开,关,39°C,0%,48,14分钟
20211105150211,开,开,关,40°C,0%,48,14分钟
20211105150217,开,开,关,40°C,0%,48,13分钟
20211105150221,开,开,关,40°C,0%,50,13分钟
20211105150232,开,开,关,40°C,0%,50,13分钟
20211105150233,开,开,关,40°C,0%,48,13分钟
20211105150243,开,开,关,40°C,0%,50,13分钟
20211105150251,开,开,关,40°C,0%,48,13分钟
20211105150253,开,开,关,40°C,0%,50,13分钟
20211105150259,开,开,关,40°C,0%,48,13分钟
20211105150301,开,开,关,40°C,0%,50,13分钟
20211105150303,开,开,关,40°C,0%,48,13分钟
20211105150307,开,开,关,40°C,0%,47,13分钟
20211105150309,开,开,关,40°C,0%,48,13分钟
20211105150311,开,开,关,40°C,0%,47,13分钟
20211105150318,开,开,关,40°C,0%,47,12分钟
20211105150319,开,开,关,40°C,0%,50,12分钟
20211105150322,开,开,关,40°C,0%,51,12分钟
20211105150324,开,开,关,40°C,0%,50,12分钟
20211105150326,开,开,关,40°C,0%,48,12分钟
20211105150330,开,开,关,40°C,0%,50,12分钟
20211105150332,开,开,关,40°C,0%,48,12分钟
20211105150334,开,开,关,40°C,0%,50,12分钟
20211105150338,开,开,关,40°C,0%,48,12分钟
20211105150342,开,开,关,40°C,0%,50,12分钟
20211105150346,开,开,关,40°C,0%,48,12分钟
20211105150348,开,开,关,40°C,0%,37,12分钟
20211105150352,开,开,关,40°C,0%,36,12分钟
20211105150354,开,开,关,40°C,0%,37,12分钟
20211105150402,开,开,关,40°C,0%,36,12分钟
20211105150404,开,开,关,40°C,0%,37,12分钟
20211105150406,开,开,关,40°C,0%,13,12分钟
20211105150412,开,开,关,40°C,0%,0,12分钟
20211105150513,开,开,关,40°C,0%,0,11分钟
20211105150633,开,开,关,40°C,0%,0,10分钟
20211105150635,开,开,关,40°C,0%,20,10分钟
20211105150643,开,开,关,40°C,0%,36,10分钟
20211105150646,开,开,关,40°C,0%,43,10分钟
20211105150650,开,开,关,40°C,0%,42,10分钟
20211105150652,开,开,关,40°C,0%,43,10分钟
20211105150654,开,开,关,40°C,0%,42,10分钟
20211105150714,开,开,关,40°C,0%,43,10分钟
20211105150716,开,开,关,40°C,0%,42,10分钟
20211105150728,开,开,关,40°C,0%,43,10分钟
20211105150730,开,开,关,40°C,0%,42,10分钟
20211105150740,开,开,关,40°C,0%,43,10分钟
20211105150742,开,开,关,40°C,0%,42,10分钟
20211105150750,开,开,关,40°C,0%,43,10分钟
20211105150755,开,开,关,40°C,0%,43,10分钟
20211105150800,开,开,关,40°C,0%,42,10分钟
20211105150805,开,开,关,40°C,0%,42,10分钟
20211105150810,开,开,关,40°C,0%,41,10分钟
20211105150815,开,开,关,40°C,0%,43,10分钟
20211105150820,开,开,关,40°C,0%,43,10分钟
20211105150825,开,开,关,40°C,0%,43,10分钟
20211105150830,开,开,关,40°C,0%,43,10分钟
20211105150836,开,开,关,40°C,0%,43,10分钟
20211105150841,开,开,关,40°C,0%,43,10分钟
20211105150846,开,开,关,40°C,0%,43,10分钟
20211105150851,开,开,关,40°C,0%,42,10分钟
20211105150856,开,开,关,40°C,0%,43,10分钟
20211105150901,开,开,关,40°C,0%,43,10分钟
20211105150906,开,开,关,40°C,0%,43,10分钟
20211105150911,开,开,关,40°C,0%,43,10分钟
20211105150917,开,开,关,40°C,0%,43,10分钟
20211105150921,开,开,关,40°C,0%,42,10分钟
20211105150929,开,开,关,40°C,0%,43,10分钟
20211105150931,开,开,关,40°C,0%,42,10分钟
20211105150941,开,开,关,40°C,0%,43,10分钟
20211105150943,开,开,关,40°C,0%,45,10分钟
20211105150949,开,开,关,40°C,0%,43,10分钟
20211105150951,开,开,关,40°C,0%,45,10分钟
20211105150953,开,开,关,40°C,0%,42,15分钟
20211105150955,开,开,关,40°C,0%,45,15分钟
20211105150957,开,开,关,39°C,0%,42,15分钟
20211105150959,开,开,关,39°C,0%,45,15分钟
20211105151007,开,开,关,39°C,0%,43,15分钟
20211105151009,开,开,关,39°C,0%,42,15分钟
20211105151019,开,开,关,39°C,0%,43,15分钟
20211105151022,开,开,关,39°C,0%,42,15分钟
20211105151026,开,开,关,39°C,0%,43,15分钟
20211105151028,开,开,关,39°C,0%,36,15分钟
20211105151030,开,开,关,39°C,0%,21,14分钟
20211105151110,开,开,关,39°C,0%,27,14分钟
20211105151112,开,开,关,39°C,0%,27,17分钟
20211105151114,开,开,关,39°C,0%,28,16分钟
20211105151120,开,开,关,38°C,0%,27,16分钟
20211105151122,开,开,关,38°C,0%,28,16分钟
20211105151128,开,开,关,38°C,0%,27,16分钟
20211105151132,开,开,关,38°C,0%,26,16分钟
20211105151134,开,开,关,38°C,0%,27,16分钟
20211105151138,开,开,关,38°C,0%,26,18分钟
20211105151140,开,开,关,37°C,0%,25,18分钟
20211105151142,开,开,关,37°C,0%,27,18分钟
20211105151146,开,开,关,37°C,0%,28,18分钟
20211105151148,开,开,关,37°C,0%,26,18分钟
20211105151152,开,开,关,37°C,0%,27,18分钟
20211105151154,开,开,关,37°C,0%,28,18分钟
20211105151156,开,开,关,37°C,0%,26,18分钟
20211105151200,开,开,关,37°C,0%,27,18分钟
20211105151202,开,开,关,37°C,0%,28,17分钟
20211105151205,开,开,关,37°C,0%,27,17分钟
20211105151209,开,开,关,37°C,0%,27,19分钟
20211105151219,开,开,关,36°C,0%,27,19分钟
20211105151221,开,开,关,36°C,0%,28,19分钟
20211105151223,开,开,关,36°C,0%,27,19分钟
20211105151225,开,开,关,36°C,0%,28,21分钟
20211105151227,开,开,关,36°C,0%,27,21分钟
20211105151233,开,开,关,35°C,0%,27,21分钟
20211105151235,开,开,关,35°C,0%,28,21分钟
20211105151237,开,开,关,35°C,0%,26,21分钟
20211105151239,开,开,关,35°C,0%,27,21分钟
20211105151241,开,开,关,35°C,0%,27,20分钟
20211105151243,开,开,关,35°C,0%,27,22分钟
20211105151245,开,开,关,35°C,0%,26,22分钟
20211105151302,开,开,关,34°C,0%,28,22分钟
20211105151305,开,开,关,34°C,0%,27,22分钟
20211105151307,开,开,关,34°C,0%,28,22分钟
20211105151309,开,开,关,34°C,0%,27,22分钟
20211105151311,开,开,关,34°C,0%,28,22分钟
20211105151315,开,开,关,34°C,0%,27,24分钟
20211105151317,开,开,关,33°C,0%,27,24分钟
20211105151325,开,开,关,33°C,0%,27,23分钟
20211105151327,开,开,关,33°C,0%,28,23分钟
20211105151329,开,开,关,33°C,0%,27,23分钟
20211105151331,开,开,关,33°C,0%,28,25分钟
20211105151333,开,开,关,33°C,0%,27,25分钟
20211105151343,开,开,关,32°C,0%,27,25分钟
20211105151346,开,开,关,32°C,0%,28,25分钟
20211105151348,开,开,关,32°C,0%,27,25分钟
20211105151352,开,开,关,32°C,0%,27,26分钟
20211105151354,开,开,关,31°C,0%,27,26分钟
20211105151356,开,开,关,31°C,0%,28,26分钟
20211105151408,开,开,关,31°C,0%,27,26分钟
20211105151410,开,开,关,31°C,0%,28,26分钟
20211105151418,开,开,关,31°C,0%,27,26分钟
20211105151424,开,开,关,31°C,0%,26,26分钟
20211105151432,开,开,关,31°C,0%,27,26分钟
20211105151434,开,开,关,31°C,0%,26,26分钟
20211105151436,开,开,关,31°C,0%,27,26分钟
20211105151440,开,开,关,31°C,0%,27,28分钟
20211105151444,开,开,关,30°C,0%,27,28分钟
20211105151450,开,开,关,30°C,0%,28,28分钟
20211105151452,开,开,关,30°C,0%,26,28分钟
20211105151454,开,开,关,30°C,0%,27,28分钟
20211105151456,开,开,关,30°C,0%,28,28分钟
20211105151458,开,开,关,30°C,0%,27,28分钟
20211105151500,开,开,关,30°C,0%,12,27分钟
20211105151524,开,开,关,30°C,0%,0,27分钟
20211105151529,开,开,关,30°C,0%,0,29分钟
20211105151543,开,开,关,29°C,0%,0,29分钟
20211105151547,开,开,关,29°C,0%,0,28分钟
20211105151605,开,开,关,30°C,0%,0,28分钟
20211105151625,开,开,关,30°C,0%,0,27分钟
20211105151629,开,开,关,30°C,0%,0,26分钟
20211105151722,开,开,关,31°C,0%,0,26分钟
20211105151730,开,开,关,31°C,0%,0,25分钟
20211105151758,开,开,关,32°C,0%,0,25分钟
20211105151812,开,开,关,32°C,0%,0,24分钟
20211105151814,开,开,关,33°C,0%,0,24分钟
20211105151850,开,开,关,33°C,0%,0,23分钟
20211105151854,开,开,关,33°C,0%,0,22分钟
20211105151933,开,开,关,34°C,0%,0,22分钟
20211105151955,开,开,关,34°C,0%,0,21分钟
20211105152007,开,开,关,35°C,0%,0,21分钟
20211105152052,开,开,关,35°C,0%,0,20分钟
20211105152056,开,开,关,35°C,0%,0,19分钟
20211105152128,开,开,关,36°C,0%,0,19分钟
20211105152132,开,开,关,36°C,0%,0,18分钟
20211105152154,开,开,关,37°C,0%,0,18分钟
20211105152237,开,开,关,37°C,0%,0,17分钟
20211105152239,开,开,关,37°C,0%,0,16分钟
20211105152323,开,开,关,38°C,0%,0,16分钟
20211105152327,开,开,关,38°C,0%,0,15分钟
20211105152359,开,开,关,39°C,0%,0,15分钟
20211105152440,开,开,关,39°C,0%,0,14分钟
20211105152448,开,开,关,40°C,0%,0,14分钟
20211105152518,开,开,关,40°C,0%,0,13分钟
20211105152522,开,开,关,40°C,0%,0,12分钟
20211105152605,开,开,关,41°C,0%,0,12分钟
20211105152625,开,开,关,41°C,0%,0,11分钟
20211105152627,开,开,关,41°C,0%,25,11分钟
20211105152629,开,开,关,41°C,0%,26,11分钟
20211105152631,开,开,关,42°C,0%,27,11分钟
20211105152633,开,开,关,42°C,0%,26,11分钟
20211105152639,开,开,关,42°C,0%,27,11分钟
20211105152641,开,开,关,42°C,0%,26,11分钟
20211105152647,开,开,关,42°C,0%,27,11分钟
20211105152707,开,开,关,42°C,0%,27,10分钟
20211105152711,开,开,关,42°C,0%,26,10分钟
20211105152713,开,开,关,42°C,0%,27,10分钟
20211105152715,开,开,关,42°C,0%,28,10分钟
20211105152717,开,开,关,42°C,0%,27,10分钟
20211105152719,开,开,关,42°C,0%,26,10分钟
20211105152721,开,开,关,42°C,0%,27,10分钟
20211105152723,开,开,关,42°C,0%,28,10分钟
20211105152725,开,开,关,42°C,0%,27,10分钟
20211105152727,开,开,关,42°C,0%,37,10分钟
20211105152729,开,开,关,42°C,0%,40,10分钟
20211105152731,开,开,关,42°C,0%,38,10分钟
20211105152737,开,开,关,42°C,0%,40,10分钟
20211105152740,开,开,关,42°C,0%,38,10分钟
20211105152748,开,开,关,42°C,0%,40,10分钟
20211105152752,开,开,关,42°C,0%,38,9分钟
20211105152756,开,开,关,42°C,0%,40,9分钟
20211105152758,开,开,关,42°C,0%,36,9分钟
20211105152800,开,开,关,42°C,0%,35,9分钟
20211105152802,开,开,关,42°C,0%,36,9分钟
20211105152804,开,开,关,42°C,0%,35,9分钟
20211105152806,开,开,关,42°C,0%,36,9分钟
20211105152808,开,开,关,42°C,0%,35,9分钟
20211105152814,开,开,关,42°C,0%,36,9分钟
20211105152818,开,开,关,42°C,0%,35,9分钟
20211105152820,开,开,关,42°C,0%,36,9分钟
20211105152824,开,开,关,42°C,0%,35,9分钟
20211105152836,开,开,关,42°C,0%,36,9分钟
20211105152838,开,开,关,42°C,0%,35,9分钟
20211105152840,开,开,关,42°C,0%,25,9分钟
20211105152848,开,开,关,42°C,0%,23,9分钟
20211105152854,开,开,关,42°C,0%,23,8分钟
20211105152858,开,开,关,42°C,0%,25,8分钟
20211105152900,开,开,关,42°C,0%,23,8分钟
20211105152902,开,开,关,42°C,0%,25,8分钟
20211105152912,开,开,关,42°C,0%,23,8分钟
20211105152914,开,开,关,42°C,0%,25,8分钟
20211105152918,开,开,关,42°C,0%,25,9分钟
20211105152921,开,开,关,43°C,0%,25,9分钟
20211105152929,开,开,关,42°C,0%,23,11分钟
20211105152933,开,开,关,42°C,0%,25,11分钟
20211105152939,开,开,关,42°C,0%,23,11分钟
20211105152941,开,开,关,42°C,0%,25,11分钟
20211105152943,开,开,关,42°C,0%,23,11分钟
20211105152945,开,开,关,42°C,0%,23,10分钟
20211105152949,开,开,关,42°C,0%,23,9分钟
20211105152951,开,开,关,43°C,0%,23,9分钟
20211105152953,开,开,关,43°C,0%,25,9分钟
20211105153003,开,开,关,43°C,0%,23,9分钟
20211105153007,开,开,关,43°C,0%,23,11分钟
20211105153009,开,开,关,42°C,0%,23,11分钟
20211105153011,开,开,关,42°C,0%,26,11分钟
20211105153013,开,开,关,42°C,0%,25,11分钟
20211105153017,开,开,关,42°C,0%,23,11分钟
20211105153019,开,开,关,42°C,0%,25,11分钟
20211105153023,开,开,关,42°C,0%,23,11分钟
20211105153025,开,开,关,42°C,0%,25,11分钟
20211105153027,开,开,关,42°C,0%,25,10分钟
20211105153031,开,开,关,42°C,0%,23,10分钟
20211105153037,开,开,关,42°C,0%,25,10分钟
20211105153041,开,开,关,42°C,0%,23,10分钟
20211105153049,开,开,关,42°C,0%,25,10分钟
20211105153051,开,开,关,42°C,0%,23,10分钟
20211105153102,开,开,关,42°C,0%,25,10分钟
20211105153104,开,开,关,42°C,0%,23,10分钟
20211105153112,开,开,关,42°C,0%,25,10分钟
20211105153114,开,开,关,42°C,0%,23,10分钟
20211105153116,开,开,关,42°C,0%,25,10分钟
20211105153118,开,开,关,42°C,0%,23,10分钟
20211105153126,开,开,关,42°C,0%,25,10分钟
20211105153128,开,开,关,42°C,0%,25,9分钟
20211105153130,开,开,关,42°C,0%,23,9分钟
20211105153134,开,开,关,42°C,0%,25,9分钟
20211105153136,开,开,关,42°C,0%,23,9分钟
20211105153140,开,开,关,42°C,0%,25,9分钟
20211105153142,开,开,关,42°C,0%,23,9分钟
20211105153144,开,开,关,42°C,0%,25,9分钟
20211105153150,开,开,关,42°C,0%,23,9分钟
20211105153152,开,开,关,42°C,0%,25,9分钟
20211105153154,开,开,关,42°C,0%,23,9分钟
20211105153202,开,开,关,42°C,0%,25,9分钟
20211105153206,开,开,关,42°C,0%,23,9分钟
20211105153208,开,开,关,42°C,0%,22,9分钟
20211105153210,开,开,关,42°C,0%,23,9分钟
20211105153212,开,开,关,42°C,0%,22,9分钟
20211105153214,开,开,关,42°C,0%,23,9分钟
20211105153216,开,开,关,42°C,0%,26,9分钟
20211105153218,开,开,关,42°C,0%,23,9分钟
20211105153226,开,开,关,42°C,0%,25,9分钟
20211105153228,开,开,关,42°C,0%,23,8分钟
20211105153236,开,开,关,42°C,0%,25,8分钟
20211105153240,开,开,关,42°C,0%,23,8分钟
20211105153243,开,开,关,42°C,0%,25,8分钟
20211105153244,开,开,关,42°C,0%,23,8分钟
20211105153247,开,开,关,42°C,0%,25,8分钟
20211105153249,开,开,关,42°C,0%,23,8分钟
20211105153301,开,开,关,42°C,0%,25,8分钟
20211105153303,开,开,关,42°C,0%,23,8分钟
20211105153323,开,开,关,42°C,0%,25,8分钟
20211105153325,开,开,关,42°C,0%,23,12分钟
20211105153327,开,开,关,42°C,0%,25,12分钟
20211105153329,开,开,关,41°C,0%,25,12分钟
20211105153333,开,开,关,41°C,0%,25,11分钟
20211105153335,开,开,关,42°C,0%,25,11分钟
20211105153337,开,开,关,42°C,0%,25,12分钟
20211105153339,开,开,关,42°C,0%,23,12分钟
20211105153351,开,开,关,41°C,0%,25,12分钟
20211105153355,开,开,关,41°C,0%,23,12分钟
20211105153357,开,开,关,41°C,0%,25,12分钟
20211105153401,开,开,关,41°C,0%,23,12分钟
20211105153403,开,开,关,41°C,0%,25,12分钟
20211105153405,开,开,关,41°C,0%,23,12分钟
20211105153411,开,开,关,41°C,0%,25,12分钟
20211105153422,开,开,关,41°C,0%,23,12分钟
20211105153425,开,开,关,41°C,0%,23,11分钟
20211105153432,开,开,关,41°C,0%,25,11分钟
20211105153434,开,开,关,41°C,0%,23,11分钟
20211105153436,开,开,关,41°C,0%,25,11分钟
20211105153440,开,开,关,41°C,0%,25,14分钟
20211105153446,开,开,关,40°C,0%,25,14分钟
20211105153448,开,开,关,40°C,0%,23,14分钟
20211105153450,开,开,关,40°C,0%,25,13分钟
20211105153456,开,开,关,40°C,0%,23,13分钟
20211105153500,开,开,关,40°C,0%,25,13分钟
20211105153502,开,开,关,40°C,0%,25,15分钟
20211105153504,开,开,关,40°C,0%,23,15分钟
20211105153508,开,开,关,39°C,0%,25,15分钟
20211105153510,开,开,关,39°C,0%,23,15分钟
20211105153512,开,开,关,39°C,0%,25,15分钟
20211105153516,开,开,关,39°C,0%,23,15分钟
20211105153518,开,开,关,39°C,0%,25,15分钟
20211105153520,开,开,关,39°C,0%,23,15分钟
20211105153522,开,开,关,39°C,0%,26,15分钟
20211105153528,开,开,关,39°C,0%,25,15分钟
20211105153530,开,开,关,39°C,0%,23,15分钟
20211105153532,开,开,关,39°C,0%,25,17分钟
20211105153534,开,开,关,39°C,0%,23,16分钟
20211105153538,开,开,关,38°C,0%,25,16分钟
20211105153540,开,开,关,38°C,0%,23,16分钟
20211105153542,开,开,关,38°C,0%,25,16分钟
20211105153544,开,开,关,38°C,0%,22,16分钟
20211105153546,开,开,关,38°C,0%,20,16分钟
20211105153548,开,开,关,38°C,0%,21,16分钟
20211105153552,开,开,关,38°C,0%,21,18分钟
20211105153556,开,开,关,37°C,0%,20,18分钟
20211105153558,开,开,关,37°C,0%,22,18分钟
20211105153600,开,开,关,37°C,0%,25,18分钟
20211105153606,开,开,关,37°C,0%,26,18分钟
20211105153609,开,开,关,37°C,0%,20,18分钟
20211105153612,开,开,关,37°C,0%,26,18分钟
20211105153615,开,开,关,37°C,0%,25,19分钟
20211105153617,开,开,关,37°C,0%,26,19分钟
20211105153625,开,开,关,36°C,0%,25,19分钟
20211105153627,开,开,关,36°C,0%,26,19分钟
20211105153632,开,开,关,36°C,0%,26,19分钟
20211105153635,开,开,关,36°C,0%,25,21分钟
20211105153637,开,开,关,35°C,0%,26,21分钟
20211105153641,开,开,关,35°C,0%,25,21分钟
20211105153647,开,开,关,35°C,0%,26,21分钟
20211105153653,开,开,关,35°C,0%,26,20分钟
20211105153655,开,开,关,35°C,0%,25,20分钟
20211105153659,开,开,关,35°C,0%,25,22分钟
20211105153737,开,开,关,34°C,0%,0,22分钟
20211105153741,开,开,关,34°C,0%,0,24分钟
20211105153743,开,开,关,33°C,0%,0,24分钟
20211105153808,开,开,关,33°C,0%,0,23分钟
20211105153812,开,开,关,33°C,0%,0,22分钟
20211105153853,开,开,关,34°C,0%,0,22分钟
20211105153951,开,开,关,34°C,0%,0,21分钟
20211105154003,开,开,关,34°C,0%,0,20分钟
20211105154007,开,开,关,34°C,0%,0,21分钟
20211105154019,开,开,关,35°C,0%,0,21分钟
20211105154103,开,开,关,35°C,0%,0,20分钟
20211105154107,开,开,关,35°C,0%,0,19分钟
20211105154152,开,开,关,36°C,0%,0,19分钟
20211105154156,开,开,关,36°C,0%,0,18分钟
20211105154218,开,开,关,37°C,0%,0,18分钟
20211105154254,开,开,关,37°C,0%,0,17分钟
20211105154256,开,开,关,37°C,0%,0,16分钟
20211105154335,开,开,关,38°C,0%,0,16分钟
20211105154339,开,开,关,38°C,0%,0,15分钟
20211105154411,开,开,关,39°C,0%,0,15分钟
20211105154440,开,开,关,39°C,0%,0,14分钟
20211105154448,开,开,关,40°C,0%,0,14分钟
20211105154518,开,开,关,40°C,0%,0,13分钟
20211105154522,开,开,关,40°C,0%,0,12分钟
20211105154604,开,开,关,41°C,0%,0,12分钟
20211105154622,开,开,关,41°C,0%,0,11分钟
20211105154641,开,开,关,42°C,0%,0,11分钟
20211105154725,开,开,关,42°C,0%,0,10分钟
20211105154729,开,开,关,42°C,0%,0,9分钟
20211105154801,开,开,关,43°C,0%,0,9分钟
20211105154806,开,开,关,43°C,25%,0,8分钟
20211105154808,开,开,关,44°C,25%,0,8分钟
20211105154812,开,开,关,44°C,25%,0,9分钟
20211105154817,开,开,关,43°C,25%,0,9分钟
20211105154818,开,开,关,43°C,25%,0,8分钟
20211105154846,开,开,关,44°C,25%,0,8分钟
20211105154918,开,开,关,44°C,25%,0,7分钟
20211105154920,开,开,关,45°C,25%,0,7分钟
20211105155003,开,开,关,45°C,25%,0,6分钟
20211105155007,开,开,关,45°C,25%,0,5分钟
20211105155045,开,开,关,46°C,25%,0,5分钟
20211105155119,开,开,关,46°C,25%,0,4分钟
20211105155131,开,开,关,47°C,25%,0,4分钟
20211105155232,开,开,关,47°C,25%,0,3分钟
20211105155238,开,开,关,47°C,25%,0,2分钟
20211105155327,开,开,关,48°C,25%,0,2分钟
20211105155333,开,开,关,48°C,25%,0,1分钟
20211105155355,开,开,关,49°C,25%,0,1分钟
20211105155411,开,开,关,49°C,25%,0,0分钟
20211105155413,开,关,开,50°C,100%,0,0分钟
20211105165635,开,关,开,50°C,50%,0,0分钟
20211105165836,开,关,开,50°C,50%,0,0分钟
20211105165845,开,关,开,49°C,50%,0,0分钟
20211105165913,开,关,开,50°C,50%,0,0分钟
20211105165919,开,关,开,49°C,50%,0,0分钟
20211105165949,开,关,开,50°C,50%,0,0分钟
20211105165955,开,关,开,49°C,50%,0,0分钟
20211105170019,开,关,开,50°C,50%,0,0分钟
20211105170025,开,关,开,49°C,50%,0,0分钟
20211105170038,开,关,开,50°C,50%,0,0分钟
20211105170044,开,关,开,49°C,50%,0,0分钟
20211105170114,开,关,开,50°C,50%,0,0分钟
20211105170132,开,关,开,49°C,50%,0,0分钟
20211105170150,开,关,开,50°C,50%,0,0分钟
20211105170156,开,关,开,49°C,50%,0,0分钟
20211105170208,开,关,开,50°C,50%,0,0分钟
20211105170214,开,关,开,49°C,50%,0,0分钟
20211105170227,开,关,开,50°C,50%,0,0分钟
20211105170233,开,关,开,49°C,50%,0,0分钟
20211105170245,开,关,开,50°C,50%,0,0分钟
20211105170251,开,关,开,49°C,50%,0,0分钟
20211105170257,开,关,开,50°C,50%,0,0分钟
20211105170327,开,关,开,49°C,50%,0,0分钟
20211105170333,开,关,开,50°C,50%,0,0分钟
20211105170410,开,关,开,49°C,50%,0,0分钟
20211105170416,开,关,开,50°C,50%,0,0分钟
20211105170458,开,关,开,49°C,50%,0,0分钟
20211105170504,开,关,开,50°C,50%,0,0分钟
20211105170635,开,关,开,49°C,50%,0,0分钟
20211105170641,开,关,开,50°C,50%,0,0分钟
20211105181456,开,关,开,49°C,50%,0,0分钟
20211105181557,开,关,开,49°C,50%,0,0分钟
20211105181603,开,关,开,48°C,50%,0,0分钟
20211105181609,开,关,开,49°C,50%,0,0分钟
20211105181618,开,关,开,48°C,50%,0,0分钟
20211105181621,开,关,开,49°C,50%,0,0分钟
20211105181633,开,关,开,48°C,50%,0,0分钟
20211105181651,开,关,开,49°C,50%,0,0分钟
20211105181657,开,关,开,48°C,50%,0,0分钟
20211105181716,开,关,开,49°C,50%,0,0分钟
20211105181722,开,关,开,48°C,50%,0,0分钟
20211105181734,开,关,开,49°C,50%,0,0分钟
20211105181822,开,关,开,48°C,50%,0,0分钟
20211105181839,开,关,开,49°C,50%,0,0分钟
20211105181840,开,关,开,48°C,50%,0,0分钟
20211105181853,开,关,开,49°C,50%,0,0分钟
20211105181905,开,关,开,48°C,50%,0,0分钟
20211105181911,开,关,开,49°C,50%,0,0分钟
20211105181929,开,关,开,48°C,50%,0,0分钟
20211105181941,开,关,开,49°C,50%,0,0分钟
20211105181953,开,关,开,48°C,50%,0,0分钟
20211105181959,开,关,开,49°C,50%,0,0分钟
20211105182042,开,关,开,48°C,50%,0,0分钟
20211105182112,开,关,开,49°C,50%,0,0分钟
20211105182118,开,关,开,49°C,50%,0,0分钟
20211105182913,开,关,开,48°C,50%,0,0分钟
20211105184830,开,关,开,48°C,50%,0,0分钟
20211105190441,开,关,开,48°C,50%,0,0分钟
20211105190443,开,关,开,48°C,50%,8,0分钟
20211105190944,开,关,开,48°C,50%,0,0分钟
20211105190946,开,关,开,48°C,50%,8,0分钟
20211105194607,开,关,开,48°C,50%,0,0分钟
20211105194750,开,关,开,48°C,50%,0,0分钟
20211105194757,开,关,开,47°C,50%,0,0分钟
20211105195039,开,关,开,48°C,50%,0,0分钟
20211105195045,开,关,开,47°C,50%,0,0分钟
20211105195104,开,关,开,48°C,50%,0,0分钟
20211105195110,开,关,开,47°C,50%,0,0分钟
20211105195128,开,关,开,48°C,50%,0,0分钟
20211105195130,开,关,开,48°C,50%,10,0分钟
20211105195146,开,关,开,48°C,50%,0,0分钟
20211105195152,开,关,开,47°C,50%,0,0分钟
20211105195158,开,关,开,48°C,50%,0,0分钟
20211105195204,开,关,开,47°C,50%,0,0分钟
20211105195247,开,关,开,48°C,50%,0,0分钟
20211105195253,开,关,开,47°C,50%,0,0分钟
20211105195259,开,关,开,48°C,50%,0,0分钟
20211105195317,开,关,开,47°C,50%,0,0分钟
20211105195323,开,关,开,48°C,50%,0,0分钟
20211105195347,开,关,开,47°C,50%,0,0分钟
20211105195359,开,关,开,48°C,50%,0,0分钟
20211105195405,开,关,开,47°C,50%,0,0分钟
20211105195423,开,关,开,48°C,50%,0,0分钟
20211105195448,开,关,开,47°C,50%,0,0分钟
20211105195454,开,关,开,48°C,50%,0,0分钟
20211105195500,开,关,开,47°C,50%,0,0分钟
20211105195506,开,关,开,48°C,50%,0,0分钟
20211105195512,开,关,开,47°C,50%,0,0分钟
20211105195518,开,关,开,48°C,50%,0,0分钟
20211105195600,开,关,开,47°C,50%,0,0分钟
20211105195607,开,关,开,48°C,50%,0,0分钟
20211105195643,开,关,开,47°C,50%,0,0分钟
20211105195649,开,关,开,48°C,50%,0,0分钟
20211105195655,开,关,开,47°C,50%,0,0分钟
20211105195701,开,关,开,48°C,50%,0,0分钟
20211105195749,开,关,开,47°C,50%,0,0分钟
20211105195756,开,关,开,48°C,50%,0,0分钟
20211105195826,开,关,开,47°C,50%,0,0分钟
20211105195832,开,关,开,48°C,50%,0,0分钟
20211105200906,开,关,开,47°C,50%,0,0分钟
20211105200912,开,开,关,47°C,50%,26,4分钟
20211105200914,开,开,关,47°C,50%,25,4分钟
20211105200916,开,开,关,47°C,50%,26,4分钟
20211105200918,开,开,关,47°C,50%,25,4分钟
20211105200922,开,开,关,47°C,50%,26,4分钟
20211105200924,开,开,关,47°C,50%,26,3分钟
20211105200926,开,开,关,47°C,50%,32,3分钟
20211105200930,开,开,关,47°C,50%,41,3分钟
20211105200936,开,开,关,47°C,50%,40,3分钟
20211105200948,开,开,关,47°C,50%,41,3分钟
20211105200950,开,开,关,47°C,50%,41,3分钟
20211105200954,开,开,关,47°C,50%,40,3分钟
20211105201002,开,开,关,47°C,50%,41,3分钟
20211105201005,开,开,关,47°C,50%,40,3分钟
20211105201009,开,开,关,47°C,50%,41,3分钟
20211105201011,开,开,关,47°C,50%,42,3分钟
20211105201013,开,开,关,47°C,50%,40,3分钟
20211105201015,开,开,关,47°C,50%,41,3分钟
20211105201017,开,开,关,47°C,50%,35,3分钟
20211105201023,开,开,关,47°C,50%,31,3分钟
20211105201029,开,开,关,47°C,50%,31,2分钟
20211105201031,开,开,关,47°C,50%,30,2分钟
20211105201033,开,开,关,47°C,50%,31,2分钟
20211105201035,开,开,关,47°C,50%,30,2分钟
20211105201051,开,开,关,47°C,50%,31,2分钟
20211105201053,开,开,关,47°C,50%,30,2分钟
20211105201057,开,开,关,47°C,50%,31,2分钟
20211105201059,开,开,关,47°C,50%,32,2分钟
20211105201101,开,开,关,47°C,50%,30,2分钟
20211105201103,开,开,关,47°C,50%,31,2分钟
20211105201105,开,开,关,47°C,50%,28,2分钟
20211105201117,开,开,关,47°C,50%,27,2分钟
20211105201119,开,开,关,47°C,50%,28,2分钟
20211105201121,开,开,关,47°C,50%,27,2分钟
20211105201126,开,开,关,47°C,50%,26,2分钟
20211105201131,开,开,关,47°C,50%,25,1分钟
20211105201135,开,开,关,47°C,50%,26,1分钟
20211105201137,开,开,关,47°C,50%,25,1分钟
20211105201140,开,开,关,47°C,50%,33,1分钟
20211105201148,开,开,关,47°C,50%,32,1分钟
20211105201150,开,开,关,47°C,50%,33,1分钟
20211105201152,开,开,关,47°C,50%,31,1分钟
20211105201156,开,开,关,47°C,50%,27,1分钟
20211105201158,开,开,关,47°C,50%,26,1分钟
20211105201200,开,开,关,47°C,50%,27,1分钟
20211105201202,开,开,关,47°C,50%,26,1分钟
20211105201204,开,开,关,47°C,50%,27,1分钟
20211105201206,开,开,关,47°C,50%,26,1分钟
20211105201214,开,开,关,47°C,50%,27,1分钟
20211105201216,开,开,关,47°C,50%,26,1分钟
20211105201224,开,开,关,47°C,50%,27,1分钟
20211105201226,开,开,关,47°C,50%,26,0分钟
20211105201232,开,开,关,47°C,50%,27,0分钟
20211105201236,开,开,关,47°C,50%,26,0分钟
20211105201238,开,开,关,47°C,50%,27,0分钟
20211105201240,开,开,关,47°C,50%,26,0分钟
20211105201246,开,开,关,47°C,50%,27,0分钟
20211105201248,开,开,关,47°C,50%,26,0分钟
20211105201252,开,开,关,47°C,50%,27,0分钟
20211105201254,开,开,关,47°C,50%,26,0分钟
20211105201258,开,开,关,47°C,50%,27,0分钟
20211105201300,开,开,关,47°C,50%,26,0分钟
20211105201308,开,开,关,47°C,50%,27,0分钟
20211105201310,开,开,关,47°C,50%,26,0分钟
20211105201314,开,开,关,47°C,50%,27,5分钟
20211105201316,开,开,关,46°C,50%,18,5分钟
20211105201318,开,开,关,46°C,50%,20,4分钟
20211105201320,开,开,关,46°C,50%,28,4分钟
20211105201322,开,开,关,47°C,50%,27,4分钟
20211105201324,开,开,关,47°C,50%,20,4分钟
20211105201327,开,开,关,47°C,50%,25,4分钟
20211105201328,开,开,关,47°C,50%,22,4分钟
20211105201333,开,开,关,47°C,50%,20,5分钟
20211105201339,开,开,关,46°C,50%,21,5分钟
20211105201347,开,开,关,46°C,50%,26,5分钟
20211105201351,开,开,关,46°C,50%,27,4分钟
20211105201353,开,开,关,47°C,50%,27,4分钟
20211105201357,开,开,关,47°C,50%,27,5分钟
20211105202105,开,开,关,46°C,50%,26,5分钟
20211105202107,开,开,关,46°C,50%,25,5分钟
20211105202109,开,开,关,46°C,50%,26,5分钟
20211105202117,开,开,关,46°C,50%,27,5分钟
20211105202123,开,开,关,46°C,50%,23,5分钟
20211105202125,开,开,关,46°C,50%,22,5分钟
20211105202127,开,开,关,46°C,50%,23,5分钟
20211105202129,开,开,关,46°C,50%,27,5分钟
20211105202131,开,开,关,46°C,50%,25,5分钟
20211105202135,开,开,关,46°C,50%,26,5分钟
20211105202137,开,开,关,46°C,50%,25,4分钟
20211105202139,开,开,关,46°C,50%,26,4分钟
20211105202149,开,开,关,46°C,50%,27,4分钟
20211105202153,开,开,关,46°C,50%,22,4分钟
20211105202155,开,开,关,46°C,50%,25,4分钟
20211105202159,开,开,关,46°C,50%,23,4分钟
20211105201503,开,开,关,46°C,50%,26,4分钟
20211105201505,开,开,关,46°C,50%,28,4分钟
20211105201508,开,开,关,46°C,50%,27,4分钟
20211105201509,开,关,开,46°C,100%,0,0分钟
20211105202045,开,关,开,46°C,50%,0,0分钟
20211105202151,开,开,关,45°C,50%,0,7分钟
20211105202152,开,开,关,45°C,50%,0,5分钟
20211105202353,开,开,关,45°C,50%,0,4分钟
20211105202642,开,开,关,45°C,50%,0,3分钟
20211105202719,开,开,关,46°C,50%,0,4分钟
20211105202735,开,开,关,47°C,50%,0,4分钟
20211105202835,开,开,关,47°C,50%,0,3分钟
20211105202837,开,开,关,47°C,50%,0,2分钟
20211105202914,开,开,关,48°C,50%,0,2分钟
20211105202940,开,开,关,49°C,50%,0,1分钟
20211105202950,开,开,关,49°C,50%,0,0分钟
20211105202952,开,关,开,50°C,100%,0,0分钟
20211105203334,开,关,开,50°C,50%,0,0分钟
20211105203346,开,关,开,51°C,50%,0,0分钟
20211105203411,开,关,开,50°C,50%,0,0分钟
20211105203429,开,关,开,51°C,50%,0,0分钟
20211105203511,开,关,开,50°C,50%,0,0分钟
20211105203517,开,关,开,51°C,50%,0,0分钟
20211105203624,开,关,开,50°C,50%,0,0分钟
20211105203630,开,关,开,51°C,50%,0,0分钟
20211105203648,开,关,开,50°C,50%,0,0分钟
20211105203650,开,关,开,50°C,50%,8,0分钟
20211105213542,开,关,开,50°C,50%,0,0分钟
20211105213546,开,开,关,50°C,50%,47,0分钟
20211105213550,开,开,关,50°C,50%,46,0分钟
20211105213552,开,开,关,50°C,50%,48,0分钟
20211105213601,开,开,关,50°C,50%,47,0分钟
20211105213603,开,开,关,50°C,50%,48,0分钟
20211105213613,开,开,关,50°C,50%,47,0分钟
20211105213615,开,开,关,50°C,50%,48,0分钟
20211105213627,开,开,关,50°C,50%,47,0分钟
20211105213631,开,开,关,50°C,50%,48,0分钟
20211105213637,开,开,关,50°C,50%,47,0分钟
20211105213641,开,开,关,50°C,50%,48,0分钟
20211105213645,开,开,关,50°C,50%,47,0分钟
20211105213647,开,开,关,50°C,50%,48,0分钟
20211105213649,开,开,关,50°C,50%,47,0分钟
20211105213651,开,开,关,50°C,50%,38,0分钟
20211105213653,开,开,关,50°C,50%,35,0分钟
20211105213655,开,开,关,50°C,50%,23,0分钟
20211105213659,开,开,关,50°C,50%,25,0分钟
20211105213701,开,开,关,50°C,50%,23,0分钟
20211105213703,开,开,关,50°C,50%,25,0分钟
20211105213705,开,开,关,50°C,50%,23,0分钟
20211105213707,开,开,关,50°C,50%,25,0分钟
20211105213709,开,开,关,50°C,50%,23,0分钟
20211105213711,开,开,关,50°C,50%,25,0分钟
20211105213715,开,开,关,50°C,50%,23,0分钟
20211105213717,开,开,关,50°C,50%,25,0分钟
20211105213723,开,开,关,49°C,50%,25,1分钟
20211105213729,开,开,关,50°C,50%,23,0分钟
20211105213731,开,开,关,50°C,50%,25,0分钟
20211105213735,开,开,关,50°C,50%,23,0分钟
20211105213741,开,开,关,49°C,50%,25,1分钟
20211105213748,开,开,关,50°C,50%,25,0分钟
20211105213752,开,开,关,49°C,50%,25,1分钟
20211105213754,开,开,关,49°C,50%,23,1分钟
20211105213758,开,开,关,49°C,50%,25,1分钟
20211105213800,开,开,关,49°C,50%,23,1分钟
20211105213804,开,开,关,49°C,50%,25,1分钟
20211105213808,开,开,关,49°C,50%,23,1分钟
20211105213810,开,开,关,49°C,50%,25,1分钟
20211105213812,开,开,关,49°C,50%,23,1分钟
20211105213814,开,开,关,49°C,50%,25,1分钟
20211105213828,开,开,关,49°C,50%,25,0分钟
20211105213830,开,开,关,49°C,50%,26,0分钟
20211105213832,开,开,关,49°C,50%,20,0分钟
20211105213838,开,开,关,49°C,50%,21,0分钟
20211105213840,开,开,关,49°C,50%,23,0分钟
20211105213846,开,开,关,49°C,50%,22,0分钟
20211105213848,开,开,关,49°C,50%,21,0分钟
20211105213856,开,开,关,49°C,50%,22,0分钟
20211105213858,开,开,关,49°C,50%,25,0分钟
20211105213904,开,开,关,49°C,50%,26,0分钟
20211105213906,开,开,关,49°C,50%,26,0分钟
20211105213910,开,开,关,49°C,50%,27,0分钟
20211105213912,开,开,关,49°C,50%,26,0分钟
20211105213925,开,关,开,50°C,50%,0,0分钟
20211105213949,开,关,开,48°C,50%,0,0分钟
20211105213955,开,关,开,50°C,50%,0,0分钟
20211105214047,开,关,开,48°C,50%,0,0分钟
20211105214049,开,开,关,48°C,50%,22,2分钟
20211105214051,开,开,关,48°C,50%,27,2分钟
20211105214057,开,开,关,48°C,50%,28,2分钟
20211105214059,开,开,关,48°C,50%,27,2分钟
20211105214138,开,开,关,48°C,50%,20,2分钟
20211105214140,开,开,关,48°C,50%,21,2分钟
20211105214144,开,开,关,48°C,50%,21,1分钟
20211105214150,开,开,关,48°C,50%,20,1分钟
20211105214152,开,开,关,48°C,50%,21,1分钟
20211105214158,开,开,关,48°C,50%,20,1分钟
20211105214200,开,开,关,48°C,50%,21,1分钟
20211105214202,开,开,关,48°C,50%,20,1分钟
20211105214206,开,开,关,48°C,50%,20,4分钟
20211105214210,开,开,关,47°C,50%,20,4分钟
20211105214212,开,开,关,47°C,50%,21,4分钟
20211105214214,开,开,关,47°C,50%,20,4分钟
20211105214218,开,开,关,47°C,50%,21,4分钟
20211105214220,开,开,关,47°C,50%,20,3分钟
20211105214226,开,开,关,47°C,50%,21,3分钟
20211105214228,开,开,关,47°C,50%,20,3分钟
20211105214232,开,开,关,47°C,50%,21,3分钟
20211105214236,开,开,关,47°C,50%,20,3分钟
20211105214240,开,开,关,47°C,50%,21,3分钟
20211105214244,开,开,关,47°C,50%,20,3分钟
20211105214250,开,开,关,47°C,50%,21,3分钟
20211105214252,开,开,关,47°C,50%,20,3分钟
20211105214259,开,开,关,47°C,50%,21,3分钟
20211105214304,开,开,关,47°C,50%,20,3分钟
20211105214309,开,开,关,47°C,50%,21,3分钟
20211105214319,开,开,关,47°C,50%,20,3分钟
20211105214323,开,开,关,47°C,50%,20,2分钟
20211105214329,开,开,关,47°C,50%,21,2分钟
20211105214333,开,开,关,47°C,50%,20,2分钟
20211105214337,开,开,关,47°C,50%,21,2分钟
20211105214351,开,开,关,47°C,50%,20,2分钟
20211105214355,开,开,关,47°C,50%,20,5分钟
20211105214413,开,开,关,46°C,50%,20,5分钟
20211105214415,开,开,关,46°C,50%,21,5分钟
20211105214417,开,开,关,46°C,50%,20,5分钟
20211105214419,开,开,关,46°C,50%,21,5分钟
20211105214427,开,开,关,46°C,50%,20,5分钟
20211105214429,开,开,关,46°C,50%,21,5分钟
20211105214431,开,开,关,46°C,50%,20,5分钟
20211105214433,开,开,关,46°C,50%,21,5分钟
20211105214448,开,开,关,46°C,50%,20,4分钟
20211105214450,开,开,关,46°C,50%,18,4分钟
20211105214502,开,开,关,46°C,50%,20,4分钟
20211105214504,开,开,关,46°C,50%,21,4分钟
20211105214508,开,开,关,46°C,50%,20,7分钟
20211105214510,开,开,关,45°C,50%,20,7分钟
20211105214518,开,开,关,45°C,50%,20,6分钟
20211105214520,开,开,关,45°C,50%,21,6分钟
20211105214528,开,开,关,45°C,50%,20,6分钟
20211105214530,开,开,关,45°C,50%,18,6分钟
20211105214532,开,开,关,45°C,50%,20,6分钟
20211105214536,开,开,关,45°C,50%,21,6分钟
20211105214540,开,开,关,45°C,50%,20,6分钟
20211105214544,开,开,关,45°C,50%,0,8分钟
20211105214612,开,开,关,44°C,50%,0,8分钟
20211105214635,开,开,关,44°C,50%,0,7分钟
20211105214639,开,开,关,44°C,50%,0,9分钟
20211105214641,开,开,关,43°C,50%,0,9分钟
20211105214645,开,开,关,43°C,50%,0,8分钟
20211105214647,开,开,关,44°C,50%,0,8分钟
20211105214651,开,开,关,44°C,50%,0,9分钟
20211105214746,开,开,关,43°C,50%,0,11分钟
20211105214804,开,开,关,42°C,50%,0,11分钟
20211105214904,开,开,关,42°C,50%,0,10分钟
20211105215007,开,开,关,42°C,50%,0,9分钟
20211105215037,开,开,关,42°C,50%,0,8分钟
20211105215041,开,开,关,42°C,50%,0,9分钟
20211105215132,开,开,关,43°C,50%,0,9分钟
20211105215136,开,开,关,43°C,50%,0,8分钟
20211105215204,开,开,关,44°C,50%,0,8分钟
20211105215230,开,开,关,44°C,50%,0,7分钟
20211105215232,开,开,关,45°C,50%,0,7分钟
20211105215236,开,开,关,45°C,50%,0,8分钟
20211105215238,开,开,关,44°C,50%,0,8分钟
20211105215242,开,开,关,44°C,50%,0,7分钟
20211105215244,开,开,关,45°C,50%,0,7分钟
20211105215308,开,开,关,45°C,50%,0,6分钟
20211105215313,开,开,关,45°C,50%,0,5分钟
20211105215351,开,开,关,46°C,50%,0,5分钟
20211105215407,开,开,关,46°C,50%,0,4分钟
20211105215415,开,开,关,47°C,50%,0,4分钟
20211105215419,开,开,关,47°C,50%,0,5分钟
20211105215421,开,开,关,46°C,50%,0,5分钟
20211105215425,开,开,关,46°C,50%,0,4分钟
20211105215437,开,开,关,47°C,50%,0,4分钟
20211105215510,开,开,关,47°C,50%,0,3分钟
20211105215514,开,开,关,47°C,50%,0,2分钟
20211105215516,开,开,关,48°C,50%,0,2分钟
20211105215520,开,开,关,48°C,50%,0,4分钟
20211105215522,开,开,关,47°C,50%,0,4分钟
20211105215526,开,开,关,47°C,50%,0,2分钟
20211105215558,开,开,关,48°C,50%,0,2分钟
20211105215602,开,开,关,48°C,50%,0,1分钟
20211105215624,开,开,关,49°C,50%,0,1分钟
20211105215641,开,开,关,49°C,50%,0,0分钟
20211105215643,开,关,开,50°C,100%,0,0分钟
20211105215924,开,关,开,50°C,50%,0,0分钟
20211105220659,开,关,开,51°C,50%,0,0分钟
20211105220705,开,关,开,50°C,50%,0,0分钟
20211105220723,开,关,开,51°C,50%,0,0分钟
20211105220735,开,关,开,50°C,50%,0,0分钟
20211105220759,开,关,开,51°C,50%,0,0分钟
20211105220811,开,关,开,50°C,50%,0,0分钟
20211105220830,开,关,开,51°C,50%,0,0分钟
20211105221000,开,关,开,50°C,50%,0,0分钟
20211105221006,开,关,开,51°C,50%,0,0分钟
20211105221101,开,关,开,50°C,50%,0,0分钟
20211105221107,开,关,开,51°C,50%,0,0分钟
20211105223942,开,关,开,50°C,50%,0,0分钟
20211106011316,开,关,开,50°C,50%,0,0分钟
20211106011328,开,关,开,50°C,50%,0,0分钟
20211106011334,开,关,开,49°C,50%,0,0分钟
20211106011505,开,关,开,50°C,50%,0,0分钟
20211106011511,开,关,开,49°C,50%,0,0分钟
20211106011547,开,关,开,50°C,50%,0,0分钟
20211106011554,开,关,开,49°C,50%,0,0分钟
20211106011718,开,关,开,50°C,50%,0,0分钟
20211106011724,开,关,开,49°C,50%,0,0分钟
20211106011801,开,关,开,50°C,50%,0,0分钟
20211106011901,开,关,开,49°C,50%,0,0分钟
20211106011907,开,关,开,49°C,50%,0,0分钟
20211106011915,开,关,开,50°C,50%,0,0分钟
20211106011920,开,关,开,49°C,50%,0,0分钟
20211106011950,开,关,开,50°C,50%,0,0分钟
20211106011956,开,关,开,49°C,50%,0,0分钟
20211106012008,开,关,开,50°C,50%,0,0分钟
20211106012021,开,关,开,49°C,50%,0,0分钟
20211106012026,开,关,开,50°C,50%,0,0分钟
20211106012032,开,关,开,49°C,50%,0,0分钟
20211106012038,开,关,开,50°C,50%,0,0分钟
20211106012056,开,关,开,49°C,50%,0,0分钟
20211106012109,开,关,开,50°C,50%,0,0分钟
20211106012115,开,关,开,49°C,50%,0,0分钟
20211106012139,开,关,开,50°C,50%,0,0分钟
20211106012151,开,关,开,49°C,50%,0,0分钟
20211106012157,开,关,开,50°C,50%,0,0分钟
20211106012203,开,关,开,49°C,50%,0,0分钟
20211106012209,开,关,开,50°C,50%,0,0分钟
20211106012227,开,关,开,49°C,50%,0,0分钟
20211106012240,开,关,开,50°C,50%,0,0分钟
20211106012246,开,关,开,49°C,50%,0,0分钟
20211106012258,开,关,开,50°C,50%,0,0分钟
20211106012304,开,关,开,49°C,50%,0,0分钟
20211106012310,开,关,开,50°C,50%,0,0分钟
20211106012322,开,关,开,49°C,50%,0,0分钟
20211106012346,开,关,开,50°C,50%,0,0分钟
20211106012352,开,关,开,49°C,50%,0,0分钟
20211106012358,开,关,开,50°C,50%,0,0分钟
20211106012404,开,关,开,49°C,50%,0,0分钟
20211106012410,开,关,开,50°C,50%,0,0分钟
20211106012416,开,关,开,49°C,50%,0,0分钟
20211106012435,开,关,开,50°C,50%,0,0分钟
20211106012505,开,关,开,49°C,50%,0,0分钟
20211106012511,开,关,开,50°C,50%,0,0分钟
20211106012529,开,关,开,49°C,50%,0,0分钟
20211106012535,开,关,开,50°C,50%,0,0分钟
20211106012541,开,关,开,49°C,50%,0,0分钟
20211106012547,开,关,开,50°C,50%,0,0分钟
20211106012553,开,关,开,49°C,50%,0,0分钟
20211106012559,开,关,开,50°C,50%,0,0分钟
20211106012624,开,关,开,49°C,50%,0,0分钟
20211106012630,开,关,开,50°C,50%,0,0分钟
20211106012648,开,关,开,49°C,50%,0,0分钟
20211106012654,开,关,开,50°C,50%,0,0分钟
20211106012712,开,关,开,49°C,50%,0,0分钟
20211106012718,开,关,开,50°C,50%,0,0分钟
20211106012724,开,关,开,49°C,50%,0,0分钟
20211106012730,开,关,开,50°C,50%,0,0分钟
20211106012736,开,关,开,49°C,50%,0,0分钟
20211106012742,开,关,开,50°C,50%,0,0分钟
20211106031017,开,关,开,49°C,50%,0,0分钟
20211106031118,开,关,开,49°C,50%,0,0分钟
20211106031124,开,关,开,48°C,50%,0,0分钟
20211106031432,开,关,开,49°C,50%,0,0分钟
20211106031438,开,关,开,49°C,50%,0,0分钟
20211106031444,开,关,开,48°C,50%,0,0分钟
20211106031450,开,关,开,49°C,50%,0,0分钟
20211106031502,开,关,开,48°C,50%,0,0分钟
20211106031544,开,关,开,49°C,50%,0,0分钟
20211106031551,开,关,开,48°C,50%,0,0分钟
20211106031621,开,关,开,49°C,50%,0,0分钟
20211106031633,开,关,开,48°C,50%,0,0分钟
20211106031639,开,关,开,49°C,50%,0,0分钟
20211106031651,开,关,开,48°C,50%,0,0分钟
20211106031657,开,关,开,49°C,50%,0,0分钟
20211106031703,开,关,开,48°C,50%,0,0分钟
20211106031739,开,关,开,49°C,50%,0,0分钟
20211106031746,开,关,开,48°C,50%,0,0分钟
20211106031810,开,关,开,49°C,50%,0,0分钟
20211106031816,开,关,开,48°C,50%,0,0分钟
20211106031822,开,关,开,49°C,50%,0,0分钟
20211106031834,开,关,开,48°C,50%,0,0分钟
20211106031840,开,关,开,49°C,50%,0,0分钟
20211106031846,开,关,开,48°C,50%,0,0分钟
20211106031858,开,关,开,49°C,50%,0,0分钟
20211106031904,开,关,开,48°C,50%,0,0分钟
20211106031910,开,关,开,49°C,50%,0,0分钟
20211106031922,开,关,开,48°C,50%,0,0分钟
20211106031959,开,关,开,49°C,50%,0,0分钟
20211106032005,开,关,开,48°C,50%,0,0分钟
20211106032011,开,关,开,49°C,50%,0,0分钟
20211106032017,开,关,开,48°C,50%,0,0分钟
20211106032023,开,关,开,49°C,50%,0,0分钟
20211106032029,开,关,开,48°C,50%,0,0分钟
20211106032035,开,关,开,49°C,50%,0,0分钟
20211106032041,开,关,开,48°C,50%,0,0分钟
20211106032054,开,关,开,49°C,50%,0,0分钟
20211106032105,开,关,开,48°C,50%,0,0分钟
20211106032124,开,关,开,49°C,50%,0,0分钟
20211106032148,开,关,开,48°C,50%,0,0分钟
20211106032154,开,关,开,49°C,50%,0,0分钟
20211106032200,开,关,开,48°C,50%,0,0分钟
20211106032218,开,关,开,49°C,50%,0,0分钟
20211106032224,开,关,开,48°C,50%,0,0分钟
20211106032230,开,关,开,49°C,50%,0,0分钟
20211106032236,开,关,开,48°C,50%,0,0分钟
20211106032255,开,关,开,49°C,50%,0,0分钟
20211106032307,开,关,开,48°C,50%,0,0分钟
20211106032315,开,关,开,49°C,50%,0,0分钟
20211106032319,开,关,开,48°C,50%,0,0分钟
20211106032331,开,关,开,49°C,50%,0,0分钟
20211106032343,开,关,开,48°C,50%,0,0分钟
20211106032349,开,关,开,49°C,50%,0,0分钟
20211106032401,开,关,开,48°C,50%,0,0分钟
20211106032413,开,关,开,49°C,50%,0,0分钟
20211106032437,开,关,开,48°C,50%,0,0分钟
20211106032444,开,关,开,49°C,50%,0,0分钟
20211106032502,开,关,开,48°C,50%,0,0分钟
20211106032520,开,关,开,49°C,50%,0,0分钟
20211106032526,开,关,开,48°C,50%,0,0分钟
20211106032535,开,关,开,49°C,50%,0,0分钟
20211106032538,开,关,开,48°C,50%,0,0分钟
20211106032544,开,关,开,49°C,50%,0,0分钟
20211106032556,开,关,开,48°C,50%,0,0分钟
20211106032602,开,关,开,49°C,50%,0,0分钟
20211106032645,开,关,开,48°C,50%,0,0分钟
20211106032709,开,关,开,49°C,50%,0,0分钟
20211106032745,开,关,开,48°C,50%,0,0分钟
20211106032751,开,关,开,49°C,50%,0,0分钟
20211106032828,开,关,开,48°C,50%,0,0分钟
20211106032834,开,关,开,49°C,50%,0,0分钟
20211106032852,开,关,开,48°C,50%,0,0分钟
20211106032858,开,关,开,49°C,50%,0,0分钟
20211106032959,开,关,开,48°C,50%,0,0分钟
20211106033005,开,关,开,49°C,50%,0,0分钟
20211106033011,开,关,开,48°C,50%,0,0分钟
20211106033017,开,关,开,49°C,50%,0,0分钟
20211106052132,开,关,开,48°C,50%,0,0分钟
20211106052321,开,关,开,48°C,50%,0,0分钟
20211106052327,开,关,开,47°C,50%,0,0分钟
20211106052440,开,关,开,48°C,50%,0,0分钟
20211106052446,开,关,开,47°C,50%,0,0分钟
20211106052653,开,关,开,48°C,50%,0,0分钟
20211106052659,开,关,开,47°C,50%,0,0分钟
20211106052735,开,关,开,48°C,50%,0,0分钟
20211106052745,开,关,开,47°C,50%,0,0分钟
20211106052748,开,关,开,48°C,50%,0,0分钟
20211106052754,开,关,开,47°C,50%,0,0分钟
20211106052818,开,关,开,48°C,50%,0,0分钟
20211106052824,开,关,开,47°C,50%,0,0分钟
20211106052912,开,关,开,48°C,50%,0,0分钟
20211106052918,开,关,开,47°C,50%,0,0分钟
20211106052924,开,关,开,48°C,50%,0,0分钟
20211106052930,开,关,开,47°C,50%,0,0分钟
20211106052943,开,关,开,48°C,50%,0,0分钟
20211106052949,开,关,开,47°C,50%,0,0分钟
20211106053019,开,关,开,48°C,50%,0,0分钟
20211106053025,开,关,开,47°C,50%,0,0分钟
20211106053037,开,关,开,48°C,50%,0,0分钟
20211106053043,开,关,开,47°C,50%,0,0分钟
20211106053107,开,关,开,48°C,50%,0,0分钟
20211106053113,开,关,开,47°C,50%,0,0分钟
20211106053314,开,关,开,48°C,50%,0,0分钟
20211106053327,开,关,开,47°C,50%,0,0分钟
20211106053333,开,关,开,48°C,50%,0,0分钟
20211106053351,开,关,开,47°C,50%,0,0分钟
20211106053357,开,关,开,48°C,50%,0,0分钟
20211106053403,开,关,开,47°C,50%,0,0分钟
20211106053409,开,关,开,48°C,50%,0,0分钟
20211106053415,开,关,开,47°C,50%,0,0分钟
20211106053504,开,关,开,48°C,50%,0,0分钟
20211106053510,开,关,开,47°C,50%,0,0分钟
20211106053522,开,关,开,48°C,50%,0,0分钟
20211106053528,开,关,开,47°C,50%,0,0分钟
20211106053534,开,关,开,48°C,50%,0,0分钟
20211106053604,开,关,开,47°C,50%,0,0分钟
20211106053610,开,关,开,48°C,50%,0,0分钟
20211106053616,开,关,开,47°C,50%,0,0分钟
20211106053622,开,关,开,48°C,50%,0,0分钟
20211106053634,开,关,开,47°C,50%,0,0分钟
20211106053640,开,关,开,48°C,50%,0,0分钟
20211106053647,开,关,开,47°C,50%,0,0分钟
20211106053705,开,关,开,48°C,50%,0,0分钟
20211106053711,开,关,开,47°C,50%,0,0分钟
20211106053717,开,关,开,48°C,50%,0,0分钟
20211106053723,开,关,开,47°C,50%,0,0分钟
20211106053729,开,关,开,48°C,50%,0,0分钟
20211106053735,开,关,开,47°C,50%,0,0分钟
20211106053741,开,关,开,48°C,50%,0,0分钟
20211106053747,开,关,开,47°C,50%,0,0分钟
20211106053753,开,关,开,48°C,50%,0,0分钟
20211106053805,开,关,开,47°C,50%,0,0分钟
20211106053811,开,关,开,48°C,50%,0,0分钟
20211106053823,开,关,开,47°C,50%,0,0分钟
20211106053836,开,关,开,48°C,50%,0,0分钟
20211106053842,开,关,开,47°C,50%,0,0分钟
20211106053848,开,关,开,48°C,50%,0,0分钟
20211106053854,开,关,开,47°C,50%,0,0分钟
20211106053900,开,关,开,48°C,50%,0,0分钟
20211106053906,开,关,开,47°C,50%,0,0分钟
20211106053918,开,关,开,48°C,50%,0,0分钟
20211106053936,开,关,开,47°C,50%,0,0分钟
20211106053942,开,关,开,48°C,50%,0,0分钟
20211106053948,开,关,开,47°C,50%,0,0分钟
20211106054006,开,关,开,48°C,50%,0,0分钟
20211106054012,开,关,开,47°C,50%,0,0分钟
20211106054018,开,关,开,48°C,50%,0,0分钟
20211106054031,开,关,开,47°C,50%,0,0分钟
20211106054037,开,关,开,48°C,50%,0,0分钟
20211106054043,开,关,开,47°C,50%,0,0分钟
20211106054049,开,关,开,48°C,50%,0,0分钟
20211106054143,开,关,开,47°C,50%,0,0分钟
20211106054151,开,关,开,48°C,50%,0,0分钟
20211106054155,开,关,开,47°C,50%,0,0分钟
20211106054201,开,关,开,48°C,50%,0,0分钟
20211106054226,开,关,开,47°C,50%,0,0分钟
20211106054232,开,关,开,48°C,50%,0,0分钟
20211106054244,开,关,开,47°C,50%,0,0分钟
20211106054250,开,关,开,48°C,50%,0,0分钟
20211106054320,开,关,开,47°C,50%,0,0分钟
20211106054326,开,关,开,48°C,50%,0,0分钟
20211106082934,开,关,开,47°C,50%,0,0分钟
20211106083105,开,关,开,47°C,50%,0,0分钟
20211106083111,开,关,开,46°C,50%,0,0分钟
20211106083312,开,关,开,47°C,50%,0,0分钟
20211106083321,开,关,开,46°C,50%,0,0分钟
20211106083355,开,关,开,47°C,50%,0,0分钟
20211106083401,开,关,开,46°C,50%,0,0分钟
20211106083419,开,关,开,47°C,50%,0,0分钟
20211106083425,开,关,开,46°C,50%,0,0分钟
20211106083455,开,关,开,47°C,50%,0,0分钟
20211106083501,开,关,开,46°C,50%,0,0分钟
20211106083513,开,关,开,47°C,50%,0,0分钟
20211106083525,开,关,开,46°C,50%,0,0分钟
20211106083531,开,关,开,47°C,50%,0,0分钟
20211106083544,开,关,开,46°C,50%,0,0分钟
20211106083632,开,关,开,47°C,50%,0,0分钟
20211106083638,开,关,开,46°C,50%,0,0分钟
20211106083733,开,关,开,47°C,50%,0,0分钟
20211106083739,开,关,开,46°C,50%,0,0分钟
20211106083745,开,关,开,47°C,50%,0,0分钟
20211106083757,开,关,开,46°C,50%,0,0分钟
20211106083809,开,关,开,47°C,50%,0,0分钟
20211106083815,开,关,开,46°C,50%,0,0分钟
20211106083827,开,关,开,47°C,50%,0,0分钟
20211106083833,开,关,开,46°C,50%,0,0分钟
20211106083839,开,关,开,47°C,50%,0,0分钟
20211106083845,开,关,开,46°C,50%,0,0分钟
20211106084004,开,关,开,47°C,50%,0,0分钟
20211106084010,开,关,开,46°C,50%,0,0分钟
20211106084024,开,关,开,47°C,50%,0,0分钟
20211106084034,开,关,开,46°C,50%,0,0分钟
20211106084205,开,关,开,47°C,50%,0,0分钟
20211106084211,开,关,开,46°C,50%,0,0分钟
20211106084217,开,关,开,47°C,50%,0,0分钟
20211106084223,开,关,开,46°C,50%,0,0分钟
20211106084245,开,关,开,47°C,50%,0,0分钟
20211106084247,开,关,开,46°C,50%,0,0分钟
20211106084324,开,关,开,47°C,50%,0,0分钟
20211106084330,开,关,开,46°C,50%,0,0分钟
20211106084412,开,关,开,47°C,50%,0,0分钟
20211106084418,开,关,开,46°C,50%,0,0分钟
20211106084424,开,关,开,47°C,50%,0,0分钟
20211106084436,开,关,开,46°C,50%,0,0分钟
20211106084455,开,关,开,47°C,50%,0,0分钟
20211106084513,开,关,开,46°C,50%,0,0分钟
20211106084525,开,关,开,47°C,50%,0,0分钟
20211106084537,开,关,开,46°C,50%,0,0分钟
20211106084543,开,关,开,47°C,50%,0,0分钟
20211106084549,开,关,开,46°C,50%,0,0分钟
20211106084555,开,关,开,47°C,50%,0,0分钟
20211106084613,开,关,开,46°C,50%,0,0分钟
20211106084619,开,关,开,47°C,50%,0,0分钟
20211106084656,开,关,开,46°C,50%,0,0分钟
20211106084708,开,关,开,47°C,50%,0,0分钟
20211106084732,开,关,开,46°C,50%,0,0分钟
20211106084744,开,关,开,47°C,50%,0,0分钟
20211106084820,开,关,开,46°C,50%,0,0分钟
20211106084827,开,关,开,47°C,50%,0,0分钟
20211106084851,开,关,开,46°C,50%,0,0分钟
20211106084857,开,关,开,47°C,50%,0,0分钟
20211106084915,开,关,开,46°C,50%,0,0分钟
20211106084921,开,关,开,47°C,50%,0,0分钟
20211106084957,开,关,开,46°C,50%,0,0分钟
20211106085003,开,关,开,47°C,50%,0,0分钟
20211106085034,开,关,开,46°C,50%,0,0分钟
20211106085040,开,关,开,47°C,50%,0,0分钟
20211106085217,开,关,开,46°C,50%,0,0分钟
20211106085223,开,关,开,47°C,50%,0,0分钟
20211106090341,开,关,开,46°C,50%,0,0分钟
20211106094033,开,关,开,46°C,50%,0,0分钟
20211106095739,开,关,开,46°C,25%,0,0分钟
20211106114008,关,关,关,46°C,25%,0,0分钟
20211106124746,关,关,关,46°C,25%,0,0分钟
20211106125055,关,关,关,46°C,25%,0,0分钟
20211106125100,关,关,关,45°C,25%,0,0分钟
20211106125154,关,关,关,46°C,25%,0,0分钟
20211106125200,关,关,关,45°C,25%,0,0分钟
20211106125206,关,关,关,46°C,25%,0,0分钟
20211106125212,关,关,关,45°C,25%,0,0分钟
20211106125230,关,关,关,46°C,25%,0,0分钟
20211106125243,关,关,关,45°C,25%,0,0分钟
20211106125307,关,关,关,46°C,25%,0,0分钟
20211106125325,关,关,关,45°C,25%,0,0分钟
20211106125355,关,关,关,46°C,25%,0,0分钟
20211106125414,关,关,关,45°C,25%,0,0分钟
20211106125419,关,关,关,46°C,25%,0,0分钟
20211106125425,关,关,关,45°C,25%,0,0分钟
20211106125431,关,关,关,46°C,25%,0,0分钟
20211106125514,关,关,关,45°C,25%,0,0分钟
20211106125520,关,关,关,46°C,25%,0,0分钟
20211106125526,关,关,关,45°C,25%,0,0分钟
20211106125544,关,关,关,46°C,25%,0,0分钟
20211106125556,关,关,关,45°C,25%,0,0分钟
20211106125602,关,关,关,46°C,25%,0,0分钟
20211106125633,关,关,关,45°C,25%,0,0分钟
20211106125639,关,关,关,46°C,25%,0,0分钟
20211106125651,关,关,关,45°C,25%,0,0分钟
20211106125657,关,关,关,46°C,25%,0,0分钟
20211106125703,关,关,关,45°C,25%,0,0分钟
20211106125709,关,关,关,46°C,25%,0,0分钟
20211106125715,关,关,关,45°C,25%,0,0分钟
20211106125733,关,关,关,46°C,25%,0,0分钟
20211106125739,关,关,关,45°C,25%,0,0分钟
20211106125751,关,关,关,46°C,25%,0,0分钟
20211106125759,关,关,关,45°C,25%,0,0分钟
20211106125803,关,关,关,46°C,25%,0,0分钟
20211106125810,关,关,关,45°C,25%,0,0分钟
20211106125904,关,关,关,46°C,25%,0,0分钟
20211106125959,关,关,关,45°C,25%,0,0分钟
20211106130011,关,关,关,46°C,25%,0,0分钟
20211106130035,关,关,关,45°C,25%,0,0分钟
20211106130041,关,关,关,46°C,25%,0,0分钟
20211106130117,关,关,关,45°C,25%,0,0分钟
20211106130123,关,关,关,46°C,25%,0,0分钟
20211106130141,关,关,关,45°C,25%,0,0分钟
20211106130148,关,关,关,46°C,25%,0,0分钟
20211106152140,关,关,关,45°C,25%,0,0分钟
20211106152145,关,关,关,45°C,25%,0,0分钟
20211106152150,关,关,关,45°C,25%,0,0分钟
20211106152155,关,关,关,45°C,25%,0,0分钟
20211106152200,关,关,关,45°C,25%,0,0分钟
20211106152205,关,关,关,45°C,25%,0,0分钟
20211106152210,关,关,关,45°C,25%,0,0分钟
20211106152215,关,关,关,45°C,25%,0,0分钟
20211106152220,关,关,关,45°C,25%,0,0分钟
20211106152225,关,关,关,45°C,25%,0,0分钟
20211106152231,关,关,关,45°C,25%,0,0分钟
20211106152236,关,关,关,45°C,25%,0,0分钟
20211106152241,关,关,关,45°C,25%,0,0分钟
20211106152246,关,关,关,45°C,25%,0,0分钟
20211106152251,关,关,关,45°C,25%,0,0分钟
20211106152256,关,关,关,45°C,25%,0,0分钟
20211106152301,关,关,关,45°C,25%,0,0分钟
20211106152306,关,关,关,45°C,25%,0,0分钟
20211106153048,关,关,关,45°C,25%,0,0分钟
20211106153054,关,关,关,45°C,25%,0,0分钟
20211106153101,关,关,关,44°C,25%,0,0分钟
20211106153137,关,关,关,45°C,25%,0,0分钟
20211106153149,关,关,关,44°C,25%,0,0分钟
20211106153402,关,关,关,45°C,25%,0,0分钟
20211106153408,关,关,关,44°C,25%,0,0分钟
20211106153728,关,关,关,45°C,25%,0,0分钟
20211106153734,关,关,关,44°C,25%,0,0分钟
20211106153758,关,关,关,45°C,25%,0,0分钟
20211106153810,关,关,关,44°C,25%,0,0分钟
20211106153822,关,关,关,45°C,25%,0,0分钟
20211106153828,关,关,关,44°C,25%,0,0分钟
20211106153834,关,关,关,45°C,25%,0,0分钟
20211106153840,关,关,关,44°C,25%,0,0分钟
20211106153847,关,关,关,45°C,25%,0,0分钟
20211106153859,关,关,关,44°C,25%,0,0分钟
20211106153923,关,关,关,45°C,25%,0,0分钟
20211106153929,关,关,关,44°C,25%,0,0分钟
20211106153947,关,关,关,45°C,25%,0,0分钟
20211106153953,关,关,关,44°C,25%,0,0分钟
20211106154018,关,关,关,45°C,25%,0,0分钟
20211106154029,关,关,关,44°C,25%,0,0分钟
20211106154054,关,关,关,45°C,25%,0,0分钟
20211106154100,关,关,关,44°C,25%,0,0分钟
20211106154134,关,关,关,45°C,25%,0,0分钟
20211106154142,关,关,关,44°C,25%,0,0分钟
20211106154237,关,关,关,45°C,25%,0,0分钟
20211106154243,关,关,关,44°C,25%,0,0分钟
20211106154349,关,关,关,45°C,25%,0,0分钟
20211106154355,关,关,关,44°C,25%,0,0分钟
20211106154408,关,关,关,45°C,25%,0,0分钟
20211106154426,关,关,关,44°C,25%,0,0分钟
20211106154432,关,关,关,45°C,25%,0,0分钟
20211106154438,关,关,关,44°C,25%,0,0分钟
20211106154508,关,关,关,45°C,25%,0,0分钟
20211106154514,关,关,关,44°C,25%,0,0分钟
20211106154520,关,关,关,45°C,25%,0,0分钟
20211106154526,关,关,关,44°C,25%,0,0分钟
20211106154532,关,关,关,45°C,25%,0,0分钟
20211106154544,关,关,关,44°C,25%,0,0分钟
20211106154550,关,关,关,45°C,25%,0,0分钟
20211106154557,关,关,关,44°C,25%,0,0分钟
20211106154603,关,关,关,45°C,25%,0,0分钟
20211106154609,关,关,关,44°C,25%,0,0分钟
20211106154616,关,关,关,45°C,25%,0,0分钟
20211106154621,关,关,关,44°C,25%,0,0分钟
20211106154627,关,关,关,45°C,25%,0,0分钟
20211106154645,关,关,关,44°C,25%,0,0分钟
20211106154657,关,关,关,45°C,25%,0,0分钟
20211106154703,关,关,关,44°C,25%,0,0分钟
20211106154727,关,关,关,45°C,25%,0,0分钟
20211106154733,关,关,关,44°C,25%,0,0分钟
20211106154739,关,关,关,45°C,25%,0,0分钟
20211106154746,关,关,关,44°C,25%,0,0分钟
20211106154752,关,关,关,45°C,25%,0,0分钟
20211106154758,关,关,关,44°C,25%,0,0分钟
20211106154804,关,关,关,45°C,25%,0,0分钟
20211106154810,关,关,关,44°C,25%,0,0分钟
20211106154822,关,关,关,45°C,25%,0,0分钟
20211106154854,关,关,关,44°C,25%,0,0分钟
20211106154900,关,关,关,44°C,25%,0,0分钟
20211106154906,关,关,关,45°C,25%,0,0分钟
20211106154937,关,关,关,44°C,25%,0,0分钟
20211106154943,关,关,关,45°C,25%,0,0分钟
20211106155753,关,关,关,44°C,25%,0,0分钟
20211106155801,关,关,关,45°C,25%,0,0分钟
20211106194524,关,关,关,44°C,25%,0,0分钟
20211106194848,关,关,关,44°C,25%,0,0分钟
20211106194850,关,关,关,44°C,25%,8,0分钟
20211106201957,关,关,关,44°C,25%,0,0分钟
20211106202021,关,关,关,44°C,25%,0,0分钟
20211106202027,关,关,关,43°C,25%,0,0分钟
20211106202104,关,关,关,44°C,25%,0,0分钟
20211106202117,关,关,关,43°C,25%,0,0分钟
20211106202317,关,关,关,44°C,25%,0,0分钟
20211106202323,关,关,关,43°C,25%,0,0分钟
20211106202331,关,关,关,44°C,25%,0,0分钟
20211106202335,关,关,关,43°C,25%,0,0分钟
20211106202430,关,关,关,44°C,25%,0,0分钟
20211106202436,关,关,关,43°C,25%,0,0分钟
20211106202442,关,关,关,44°C,25%,0,0分钟
20211106202448,关,关,关,43°C,25%,0,0分钟
20211106202506,关,关,关,44°C,25%,0,0分钟
20211106202512,关,关,关,43°C,25%,0,0分钟
20211106202524,关,关,关,44°C,25%,0,0分钟
20211106202536,关,关,关,43°C,25%,0,0分钟
20211106202553,关,关,关,44°C,25%,0,0分钟
20211106202555,关,关,关,44°C,25%,8,0分钟
20211106202625,关,关,关,44°C,25%,0,0分钟
20211106202631,关,关,关,43°C,25%,0,0分钟
20211106202732,关,关,关,44°C,25%,0,0分钟
20211106202737,关,关,关,43°C,25%,0,0分钟
20211106202744,关,关,关,44°C,25%,0,0分钟
20211106202750,关,关,关,43°C,25%,0,0分钟
20211106202802,关,关,关,44°C,25%,0,0分钟
20211106202838,关,关,关,43°C,25%,0,0分钟
20211106202914,关,关,关,44°C,25%,0,0分钟
20211106202927,关,关,关,43°C,25%,0,0分钟
20211106202933,关,关,关,44°C,25%,0,0分钟
20211106202939,关,关,关,43°C,25%,0,0分钟
20211106203009,关,关,关,44°C,25%,0,0分钟
20211106203021,关,关,关,43°C,25%,0,0分钟
20211106203039,关,关,关,44°C,25%,0,0分钟
20211106203057,关,关,关,44°C,25%,0,0分钟
20211106203103,关,关,关,43°C,25%,0,0分钟
20211106203109,关,关,关,44°C,25%,0,0分钟
20211106203116,关,关,关,43°C,25%,0,0分钟
20211106203122,关,关,关,44°C,25%,0,0分钟
20211106203128,关,关,关,43°C,25%,0,0分钟
20211106203134,关,关,关,44°C,25%,0,0分钟
20211106203140,关,关,关,43°C,25%,0,0分钟
20211106203152,关,关,关,44°C,25%,0,0分钟
20211106203158,关,关,关,43°C,25%,0,0分钟
20211106203204,关,关,关,44°C,25%,0,0分钟
20211106203210,关,关,关,43°C,25%,0,0分钟
20211106203216,关,关,关,44°C,25%,0,0分钟
20211106203240,关,关,关,43°C,25%,0,0分钟
20211106203256,关,关,关,43°C,25%,0,0分钟
20211106203259,关,关,关,44°C,25%,0,0分钟
20211106203323,关,关,关,43°C,25%,0,0分钟
20211106203329,关,关,关,44°C,25%,0,0分钟
20211106203341,关,关,关,43°C,25%,0,0分钟
20211106203347,关,关,关,44°C,25%,0,0分钟
20211106203359,关,关,关,43°C,25%,0,0分钟
20211106203429,关,关,关,44°C,25%,0,0分钟
20211106203500,关,关,关,44°C,25%,0,0分钟
20211106203506,关,关,关,43°C,25%,0,0分钟
20211106203512,关,关,关,44°C,25%,0,0分钟
20211106203554,关,关,关,43°C,25%,0,0分钟
20211106203600,关,关,关,44°C,25%,0,0分钟
20211106203707,关,关,关,43°C,25%,0,0分钟
20211106203713,关,关,关,44°C,25%,0,0分钟
20211106203844,关,关,关,43°C,25%,0,0分钟
20211106203850,关,关,关,44°C,25%,0,0分钟
20211106203926,关,关,关,43°C,25%,0,0分钟
20211106203932,关,关,关,44°C,25%,0,0分钟
20211106203938,关,关,关,43°C,25%,0,0分钟
20211106203944,关,关,关,44°C,25%,0,0分钟
20211106204115,关,关,关,43°C,25%,0,0分钟
20211106204117,关,关,关,43°C,25%,46,0分钟
20211106204119,关,关,关,43°C,25%,48,0分钟
20211106204125,关,关,关,43°C,25%,47,0分钟
20211106204127,关,关,关,43°C,25%,50,0分钟
20211106204129,关,关,关,43°C,25%,47,0分钟
20211106204131,关,关,关,43°C,25%,48,0分钟
20211106204133,关,关,关,43°C,25%,47,0分钟
20211106204137,关,关,关,43°C,25%,48,0分钟
20211106204139,关,关,关,43°C,25%,45,0分钟
20211106204328,关,关,关,43°C,25%,0,0分钟
20211106204425,开,开,关,43°C,25%,0,9分钟
20211106204447,开,开,关,43°C,25%,0,8分钟
20211106204519,开,开,关,44°C,25%,0,8分钟
20211106204554,开,开,关,44°C,25%,0,7分钟
20211106204600,开,开,关,45°C,25%,0,7分钟
20211106204648,开,开,关,45°C,25%,0,6分钟
20211106204656,开,开,关,46°C,25%,0,5分钟
20211106204702,开,开,关,46°C,25%,46,5分钟
20211106204704,开,开,关,46°C,25%,47,5分钟
20211106204706,开,开,关,46°C,25%,48,5分钟
20211106204715,开,开,关,46°C,25%,47,5分钟
20211106204717,开,开,关,46°C,25%,46,5分钟
20211106204719,开,开,关,46°C,25%,48,5分钟
20211106204723,开,开,关,46°C,25%,47,5分钟
20211106204725,开,开,关,46°C,25%,45,5分钟
20211106204731,开,开,关,46°C,25%,0,5分钟
20211106204733,开,开,关,46°C,25%,50,4分钟
20211106204735,开,开,关,46°C,25%,48,4分钟
20211106204751,开,开,关,46°C,25%,50,4分钟
20211106204753,开,开,关,46°C,25%,15,4分钟
20211106204831,开,开,关,46°C,25%,0,4分钟
20211106204926,开,开,关,46°C,25%,0,3分钟
20211106204942,开,开,关,47°C,25%,0,4分钟
20211106205042,开,开,关,47°C,25%,0,3分钟
20211106205103,开,开,关,47°C,25%,0,2分钟
20211106205211,开,开,关,48°C,25%,0,2分钟
20211106205234,开,开,关,49°C,25%,0,0分钟
20211106205236,开,关,开,50°C,100%,0,0分钟
20211106211400,开,关,开,50°C,50%,0,0分钟
20211106211402,开,开,关,50°C,50%,22,0分钟
20211106211404,开,开,关,50°C,50%,31,0分钟
20211106211406,开,开,关,50°C,50%,32,0分钟
20211106211408,开,开,关,50°C,50%,31,0分钟
20211106211410,开,开,关,50°C,50%,32,0分钟
20211106211416,开,开,关,50°C,50%,31,0分钟
20211106211418,开,开,关,50°C,50%,32,0分钟
20211106211428,开,开,关,50°C,50%,31,0分钟
20211106211434,开,开,关,50°C,50%,32,0分钟
20211106211438,开,开,关,50°C,50%,31,0分钟
20211106211444,开,开,关,50°C,50%,32,0分钟
20211106211448,开,开,关,50°C,50%,38,0分钟
20211106211450,开,开,关,50°C,50%,40,0分钟
20211106211454,开,开,关,50°C,50%,38,0分钟
20211106211458,开,开,关,50°C,50%,40,0分钟
20211106211502,开,开,关,50°C,50%,38,0分钟
20211106211505,开,开,关,50°C,50%,40,0分钟
20211106211517,开,开,关,50°C,50%,38,0分钟
20211106211519,开,开,关,50°C,50%,40,0分钟
20211106211521,开,开,关,50°C,50%,38,0分钟
20211106211523,开,开,关,50°C,50%,40,0分钟
20211106211527,开,开,关,50°C,50%,38,0分钟
20211106211529,开,开,关,50°C,50%,36,0分钟
20211106211531,开,开,关,50°C,50%,28,0分钟
20211106211541,开,开,关,50°C,50%,30,0分钟
20211106211545,开,开,关,50°C,50%,31,0分钟
20211106211557,开,开,关,50°C,50%,30,0分钟
20211106211601,开,开,关,50°C,50%,28,0分钟
20211106211603,开,开,关,50°C,50%,27,0分钟
20211106211607,开,开,关,50°C,50%,26,0分钟
20211106211609,开,开,关,50°C,50%,27,0分钟
20211106211615,开,开,关,50°C,50%,26,0分钟
20211106211617,开,开,关,50°C,50%,27,0分钟
20211106211619,开,开,关,50°C,50%,26,0分钟
20211106211623,开,开,关,50°C,50%,27,0分钟
20211106211629,开,开,关,50°C,50%,26,0分钟
20211106211633,开,开,关,50°C,50%,27,0分钟
20211106211635,开,开,关,50°C,50%,26,0分钟
20211106211643,开,开,关,50°C,50%,27,0分钟
20211106211645,开,开,关,50°C,50%,26,0分钟
20211106211654,开,开,关,50°C,50%,27,0分钟
20211106211656,开,开,关,50°C,50%,26,0分钟
20211106211658,开,开,关,50°C,50%,27,0分钟
20211106211700,开,开,关,50°C,50%,26,0分钟
20211106211708,开,开,关,50°C,50%,27,0分钟
20211106211710,开,开,关,50°C,50%,26,0分钟
20211106211714,开,开,关,50°C,50%,27,0分钟
20211106211716,开,开,关,50°C,50%,26,0分钟
20211106211718,开,开,关,50°C,50%,27,0分钟
20211106211722,开,开,关,50°C,50%,26,0分钟
20211106211734,开,开,关,50°C,50%,27,0分钟
20211106211736,开,开,关,50°C,50%,26,0分钟
20211106211738,开,开,关,50°C,50%,27,0分钟
20211106211740,开,开,关,50°C,50%,28,0分钟
20211106211742,开,开,关,50°C,50%,31,0分钟
20211106211746,开,开,关,50°C,50%,32,0分钟
20211106211748,开,关,开,50°C,100%,0,0分钟
20211106211955,开,关,开,50°C,50%,0,0分钟
20211106212011,开,关,开,49°C,50%,0,0分钟
20211106212017,开,关,开,50°C,50%,0,0分钟
20211106212036,开,关,开,49°C,50%,0,0分钟
20211106212042,开,关,开,50°C,50%,0,0分钟
20211106212100,开,关,开,49°C,50%,0,0分钟
20211106212124,开,关,开,50°C,50%,0,0分钟
20211106212130,开,关,开,49°C,50%,0,0分钟
20211106212148,开,关,开,50°C,50%,0,0分钟
20211106213325,开,关,开,49°C,50%,0,0分钟
20211106213343,开,关,开,49°C,50%,0,0分钟
20211106213349,开,关,开,48°C,50%,0,0分钟
20211106213355,开,关,开,49°C,50%,0,0分钟
20211106213526,开,关,开,48°C,50%,0,0分钟
20211106213528,开,开,关,48°C,50%,36,2分钟
20211106213530,开,开,关,48°C,50%,47,2分钟
20211106213532,开,开,关,48°C,50%,46,2分钟
20211106213534,开,开,关,48°C,50%,45,2分钟
20211106213540,开,开,关,48°C,50%,46,2分钟
20211106213542,开,开,关,48°C,50%,47,2分钟
20211106213544,开,开,关,48°C,50%,28,2分钟
20211106213546,开,开,关,48°C,50%,27,2分钟
20211106213556,开,开,关,48°C,50%,28,2分钟
20211106213558,开,开,关,48°C,50%,27,2分钟
20211106213600,开,开,关,48°C,50%,28,2分钟
20211106213604,开,开,关,48°C,50%,27,2分钟
20211106213607,开,开,关,48°C,50%,28,2分钟
20211106213608,开,开,关,48°C,50%,27,2分钟
20211106213615,开,开,关,48°C,50%,28,2分钟
20211106213617,开,开,关,48°C,50%,30,2分钟
20211106213623,开,开,关,48°C,50%,35,2分钟
20211106213627,开,开,关,48°C,50%,38,1分钟
20211106213629,开,开,关,48°C,50%,36,1分钟
20211106213631,开,开,关,48°C,50%,35,1分钟
20211106213633,开,开,关,48°C,50%,30,1分钟
20211106213635,开,开,关,48°C,50%,31,1分钟
20211106213641,开,开,关,48°C,50%,27,1分钟
20211106213643,开,开,关,48°C,50%,27,4分钟
20211106213645,开,开,关,48°C,50%,28,4分钟
20211106213647,开,开,关,47°C,50%,27,4分钟
20211106213649,开,开,关,47°C,50%,28,4分钟
20211106213655,开,开,关,47°C,50%,27,4分钟
20211106213657,开,开,关,47°C,50%,28,4分钟
20211106213701,开,开,关,47°C,50%,28,3分钟
20211106213703,开,开,关,47°C,50%,27,3分钟
20211106213705,开,开,关,47°C,50%,28,3分钟
20211106213707,开,开,关,47°C,50%,27,3分钟
20211106213709,开,开,关,47°C,50%,28,3分钟
20211106213711,开,开,关,47°C,50%,27,3分钟
20211106213719,开,开,关,47°C,50%,28,3分钟
20211106213721,开,开,关,47°C,50%,28,3分钟
20211106213723,开,开,关,47°C,50%,25,3分钟
20211106213725,开,开,关,47°C,50%,22,3分钟
20211106213727,开,开,关,47°C,50%,23,3分钟
20211106213739,开,开,关,47°C,50%,22,3分钟
20211106213741,开,开,关,47°C,50%,23,3分钟
20211106213743,开,开,关,47°C,50%,23,5分钟
20211106213745,开,开,关,47°C,50%,22,5分钟
20211106213751,开,开,关,46°C,50%,22,5分钟
20211106213756,开,开,关,46°C,50%,23,5分钟
20211106213802,开,开,关,46°C,50%,22,5分钟
20211106213804,开,开,关,46°C,50%,23,5分钟
20211106213818,开,开,关,46°C,50%,22,5分钟
20211106213820,开,开,关,46°C,50%,23,5分钟
20211106213824,开,开,关,46°C,50%,22,5分钟
20211106213828,开,开,关,46°C,50%,22,7分钟
20211106213830,开,开,关,45°C,50%,23,7分钟
20211106213838,开,开,关,45°C,50%,22,6分钟
20211106213842,开,开,关,45°C,50%,23,6分钟
20211106213846,开,开,关,45°C,50%,22,6分钟
20211106213848,开,开,关,45°C,50%,23,6分钟
20211106213850,开,开,关,45°C,50%,22,6分钟
20211106213852,开,开,关,45°C,50%,23,6分钟
20211106213856,开,开,关,45°C,50%,22,6分钟
20211106213858,开,开,关,45°C,50%,23,8分钟
20211106213900,开,开,关,44°C,50%,22,8分钟
20211106213902,开,开,关,44°C,50%,23,8分钟
20211106213904,开,开,关,44°C,50%,22,8分钟
20211106213910,开,开,关,44°C,50%,23,8分钟
20211106213912,开,开,关,44°C,50%,22,8分钟
20211106213914,开,开,关,44°C,50%,23,8分钟
20211106213920,开,开,关,44°C,50%,22,8分钟
20211106213922,开,开,关,44°C,50%,23,8分钟
20211106213924,开,开,关,44°C,50%,22,8分钟
20211106213926,开,开,关,44°C,50%,23,9分钟
20211106213928,开,开,关,44°C,50%,22,9分钟
20211106213930,开,开,关,43°C,50%,23,9分钟
20211106213936,开,开,关,43°C,50%,22,9分钟
20211106213940,开,开,关,43°C,50%,22,9分钟
20211106213947,开,开,关,43°C,50%,23,9分钟
20211106213949,开,开,关,43°C,50%,23,9分钟
20211106213955,开,开,关,43°C,50%,22,9分钟
20211106213957,开,开,关,43°C,50%,23,11分钟
20211106213959,开,开,关,43°C,50%,22,11分钟
20211106214017,开,开,关,42°C,50%,22,11分钟
20211106214019,开,开,关,42°C,50%,23,10分钟
20211106214025,开,开,关,42°C,50%,22,10分钟
20211106214029,开,开,关,42°C,25%,18,12分钟
20211106214031,开,开,关,41°C,25%,15,12分钟
20211106214033,开,开,关,41°C,25%,16,12分钟
20211106214049,开,开,关,41°C,25%,17,12分钟
20211106214053,开,开,关,41°C,25%,17,14分钟
20211106214055,开,开,关,40°C,25%,17,14分钟
20211106214057,开,开,关,40°C,25%,22,14分钟
20211106214103,开,开,关,40°C,25%,20,14分钟
20211106214104,开,开,关,40°C,25%,20,13分钟
20211106214105,开,开,关,40°C,25%,21,13分钟
20211106214109,开,开,关,40°C,25%,20,13分钟
20211106214111,开,开,关,40°C,25%,21,13分钟
20211106214113,开,开,关,40°C,25%,17,13分钟
20211106214119,开,开,关,40°C,25%,0,13分钟
20211106214123,开,开,关,40°C,25%,0,15分钟
20211106214156,开,开,关,39°C,25%,0,15分钟
20211106214158,开,开,关,39°C,25%,0,17分钟
20211106214200,开,开,关,39°C,25%,0,16分钟
20211106214232,开,开,关,38°C,25%,0,16分钟
20211106214234,开,开,关,38°C,25%,0,18分钟
20211106214236,开,开,关,38°C,25%,18,18分钟
20211106214244,开,开,关,37°C,25%,22,18分钟
20211106214246,开,开,关,37°C,25%,21,18分钟
20211106214258,开,开,关,37°C,25%,22,18分钟
20211106214313,开,开,关,37°C,25%,22,17分钟
20211106214315,开,开,关,37°C,25%,21,17分钟
20211106214339,开,开,关,37°C,25%,22,17分钟
20211106214341,开,开,关,37°C,25%,23,17分钟
20211106214345,开,开,关,37°C,25%,22,17分钟
20211106214349,开,开,关,37°C,25%,22,19分钟
20211106214351,开,开,关,36°C,25%,22,19分钟
20211106214357,开,开,关,36°C,25%,18,19分钟
20211106214359,开,开,关,36°C,25%,23,19分钟
20211106214407,开,开,关,36°C,25%,22,19分钟
20211106214409,开,开,关,36°C,25%,23,19分钟
20211106214411,开,开,关,36°C,25%,22,19分钟
20211106214417,开,开,关,36°C,25%,23,19分钟
20211106214419,开,开,关,36°C,25%,22,19分钟
20211106214429,开,开,关,36°C,25%,23,19分钟
20211106214437,开,开,关,36°C,25%,22,19分钟
20211106214439,开,开,关,36°C,25%,22,18分钟
20211106214445,开,开,关,36°C,25%,23,18分钟
20211106214454,开,开,关,36°C,25%,22,18分钟
20211106214500,开,开,关,36°C,25%,21,18分钟
20211106214504,开,开,关,36°C,25%,22,18分钟
20211106214506,开,开,关,36°C,25%,21,21分钟
20211106214508,开,开,关,36°C,25%,22,21分钟
20211106214514,开,开,关,35°C,25%,18,21分钟
20211106214516,开,开,关,35°C,25%,20,21分钟
20211106214518,开,开,关,35°C,25%,23,21分钟
20211106214520,开,开,关,35°C,25%,22,21分钟
20211106214522,开,开,关,35°C,25%,22,20分钟
20211106214524,开,开,关,35°C,25%,21,20分钟
20211106214534,开,开,关,35°C,25%,22,20分钟
20211106214536,开,开,关,35°C,25%,21,20分钟
20211106214540,开,开,关,35°C,25%,22,20分钟
20211106214548,开,开,关,35°C,25%,23,20分钟
20211106214550,开,开,关,35°C,25%,23,20分钟
20211106214552,开,开,关,35°C,25%,22,20分钟
20211106214556,开,开,关,35°C,25%,23,20分钟
20211106214558,开,开,关,35°C,25%,22,20分钟
20211106214600,开,开,关,35°C,25%,23,20分钟
20211106214602,开,开,关,35°C,25%,22,20分钟
20211106214604,开,开,关,35°C,25%,23,20分钟
20211106214606,开,开,关,35°C,25%,22,20分钟
20211106214608,开,开,关,35°C,25%,23,20分钟
20211106214620,开,开,关,35°C,25%,22,20分钟
20211106214632,开,开,关,35°C,25%,23,19分钟
20211106214635,开,开,关,35°C,25%,22,19分钟
20211106214636,开,开,关,35°C,25%,23,19分钟
20211106214643,开,开,关,35°C,25%,22,19分钟
20211106214649,开,开,关,35°C,25%,23,19分钟
20211106214653,开,开,关,35°C,25%,22,19分钟
20211106214657,开,开,关,35°C,25%,23,19分钟
20211106214659,开,开,关,35°C,25%,22,19分钟
20211106214701,开,开,关,35°C,25%,23,19分钟
20211106214705,开,开,关,35°C,25%,22,19分钟
20211106214709,开,开,关,35°C,25%,22,22分钟
20211106214711,开,开,关,34°C,25%,22,22分钟
20211106214713,开,开,关,34°C,25%,22,21分钟
20211106214715,开,开,关,34°C,25%,23,21分钟
20211106214717,开,开,关,35°C,25%,22,21分钟
20211106214721,开,开,关,35°C,25%,23,22分钟
20211106214725,开,开,关,34°C,25%,23,22分钟
20211106214747,开,开,关,34°C,25%,22,22分钟
20211106214749,开,开,关,34°C,25%,23,22分钟
20211106214757,开,开,关,34°C,25%,22,22分钟
20211106214759,开,开,关,34°C,25%,23,22分钟
20211106214807,开,开,关,34°C,25%,22,21分钟
20211106214809,开,开,关,34°C,25%,23,21分钟
20211106214817,开,开,关,34°C,25%,22,21分钟
20211106214820,开,开,关,34°C,25%,23,21分钟
20211106214826,开,开,关,34°C,25%,22,21分钟
20211106214830,开,开,关,34°C,25%,23,21分钟
20211106214834,开,开,关,34°C,25%,22,21分钟
20211106214846,开,开,关,34°C,25%,23,21分钟
20211106214850,开,开,关,34°C,25%,22,21分钟
20211106214852,开,开,关,34°C,25%,23,21分钟
20211106214856,开,开,关,34°C,25%,22,21分钟
20211106214900,开,开,关,34°C,25%,23,21分钟
20211106214902,开,开,关,34°C,25%,23,20分钟
20211106214904,开,开,关,34°C,25%,22,20分钟
20211106214906,开,开,关,34°C,25%,0,20分钟
20211106214910,开,开,关,34°C,0%,0,24分钟
20211106214912,开,开,关,33°C,0%,0,24分钟
20211106215013,开,开,关,33°C,0%,0,23分钟
20211106215113,开,开,关,33°C,0%,0,22分钟
20211106215125,开,开,关,33°C,0%,0,21分钟
20211106215129,开,开,关,33°C,0%,0,22分钟
20211106215131,开,开,关,34°C,0%,0,22分钟
20211106215135,开,开,关,34°C,0%,0,24分钟
20211106215137,开,开,关,33°C,0%,0,24分钟
20211106215141,开,开,关,33°C,0%,0,22分钟
20211106215220,开,开,关,34°C,0%,0,22分钟
20211106215238,开,开,关,34°C,0%,0,21分钟
20211106215240,开,开,关,34°C,0%,8,21分钟
20211106215249,开,开,关,34°C,0%,0,21分钟
20211106215300,开,开,关,35°C,0%,0,21分钟
20211106215351,开,开,关,35°C,0%,0,20分钟
20211106215355,开,开,关,35°C,0%,0,19分钟
20211106215427,开,开,关,36°C,0%,0,19分钟
20211106215431,开,开,关,36°C,0%,0,18分钟
20211106215453,开,开,关,37°C,0%,0,18分钟
20211106215536,开,开,关,37°C,0%,0,17分钟
20211106215538,开,开,关,37°C,0%,0,16分钟
20211106215616,开,开,关,38°C,0%,0,16分钟
20211106215620,开,开,关,38°C,0%,0,15分钟
20211106215652,开,开,关,39°C,0%,0,15分钟
20211106215715,开,开,关,39°C,0%,0,14分钟
20211106215723,开,开,关,40°C,0%,0,14分钟
20211106215759,开,开,关,40°C,0%,0,13分钟
20211106215803,开,开,关,40°C,0%,0,12分钟
20211106215846,开,开,关,41°C,0%,0,12分钟
20211106215850,开,开,关,41°C,0%,0,11分钟
20211106215852,开,开,关,41°C,0%,10,11分钟
20211106215856,开,开,关,41°C,0%,12,11分钟
20211106215902,开,开,关,41°C,0%,13,11分钟
20211106215904,开,开,关,41°C,0%,0,11分钟
20211106215922,开,开,关,42°C,0%,0,11分钟
20211106220004,开,开,关,42°C,0%,0,10分钟
20211106220043,开,开,关,43°C,0%,0,9分钟
20211106220047,开,开,关,43°C,25%,0,8分钟
20211106220115,开,开,关,44°C,25%,0,8分钟
20211106220213,开,开,关,44°C,25%,0,7分钟
20211106220214,开,开,关,45°C,25%,0,7分钟
20211106220250,开,开,关,45°C,25%,0,6分钟
20211106220254,开,开,关,45°C,25%,0,5分钟
20211106220332,开,开,关,46°C,25%,0,5分钟
20211106220401,开,开,关,46°C,25%,0,4分钟
20211106220413,开,开,关,47°C,25%,0,4分钟
20211106220503,开,开,关,47°C,25%,0,3分钟
20211106220507,开,开,关,47°C,25%,0,2分钟
20211106220556,开,开,关,48°C,25%,0,2分钟
20211106220602,开,开,关,48°C,25%,0,1分钟
20211106220624,开,开,关,49°C,25%,0,1分钟
20211106220646,开,开,关,49°C,25%,0,0分钟
20211106220648,开,关,开,50°C,100%,0,0分钟
20211106220811,开,关,开,50°C,50%,0,0分钟
20211106230037,关,关,关,50°C,50%,0,0分钟
20211106230149,关,关,关,50°C,50%,0,0分钟
20211106230214,关,关,关,49°C,50%,0,0分钟
20211106230244,关,关,关,50°C,50%,0,0分钟
20211106230250,关,关,关,49°C,50%,0,0分钟
20211106230302,关,关,关,50°C,50%,0,0分钟
20211106230326,关,关,关,50°C,50%,0,0分钟
20211106230415,关,关,关,49°C,50%,0,0分钟
20211106230451,关,关,关,49°C,50%,0,0分钟
20211106230509,关,关,关,49°C,50%,0,0分钟
20211106230533,关,关,关,50°C,50%,0,0分钟
20211106230540,关,关,关,49°C,50%,0,0分钟
20211106230546,关,关,关,50°C,50%,0,0分钟
20211106230930,关,关,关,49°C,50%,0,0分钟
20211107001518,关,关,关,49°C,50%,0,0分钟
20211107001637,关,关,关,49°C,50%,0,0分钟
20211107001643,关,关,关,48°C,50%,0,0分钟
20211107001856,关,关,关,49°C,50%,0,0分钟
20211107001908,关,关,关,48°C,50%,0,0分钟
20211107002015,关,关,关,49°C,50%,0,0分钟
20211107002027,关,关,关,48°C,50%,0,0分钟
20211107002033,关,关,关,49°C,50%,0,0分钟
20211107002039,关,关,关,48°C,50%,0,0分钟
20211107002045,关,关,关,49°C,50%,0,0分钟
20211107002116,关,关,关,48°C,50%,0,0分钟
20211107002122,关,关,关,49°C,50%,0,0分钟
20211107002128,关,关,关,48°C,50%,0,0分钟
20211107002134,关,关,关,49°C,50%,0,0分钟
20211107002210,关,关,关,48°C,50%,0,0分钟
20211107002222,关,关,关,49°C,50%,0,0分钟
20211107002317,关,关,关,48°C,50%,0,0分钟
20211107002323,关,关,关,49°C,50%,0,0分钟
20211107002441,关,关,关,48°C,50%,0,0分钟
20211107002448,关,关,关,49°C,50%,0,0分钟
20211107015035,关,关,关,48°C,50%,0,0分钟
20211107015212,关,关,关,48°C,50%,0,0分钟
20211107015218,关,关,关,47°C,50%,0,0分钟
20211107015255,关,关,关,48°C,50%,0,0分钟
20211107015301,关,关,关,47°C,50%,0,0分钟
20211107015349,关,关,关,48°C,50%,0,0分钟
20211107015355,关,关,关,47°C,50%,0,0分钟
20211107015432,关,关,关,48°C,50%,0,0分钟
20211107015438,关,关,关,47°C,50%,0,0分钟
20211107015508,关,关,关,48°C,50%,0,0分钟
20211107015514,关,关,关,47°C,50%,0,0分钟
20211107015550,关,关,关,48°C,50%,0,0分钟
20211107015557,关,关,关,47°C,50%,0,0分钟
20211107015633,关,关,关,48°C,50%,0,0分钟
20211107015639,关,关,关,47°C,50%,0,0分钟
20211107015645,关,关,关,48°C,50%,0,0分钟
20211107015657,关,关,关,47°C,50%,0,0分钟
20211107015715,关,关,关,48°C,50%,0,0分钟
20211107015721,关,关,关,47°C,50%,0,0分钟
20211107015727,关,关,关,48°C,50%,0,0分钟
20211107015733,关,关,关,47°C,50%,0,0分钟
20211107015740,关,关,关,48°C,50%,0,0分钟
20211107015752,关,关,关,47°C,50%,0,0分钟
20211107015758,关,关,关,48°C,50%,0,0分钟
20211107015804,关,关,关,47°C,50%,0,0分钟
20211107015810,关,关,关,48°C,50%,0,0分钟
20211107015822,关,关,关,47°C,50%,0,0分钟
20211107015828,关,关,关,48°C,50%,0,0分钟
20211107015834,关,关,关,47°C,50%,0,0分钟
20211107015840,关,关,关,48°C,50%,0,0分钟
20211107015848,关,关,关,47°C,50%,0,0分钟
20211107015852,关,关,关,48°C,50%,0,0分钟
20211107015941,关,关,关,47°C,50%,0,0分钟
20211107020011,关,关,关,48°C,50%,0,0分钟
20211107020041,关,关,关,47°C,50%,0,0分钟
20211107020059,关,关,关,48°C,50%,0,0分钟
20211107020212,关,关,关,47°C,50%,0,0分钟
20211107020218,关,关,关,48°C,50%,0,0分钟
20211107020154,关,关,关,47°C,50%,0,0分钟
20211107020200,关,关,关,48°C,50%,0,0分钟
20211107020313,关,关,关,47°C,50%,0,0分钟
20211107020319,关,关,关,48°C,50%,0,0分钟
20211107051544,关,关,关,47°C,50%,0,0分钟
20211107051833,关,关,关,47°C,50%,0,0分钟
20211107051839,关,关,关,46°C,50%,0,0分钟
20211107051845,关,关,关,47°C,50%,0,0分钟
20211107051851,关,关,关,46°C,50%,0,0分钟
20211107051958,关,关,关,47°C,50%,0,0分钟
20211107052004,关,关,关,46°C,50%,0,0分钟
20211107052040,关,关,关,47°C,50%,0,0分钟
20211107052059,关,关,关,46°C,50%,0,0分钟
20211107052205,关,关,关,47°C,50%,0,0分钟
20211107052211,关,关,关,46°C,50%,0,0分钟
20211107052324,关,关,关,47°C,50%,0,0分钟
20211107052330,关,关,关,46°C,50%,0,0分钟
20211107052348,关,关,关,47°C,50%,0,0分钟
20211107052354,关,关,关,46°C,50%,0,0分钟
20211107052406,关,关,关,47°C,50%,0,0分钟
20211107052413,关,关,关,46°C,50%,0,0分钟
20211107052449,关,关,关,47°C,50%,0,0分钟
20211107052455,关,关,关,46°C,50%,0,0分钟
20211107052513,关,关,关,47°C,50%,0,0分钟
20211107052519,关,关,关,46°C,50%,0,0分钟
20211107052608,关,关,关,47°C,50%,0,0分钟
20211107052614,关,关,关,46°C,50%,0,0分钟
20211107052620,关,关,关,47°C,50%,0,0分钟
20211107052626,关,关,关,46°C,50%,0,0分钟
20211107052632,关,关,关,47°C,50%,0,0分钟
20211107052638,关,关,关,46°C,50%,0,0分钟
20211107052650,关,关,关,47°C,50%,0,0分钟
20211107052656,关,关,关,46°C,50%,0,0分钟
20211107052702,关,关,关,47°C,50%,0,0分钟
20211107052708,关,关,关,46°C,50%,0,0分钟
20211107052726,关,关,关,47°C,50%,0,0分钟
20211107052738,关,关,关,46°C,50%,0,0分钟
20211107052803,关,关,关,47°C,50%,0,0分钟
20211107052821,关,关,关,46°C,50%,0,0分钟
20211107052827,关,关,关,47°C,50%,0,0分钟
20211107052833,关,关,关,46°C,50%,0,0分钟
20211107052857,关,关,关,47°C,50%,0,0分钟
20211107052909,关,关,关,46°C,50%,0,0分钟
20211107052915,关,关,关,47°C,50%,0,0分钟
20211107052927,关,关,关,46°C,50%,0,0分钟
20211107052933,关,关,关,47°C,50%,0,0分钟
20211107052952,关,关,关,46°C,50%,0,0分钟
20211107052958,关,关,关,47°C,50%,0,0分钟
20211107053010,关,关,关,46°C,50%,0,0分钟
20211107053028,关,关,关,47°C,50%,0,0分钟
20211107053040,关,关,关,47°C,50%,0,0分钟
20211107053046,关,关,关,46°C,50%,0,0分钟
20211107053052,关,关,关,47°C,50%,0,0分钟
20211107053312,关,关,关,46°C,50%,0,0分钟
20211107053318,关,关,关,47°C,50%,0,0分钟
20211107054748,关,关,关,46°C,50%,0,0分钟
20211107073656,关,关,关,46°C,25%,0,0分钟
20211107080621,关,关,关,46°C,25%,0,0分钟
20211107080623,关,关,关,46°C,25%,12,0分钟
20211107080625,关,关,关,46°C,25%,15,0分钟
20211107080631,关,关,关,46°C,25%,16,0分钟
20211107080633,关,关,关,46°C,25%,15,0分钟
20211107090446,关,关,关,46°C,25%,0,0分钟
20211107090458,关,关,关,46°C,25%,0,0分钟
20211107090522,关,关,关,45°C,25%,0,0分钟
20211107090529,关,关,关,46°C,25%,0,0分钟
20211107090541,关,关,关,45°C,25%,0,0分钟
20211107090547,关,关,关,46°C,25%,0,0分钟
20211107090553,关,关,关,45°C,25%,0,0分钟
20211107090605,关,关,关,46°C,25%,0,0分钟
20211107090617,关,关,关,45°C,25%,0,0分钟
20211107090626,关,关,关,46°C,25%,0,0分钟
20211107090629,关,关,关,45°C,25%,0,0分钟
20211107090641,关,关,关,46°C,25%,0,0分钟
20211107090653,关,关,关,45°C,25%,0,0分钟
20211107090705,关,关,关,46°C,25%,0,0分钟
20211107090712,关,关,关,45°C,25%,0,0分钟
20211107090736,关,关,关,46°C,25%,0,0分钟
20211107090742,关,关,关,45°C,25%,0,0分钟
20211107090754,关,关,关,46°C,25%,0,0分钟
20211107090925,关,关,关,45°C,25%,0,0分钟
20211107090931,关,关,关,46°C,25%,0,0分钟
20211107103550,关,关,关,45°C,25%,0,0分钟
20211107103556,关,关,关,45°C,25%,16,0分钟
20211107103558,关,关,关,45°C,25%,15,0分钟
20211107110924,关,关,关,45°C,25%,0,0分钟
20211107110930,关,关,关,44°C,25%,0,0分钟
20211107111013,关,关,关,45°C,25%,0,0分钟
20211107111019,关,关,关,44°C,25%,0,0分钟
20211107111049,关,关,关,45°C,25%,0,0分钟
20211107111058,关,关,关,44°C,25%,0,0分钟
20211107111156,关,关,关,45°C,25%,0,0分钟
20211107111202,关,关,关,44°C,25%,0,0分钟
20211107111226,关,关,关,45°C,25%,0,0分钟
20211107111232,关,关,关,44°C,25%,0,0分钟
20211107111244,关,关,关,45°C,25%,0,0分钟
20211107111250,关,关,关,44°C,25%,0,0分钟
20211107111256,关,关,关,45°C,25%,0,0分钟
20211107111302,关,关,关,44°C,25%,0,0分钟
20211107111327,关,关,关,45°C,25%,0,0分钟
20211107111333,关,关,关,44°C,25%,0,0分钟
20211107111345,关,关,关,45°C,25%,0,0分钟
20211107111409,关,关,关,44°C,25%,0,0分钟
20211107111415,关,关,关,45°C,25%,0,0分钟
20211107111451,关,关,关,44°C,25%,0,0分钟
20211107111503,关,关,关,45°C,25%,0,0分钟
20211107111510,关,关,关,44°C,25%,0,0分钟
20211107111516,关,关,关,45°C,25%,0,0分钟
20211107111610,关,关,关,44°C,25%,0,0分钟
20211107111616,关,关,关,45°C,25%,0,0分钟
20211107111711,关,关,关,44°C,25%,0,0分钟
20211107111717,关,关,关,45°C,25%,0,0分钟
20211107150010,关,关,关,44°C,25%,0,0分钟
20211107150022,关,关,关,44°C,25%,0,0分钟
20211107150028,关,关,关,43°C,25%,0,0分钟
20211107150113,关,关,关,44°C,25%,0,0分钟
20211107150122,关,关,关,43°C,25%,0,0分钟
20211107150241,关,关,关,44°C,25%,0,0分钟
20211107150247,关,关,关,43°C,25%,0,0分钟
20211107150305,关,关,关,44°C,25%,0,0分钟
20211107150312,关,关,关,43°C,25%,0,0分钟
20211107150455,关,关,关,44°C,25%,0,0分钟
20211107150525,关,关,关,43°C,25%,0,0分钟
20211107150537,关,关,关,44°C,25%,0,0分钟
20211107150549,关,关,关,43°C,25%,0,0分钟
20211107150555,关,关,关,44°C,25%,0,0分钟
20211107150601,关,关,关,43°C,25%,0,0分钟
20211107150613,关,关,关,44°C,25%,0,0分钟
20211107150619,关,关,关,43°C,25%,0,0分钟
20211107150625,关,关,关,44°C,25%,0,0分钟
20211107150644,关,关,关,43°C,25%,0,0分钟
20211107150650,关,关,关,44°C,25%,0,0分钟
20211107150656,关,关,关,43°C,25%,0,0分钟
20211107150702,关,关,关,44°C,25%,0,0分钟
20211107150720,关,关,关,43°C,25%,0,0分钟
20211107150726,关,关,关,44°C,25%,0,0分钟
20211107150738,关,关,关,43°C,25%,0,0分钟
20211107150750,关,关,关,44°C,25%,0,0分钟
20211107150802,关,关,关,43°C,25%,0,0分钟
20211107150808,关,关,关,44°C,25%,0,0分钟
20211107150816,关,关,关,43°C,25%,0,0分钟
20211107150820,关,关,关,44°C,25%,0,0分钟
20211107150827,关,关,关,43°C,25%,0,0分钟
20211107150833,关,关,关,44°C,25%,0,0分钟
20211107150845,关,关,关,43°C,25%,0,0分钟
20211107150851,关,关,关,44°C,25%,0,0分钟
20211107150903,关,关,关,43°C,25%,0,0分钟
20211107150921,关,关,关,44°C,25%,0,0分钟
20211107150927,关,关,关,43°C,25%,0,0分钟
20211107150945,关,关,关,44°C,25%,0,0分钟
20211107150957,关,关,关,43°C,25%,0,0分钟
20211107151040,关,关,关,44°C,25%,0,0分钟
20211107151046,关,关,关,43°C,25%,0,0分钟
20211107151104,关,关,关,44°C,25%,0,0分钟
20211107151123,关,关,关,43°C,25%,0,0分钟
20211107151128,关,关,关,44°C,25%,0,0分钟
20211107151134,关,关,关,43°C,25%,0,0分钟
20211107151152,关,关,关,44°C,25%,0,0分钟
20211107151158,关,关,关,43°C,25%,0,0分钟
20211107151205,关,关,关,44°C,25%,0,0分钟
20211107151223,关,关,关,43°C,25%,0,0分钟
20211107151229,关,关,关,44°C,25%,0,0分钟
20211107151311,关,关,关,43°C,25%,0,0分钟
20211107151317,关,关,关,44°C,25%,0,0分钟
20211107151341,关,关,关,43°C,25%,0,0分钟
20211107151347,关,关,关,44°C,25%,0,0分钟
20211107151400,关,关,关,43°C,25%,0,0分钟
20211107151406,关,关,关,44°C,25%,0,0分钟
20211107151607,关,关,关,43°C,25%,0,0分钟
20211107151613,关,关,关,44°C,25%,0,0分钟
20211107151707,关,关,关,43°C,25%,0,0分钟
20211107151713,关,关,关,44°C,25%,0,0分钟
20211107153515,关,关,关,43°C,25%,0,0分钟
20211107153520,关,关,关,43°C,25%,0,0分钟
20211107153525,关,关,关,43°C,25%,0,0分钟
20211107153530,关,关,关,43°C,25%,0,0分钟
20211107153535,关,关,关,43°C,25%,0,0分钟
20211107153540,关,关,关,43°C,25%,0,0分钟
20211107153545,关,关,关,43°C,25%,0,0分钟
20211107153550,关,关,关,43°C,25%,0,0分钟
20211107153555,关,关,关,43°C,25%,0,0分钟
20211107153600,关,关,关,43°C,25%,0,0分钟
20211107153605,关,关,关,43°C,25%,0,0分钟
20211107153610,关,关,关,43°C,25%,0,0分钟
20211107153615,关,关,关,43°C,25%,0,0分钟
20211107153620,关,关,关,43°C,25%,0,0分钟
20211107153625,关,关,关,43°C,25%,0,0分钟
20211107153630,关,关,关,43°C,25%,0,0分钟
20211107153635,关,关,关,43°C,25%,0,0分钟
20211107153640,关,关,关,43°C,25%,0,0分钟
20211107171052,关,关,关,43°C,25%,0,0分钟
20211107171554,关,关,关,43°C,25%,0,0分钟
20211107171600,关,关,关,42°C,25%,0,0分钟
20211107171707,关,关,关,43°C,25%,0,0分钟
20211107171713,关,关,关,42°C,25%,0,0分钟
20211107171737,关,关,关,43°C,25%,0,0分钟
20211107171750,关,关,关,42°C,25%,0,0分钟
20211107171844,关,关,关,43°C,25%,0,0分钟
20211107171850,关,关,关,42°C,25%,0,0分钟
20211107171920,关,关,关,43°C,25%,0,0分钟
20211107171926,关,关,关,42°C,25%,0,0分钟
20211107172216,关,关,关,43°C,25%,0,0分钟
20211107172222,关,关,关,42°C,25%,0,0分钟
20211107172258,关,关,关,43°C,25%,0,0分钟
20211107172304,关,关,关,42°C,25%,0,0分钟
20211107172310,关,关,关,43°C,25%,0,0分钟
20211107172317,关,关,关,42°C,25%,0,0分钟
20211107172335,关,关,关,43°C,25%,0,0分钟
20211107172347,关,关,关,42°C,25%,0,0分钟
20211107172435,关,关,关,43°C,25%,0,0分钟
20211107172505,关,关,关,42°C,25%,0,0分钟
20211107172524,关,关,关,42°C,25%,0,0分钟
20211107172543,关,关,关,43°C,25%,0,0分钟
20211107172554,关,关,关,42°C,25%,0,0分钟
20211107172606,关,关,关,42°C,25%,0,0分钟
20211107172636,关,关,关,43°C,25%,0,0分钟
20211107172648,关,关,关,42°C,25%,0,0分钟
20211107172707,关,关,关,43°C,25%,0,0分钟
20211107172713,关,关,关,42°C,25%,0,0分钟
20211107172719,关,关,关,43°C,25%,0,0分钟
20211107172725,关,关,关,42°C,25%,0,0分钟
20211107172737,关,关,关,43°C,25%,0,0分钟
20211107172755,关,关,关,42°C,25%,0,0分钟
20211107172803,关,关,关,43°C,25%,0,0分钟
20211107172819,关,关,关,42°C,25%,0,0分钟
20211107172825,关,关,关,43°C,25%,0,0分钟
20211107172831,关,关,关,42°C,25%,0,0分钟
20211107172837,关,关,关,43°C,25%,0,0分钟
20211107172843,关,关,关,42°C,25%,0,0分钟
20211107172856,关,关,关,43°C,25%,0,0分钟
20211107173038,关,关,关,42°C,25%,0,0分钟
20211107173045,关,关,关,43°C,25%,0,0分钟
20211107173057,关,关,关,42°C,25%,0,0分钟
20211107173103,关,关,关,43°C,25%,0,0分钟
20211107173121,关,关,关,42°C,25%,0,0分钟
20211107173127,关,关,关,43°C,25%,0,0分钟
20211107173221,关,关,关,42°C,25%,0,0分钟
20211107173227,关,关,关,43°C,25%,0,0分钟
20211107173240,关,关,关,42°C,25%,0,0分钟
20211107173246,关,关,关,43°C,25%,0,0分钟
20211107190828,关,关,关,42°C,25%,0,0分钟
20211107190928,开,开,关,42°C,25%,0,10分钟
20211107190954,开,开,关,42°C,25%,0,9分钟
20211107191049,开,开,关,43°C,25%,0,9分钟
20211107191121,开,开,关,44°C,25%,0,8分钟
20211107191202,开,开,关,44°C,25%,0,7分钟
20211107191208,开,开,关,45°C,25%,0,7分钟
20211107191250,开,开,关,45°C,25%,0,6分钟
20211107191332,开,开,关,46°C,25%,0,5分钟
20211107191357,开,开,关,46°C,25%,0,4分钟
20211107191413,开,开,关,47°C,25%,0,4分钟
20211107191509,开,开,关,47°C,25%,0,3分钟
20211107191515,开,开,关,48°C,25%,0,2分钟
20211107191521,开,开,关,47°C,25%,0,4分钟
20211107191552,开,开,关,48°C,25%,0,2分钟
20211107191618,开,开,关,49°C,25%,0,1分钟
20211107191646,开,开,关,49°C,25%,0,0分钟
20211107191648,开,关,开,50°C,100%,0,0分钟
20211107202050,开,关,开,50°C,50%,0,0分钟
20211107204421,开,关,开,50°C,50%,0,0分钟
20211107204423,开,关,开,50°C,50%,8,0分钟
20211107204801,开,关,开,50°C,50%,0,0分钟
20211107204803,开,开,关,50°C,50%,31,0分钟
20211107204805,开,开,关,50°C,50%,45,0分钟
20211107204807,开,开,关,50°C,50%,41,0分钟
20211107204813,开,开,关,50°C,50%,38,0分钟
20211107204815,开,开,关,50°C,50%,40,0分钟
20211107204828,开,开,关,50°C,50%,38,0分钟
20211107204830,开,开,关,50°C,50%,40,0分钟
20211107204832,开,开,关,50°C,50%,38,0分钟
20211107204838,开,开,关,50°C,50%,40,0分钟
20211107204840,开,开,关,50°C,50%,38,0分钟
20211107204842,开,开,关,50°C,50%,40,0分钟
20211107204844,开,开,关,50°C,50%,38,0分钟
20211107204846,开,开,关,50°C,50%,40,0分钟
20211107204850,开,开,关,50°C,50%,38,0分钟
20211107204854,开,开,关,50°C,50%,40,0分钟
20211107204856,开,开,关,50°C,50%,37,0分钟
20211107204858,开,开,关,50°C,50%,40,0分钟
20211107204902,开,开,关,50°C,50%,41,0分钟
20211107204904,开,开,关,50°C,50%,40,0分钟
20211107204906,开,开,关,50°C,50%,45,0分钟
20211107204908,开,开,关,50°C,50%,40,0分钟
20211107204910,开,开,关,49°C,50%,40,1分钟
20211107204914,开,开,关,49°C,50%,45,1分钟
20211107204918,开,开,关,50°C,50%,35,0分钟
20211107204926,开,开,关,50°C,50%,36,0分钟
20211107204928,开,开,关,50°C,50%,37,0分钟
20211107204934,开,开,关,50°C,50%,36,0分钟
20211107204936,开,开,关,50°C,50%,35,0分钟
20211107204954,开,开,关,50°C,50%,36,0分钟
20211107204956,开,开,关,50°C,50%,35,0分钟
20211107204958,开,开,关,50°C,50%,36,0分钟
20211107205000,开,开,关,50°C,50%,35,0分钟
20211107205002,开,开,关,50°C,50%,36,0分钟
20211107205008,开,开,关,49°C,50%,36,1分钟
20211107205011,开,开,关,50°C,50%,27,0分钟
20211107205015,开,开,关,50°C,50%,26,0分钟
20211107205017,开,开,关,49°C,50%,27,1分钟
20211107205037,开,开,关,49°C,50%,26,1分钟
20211107205039,开,开,关,49°C,50%,27,1分钟
20211107205041,开,开,关,49°C,50%,26,1分钟
20211107205043,开,开,关,49°C,50%,23,0分钟
20211107205057,开,开,关,49°C,50%,22,0分钟
20211107205101,开,开,关,49°C,50%,27,0分钟
20211107205105,开,开,关,49°C,50%,26,0分钟
20211107205107,开,开,关,49°C,50%,27,0分钟
20211107205121,开,开,关,49°C,50%,26,0分钟
20211107205129,开,开,关,49°C,50%,27,0分钟
20211107205137,开,开,关,49°C,50%,26,0分钟
20211107205139,开,开,关,49°C,50%,27,0分钟
20211107205141,开,开,关,49°C,50%,26,0分钟
20211107205149,开,开,关,49°C,50%,26,1分钟
20211107205152,开,开,关,49°C,50%,27,1分钟
20211107205202,开,开,关,49°C,50%,26,1分钟
20211107205206,开,开,关,49°C,50%,27,1分钟
20211107205208,开,开,关,49°C,50%,26,1分钟
20211107205210,开,开,关,49°C,50%,27,1分钟
20211107205216,开,开,关,49°C,50%,26,1分钟
20211107205222,开,开,关,49°C,50%,27,1分钟
20211107205230,开,开,关,49°C,50%,26,1分钟
20211107205234,开,开,关,49°C,50%,27,1分钟
20211107205236,开,开,关,49°C,50%,26,1分钟
20211107205238,开,开,关,49°C,50%,27,1分钟
20211107205240,开,开,关,49°C,50%,26,1分钟
20211107205242,开,开,关,49°C,50%,27,1分钟
20211107205254,开,开,关,49°C,50%,26,1分钟
20211107205258,开,开,关,49°C,50%,27,1分钟
20211107205300,开,开,关,48°C,50%,27,2分钟
20211107205304,开,开,关,48°C,50%,26,2分钟
20211107205306,开,开,关,48°C,50%,27,2分钟
20211107205312,开,开,关,48°C,50%,26,2分钟
20211107205316,开,开,关,48°C,50%,27,2分钟
20211107205318,开,开,关,49°C,50%,27,1分钟
20211107205322,开,开,关,49°C,50%,26,1分钟
20211107205328,开,开,关,48°C,50%,27,2分钟
20211107205330,开,开,关,48°C,50%,26,2分钟
20211107205334,开,开,关,48°C,50%,27,2分钟
20211107205351,开,开,关,48°C,50%,26,2分钟
20211107205355,开,开,关,48°C,50%,27,2分钟
20211107205401,开,开,关,48°C,50%,26,2分钟
20211107205403,开,开,关,48°C,50%,27,2分钟
20211107205405,开,开,关,48°C,50%,26,2分钟
20211107205407,开,开,关,48°C,50%,27,2分钟
20211107205411,开,开,关,48°C,50%,26,2分钟
20211107205415,开,开,关,48°C,50%,27,2分钟
20211107205417,开,开,关,48°C,50%,27,1分钟
20211107205419,开,开,关,48°C,50%,26,1分钟
20211107205421,开,开,关,48°C,50%,27,1分钟
20211107205423,开,开,关,48°C,50%,26,1分钟
20211107205425,开,开,关,48°C,50%,27,1分钟
20211107205427,开,开,关,48°C,50%,26,1分钟
20211107205429,开,开,关,48°C,50%,27,1分钟
20211107205431,开,开,关,47°C,50%,27,4分钟
20211107205435,开,开,关,47°C,50%,26,4分钟
20211107205437,开,开,关,48°C,50%,27,2分钟
20211107205439,开,开,关,48°C,50%,26,2分钟
20211107205441,开,开,关,48°C,50%,27,2分钟
20211107205445,开,开,关,48°C,50%,26,2分钟
20211107205450,开,开,关,47°C,50%,26,4分钟
20211107205451,开,开,关,47°C,50%,27,4分钟
20211107205453,开,开,关,47°C,50%,25,4分钟
20211107205700,开,关,开,47°C,50%,0,0分钟
20211107210053,开,关,开,46°C,50%,0,0分钟
20211107210055,开,开,关,46°C,50%,30,5分钟
20211107210111,开,开,关,46°C,50%,48,5分钟
20211107210113,开,开,关,46°C,50%,50,5分钟
20211107210115,开,开,关,46°C,50%,48,5分钟
20211107210117,开,开,关,46°C,50%,47,5分钟
20211107210119,开,开,关,46°C,50%,50,5分钟
20211107210121,开,关,开,46°C,100%,10,0分钟
20211107210127,开,关,开,46°C,50%,0,0分钟
20211107210133,开,开,关,45°C,50%,0,7分钟
20211107210209,开,开,关,45°C,50%,0,6分钟
20211107210242,开,开,关,44°C,50%,0,8分钟
20211107210342,开,开,关,44°C,50%,0,7分钟
20211107210346,开,开,关,44°C,50%,0,6分钟
20211107210429,开,开,关,43°C,50%,0,9分钟
20211107210451,开,开,关,42°C,50%,0,11分钟
20211107210552,开,开,关,42°C,50%,0,10分钟
20211107210612,开,开,关,42°C,50%,0,9分钟
20211107210708,开,开,关,43°C,50%,0,9分钟
20211107210718,开,开,关,43°C,50%,0,8分钟
20211107210751,开,开,关,44°C,50%,0,8分钟
20211107210801,开,开,关,44°C,50%,0,7分钟
20211107210803,开,开,关,44°C,50%,28,7分钟
20211107210805,开,开,关,44°C,50%,43,7分钟
20211107210807,开,开,关,44°C,50%,42,7分钟
20211107210813,开,开,关,44°C,50%,43,7分钟
20211107210815,开,开,关,44°C,50%,42,7分钟
20211107210819,开,开,关,44°C,50%,43,7分钟
20211107210821,开,开,关,44°C,50%,52,7分钟
20211107210825,开,开,关,44°C,50%,50,7分钟
20211107210827,开,开,关,45°C,50%,51,7分钟
20211107210831,开,开,关,45°C,50%,0,7分钟
20211107210843,开,开,关,45°C,50%,0,6分钟
20211107210845,开,开,关,45°C,50%,25,6分钟
20211107210856,开,开,关,45°C,50%,61,6分钟
20211107210857,开,开,关,45°C,50%,60,6分钟
20211107210901,开,开,关,45°C,50%,61,6分钟
20211107210932,开,开,关,45°C,50%,0,6分钟
20211107211032,开,开,关,45°C,50%,0,5分钟
20211107211109,开,开,关,45°C,50%,0,4分钟
20211107211116,开,开,关,46°C,50%,0,5分钟
20211107211121,开,开,关,45°C,50%,0,7分钟
20211107211131,开,开,关,46°C,50%,0,5分钟
20211107211133,开,开,关,46°C,50%,33,5分钟
20211107211135,开,开,关,46°C,50%,57,5分钟
20211107211137,开,开,关,46°C,50%,58,5分钟
20211107211141,开,开,关,46°C,50%,55,5分钟
20211107211143,开,开,关,46°C,50%,57,5分钟
20211107211151,开,开,关,46°C,50%,56,5分钟
20211107211153,开,开,关,46°C,50%,30,5分钟
20211107211155,开,关,开,46°C,50%,0,0分钟
20211107211157,开,关,开,46°C,50%,18,0分钟
20211107211159,开,开,关,46°C,50%,18,5分钟
20211107211203,开,开,关,46°C,50%,20,5分钟
20211107211207,开,开,关,46°C,50%,20,4分钟
20211107211324,开,关,开,46°C,50%,0,0分钟
20211107211332,开,开,关,46°C,50%,53,3分钟
20211107211337,开,开,关,46°C,50%,51,3分钟
20211107211630,开,关,开,46°C,50%,0,0分钟
20211107211632,开,开,关,46°C,50%,48,1分钟
20211107211634,开,开,关,46°C,50%,15,1分钟
20211107211638,开,开,关,46°C,50%,56,1分钟
20211107211640,开,开,关,46°C,50%,55,1分钟
20211107211642,开,开,关,46°C,50%,53,1分钟
20211107211644,开,开,关,46°C,50%,55,1分钟
20211107211646,开,开,关,46°C,50%,33,1分钟
20211107211728,开,关,开,46°C,50%,0,0分钟
20211107211730,开,关,开,46°C,50%,17,0分钟
20211107211744,开,开,关,46°C,50%,21,1分钟
20211107211746,开,关,开,46°C,100%,12,0分钟
20211107211805,开,关,开,46°C,50%,0,0分钟
20211107211807,开,关,开,46°C,50%,8,0分钟
20211107214659,开,关,开,46°C,50%,0,0分钟
20211107214703,开,开,关,46°C,50%,48,7分钟
20211107214705,开,开,关,45°C,50%,48,7分钟
20211107214711,开,开,关,45°C,50%,48,6分钟
20211107214715,开,开,关,45°C,50%,48,5分钟
20211107214717,开,开,关,46°C,50%,47,5分钟
20211107214727,开,开,关,46°C,50%,48,5分钟
20211107214730,开,开,关,46°C,50%,47,5分钟
20211107214736,开,开,关,46°C,50%,48,5分钟
20211107214740,开,开,关,46°C,50%,48,7分钟
20211107214742,开,开,关,45°C,50%,50,7分钟
20211107214744,开,开,关,45°C,50%,48,5分钟
20211107214746,开,开,关,45°C,50%,45,5分钟
20211107214748,开,开,关,46°C,50%,38,5分钟
20211107214752,开,开,关,46°C,50%,33,7分钟
20211107214754,开,开,关,45°C,50%,33,7分钟
20211107214756,开,开,关,45°C,50%,30,6分钟
20211107214758,开,开,关,45°C,50%,31,6分钟
20211107214804,开,开,关,45°C,50%,30,6分钟
20211107214806,开,开,关,45°C,50%,31,6分钟
20211107214814,开,开,关,45°C,50%,30,6分钟
20211107214816,开,开,关,45°C,50%,31,6分钟
20211107214820,开,开,关,45°C,50%,30,6分钟
20211107214824,开,开,关,45°C,50%,31,6分钟
20211107214830,开,开,关,45°C,50%,30,6分钟
20211107214846,开,开,关,45°C,50%,31,6分钟
20211107214852,开,开,关,45°C,50%,30,6分钟
20211107214854,开,开,关,45°C,50%,31,6分钟
20211107214858,开,开,关,45°C,50%,31,5分钟
20211107214900,开,开,关,45°C,50%,30,5分钟
20211107214904,开,开,关,45°C,25%,31,8分钟
20211107214915,开,开,关,44°C,25%,31,8分钟
20211107214917,开,开,关,44°C,25%,30,8分钟
20211107214919,开,开,关,44°C,25%,31,8分钟
20211107214927,开,开,关,44°C,25%,30,8分钟
20211107214933,开,开,关,44°C,25%,31,8分钟
20211107214935,开,开,关,44°C,25%,31,7分钟
20211107214937,开,开,关,44°C,25%,30,7分钟
20211107214943,开,开,关,44°C,25%,31,7分钟
20211107214945,开,开,关,44°C,25%,30,7分钟
20211107214947,开,开,关,44°C,25%,31,7分钟
20211107214949,开,开,关,44°C,25%,30,7分钟
20211107214951,开,开,关,44°C,25%,31,7分钟
20211107214953,开,开,关,44°C,25%,30,7分钟
20211107214955,开,开,关,44°C,25%,31,7分钟
20211107215007,开,开,关,44°C,25%,0,7分钟
20211107215011,开,开,关,44°C,25%,0,9分钟
20211107215056,开,开,关,43°C,25%,0,9分钟
20211107215100,开,开,关,43°C,25%,0,11分钟
20211107215118,开,开,关,42°C,25%,0,11分钟
20211107215120,开,开,关,42°C,25%,0,10分钟
20211107215122,开,开,关,42°C,25%,15,10分钟
20211107215126,开,开,关,42°C,25%,30,10分钟
20211107215128,开,开,关,42°C,25%,28,10分钟
20211107215142,开,开,关,42°C,25%,30,10分钟
20211107215144,开,开,关,42°C,25%,28,10分钟
20211107215200,开,开,关,42°C,25%,30,10分钟
20211107215202,开,开,关,42°C,25%,31,10分钟
20211107215204,开,开,关,42°C,25%,30,10分钟
20211107215206,开,开,关,42°C,25%,28,10分钟
20211107215214,开,开,关,42°C,25%,30,10分钟
20211107215216,开,开,关,42°C,25%,28,10分钟
20211107215218,开,开,关,42°C,25%,30,10分钟
20211107215226,开,开,关,42°C,25%,30,9分钟
20211107215230,开,开,关,42°C,25%,30,12分钟
20211107215238,开,开,关,41°C,25%,30,12分钟
20211107215241,开,开,关,41°C,25%,31,12分钟
20211107215251,开,开,关,41°C,25%,30,12分钟
20211107215257,开,开,关,41°C,25%,31,12分钟
20211107215301,开,开,关,41°C,25%,30,12分钟
20211107215303,开,开,关,41°C,25%,31,12分钟
20211107215307,开,开,关,41°C,25%,30,14分钟
20211107215309,开,开,关,40°C,25%,31,14分钟
20211107215315,开,开,关,40°C,25%,30,14分钟
20211107215321,开,开,关,40°C,25%,30,13分钟
20211107215325,开,开,关,40°C,25%,30,15分钟
20211107215351,开,开,关,39°C,25%,30,15分钟
20211107215353,开,开,关,39°C,25%,31,15分钟
20211107215357,开,开,关,39°C,25%,30,15分钟
20211107215409,开,开,关,39°C,25%,30,14分钟
20211107215413,开,开,关,39°C,25%,31,14分钟
20211107215415,开,开,关,39°C,25%,30,14分钟
20211107215418,开,开,关,39°C,25%,30,17分钟
20211107215419,开,开,关,39°C,25%,30,16分钟
20211107215424,开,开,关,38°C,25%,30,16分钟
20211107215426,开,开,关,38°C,25%,31,16分钟
20211107215436,开,开,关,38°C,25%,30,16分钟
20211107215438,开,开,关,38°C,25%,31,16分钟
20211107215444,开,开,关,38°C,25%,30,16分钟
20211107215446,开,开,关,38°C,25%,31,16分钟
20211107215448,开,开,关,38°C,25%,30,16分钟
20211107215450,开,开,关,38°C,25%,31,16分钟
20211107215452,开,开,关,38°C,25%,30,16分钟
20211107215454,开,开,关,38°C,25%,30,18分钟
20211107215456,开,开,关,38°C,25%,31,18分钟
20211107215504,开,开,关,37°C,25%,30,18分钟
20211107215506,开,开,关,37°C,25%,30,17分钟
20211107215508,开,开,关,37°C,25%,30,16分钟
20211107215510,开,开,关,38°C,25%,31,16分钟
20211107215514,开,开,关,38°C,25%,30,18分钟
20211107215522,开,开,关,37°C,25%,30,18分钟
20211107215524,开,开,关,37°C,25%,31,18分钟
20211107215526,开,开,关,37°C,25%,30,18分钟
20211107215530,开,开,关,37°C,25%,28,18分钟
20211107215534,开,开,关,37°C,25%,30,18分钟
20211107215536,开,开,关,37°C,25%,28,18分钟
20211107215540,开,开,关,37°C,25%,28,17分钟
20211107215542,开,开,关,37°C,25%,30,17分钟
20211107215544,开,开,关,37°C,25%,28,17分钟
20211107215556,开,开,关,37°C,25%,17,17分钟
20211107215617,开,开,关,37°C,25%,0,17分钟
20211107215621,开,开,关,37°C,25%,0,19分钟
20211107215653,开,开,关,36°C,25%,0,19分钟
20211107215657,开,开,关,36°C,25%,0,21分钟
20211107215659,开,开,关,35°C,25%,0,21分钟
20211107215703,开,开,关,35°C,25%,0,19分钟
20211107215705,开,开,关,36°C,25%,0,19分钟
20211107215709,开,开,关,36°C,25%,0,21分钟
20211107215721,开,开,关,35°C,25%,0,21分钟
20211107215758,开,开,关,35°C,25%,0,20分钟
20211107215804,开,开,关,35°C,25%,10,20分钟
20211107215806,开,开,关,35°C,25%,11,20分钟
20211107215808,开,开,关,35°C,25%,10,20分钟
20211107215812,开,开,关,35°C,25%,11,20分钟
20211107215817,开,开,关,35°C,25%,10,20分钟
20211107215822,开,开,关,35°C,25%,0,20分钟
20211107215852,开,开,关,35°C,25%,0,19分钟
20211107215858,开,开,关,36°C,25%,18,19分钟
20211107215900,开,开,关,36°C,25%,13,19分钟
20211107215941,开,开,关,36°C,25%,0,19分钟
20211107220005,开,开,关,36°C,25%,0,18分钟
20211107220025,开,开,关,37°C,25%,0,18分钟
20211107220049,关,关,关,37°C,25%,0,0分钟
20211108012834,关,关,关,38°C,25%,0,0分钟
20211108013054,关,关,关,38°C,25%,0,0分钟
20211108013100,关,关,关,37°C,25%,0,0分钟
20211108013200,关,关,关,38°C,25%,0,0分钟
20211108013206,关,关,关,37°C,25%,0,0分钟
20211108013331,关,关,关,38°C,25%,0,0分钟
20211108013337,关,关,关,37°C,25%,0,0分钟
20211108013401,关,关,关,38°C,25%,0,0分钟
20211108013408,关,关,关,37°C,25%,0,0分钟
20211108013414,关,关,关,38°C,25%,0,0分钟
20211108013420,关,关,关,37°C,25%,0,0分钟
20211108013426,关,关,关,38°C,25%,0,0分钟
20211108013432,关,关,关,37°C,25%,0,0分钟
20211108013538,关,关,关,38°C,25%,0,0分钟
20211108013557,关,关,关,37°C,25%,0,0分钟
20211108013603,关,关,关,38°C,25%,0,0分钟
20211108013609,关,关,关,37°C,25%,0,0分钟
20211108013621,关,关,关,38°C,25%,0,0分钟
20211108013633,关,关,关,37°C,25%,0,0分钟
20211108013639,关,关,关,38°C,25%,0,0分钟
20211108013657,关,关,关,37°C,25%,0,0分钟
20211108013703,关,关,关,38°C,25%,0,0分钟
20211108013709,关,关,关,37°C,25%,0,0分钟
20211108013746,关,关,关,38°C,25%,0,0分钟
20211108013758,关,关,关,37°C,25%,0,0分钟
20211108013804,关,关,关,38°C,25%,0,0分钟
20211108013816,关,关,关,37°C,25%,0,0分钟
20211108013822,关,关,关,38°C,25%,0,0分钟
20211108013828,关,关,关,37°C,25%,0,0分钟
20211108013840,关,关,关,38°C,25%,0,0分钟
20211108013852,关,关,关,37°C,25%,0,0分钟
20211108013858,关,关,关,38°C,25%,0,0分钟
20211108013904,关,关,关,37°C,25%,0,0分钟
20211108013910,关,关,关,38°C,25%,0,0分钟
20211108013922,关,关,关,37°C,25%,0,0分钟
20211108013929,关,关,关,38°C,25%,0,0分钟
20211108013941,关,关,关,37°C,25%,0,0分钟
20211108013956,关,关,关,38°C,25%,0,0分钟
20211108013959,关,关,关,37°C,25%,0,0分钟
20211108014017,关,关,关,38°C,25%,0,0分钟
20211108014035,关,关,关,37°C,25%,0,0分钟
20211108014041,关,关,关,38°C,25%,0,0分钟
20211108014111,关,关,关,37°C,25%,0,0分钟
20211108014117,关,关,关,38°C,25%,0,0分钟
20211108014142,关,关,关,37°C,25%,0,0分钟
20211108014154,关,关,关,38°C,25%,0,0分钟
20211108014212,关,关,关,37°C,25%,0,0分钟
20211108014218,关,关,关,38°C,25%,0,0分钟
20211108014254,关,关,关,37°C,25%,0,0分钟
20211108014300,关,关,关,38°C,25%,0,0分钟
20211108014306,关,关,关,37°C,25%,0,0分钟
20211108014313,关,关,关,38°C,25%,0,0分钟
20211108014319,关,关,关,37°C,25%,0,0分钟
20211108014337,关,关,关,38°C,25%,0,0分钟
20211108014407,关,关,关,37°C,25%,0,0分钟
20211108014413,关,关,关,38°C,25%,0,0分钟
20211108014419,关,关,关,37°C,25%,0,0分钟
20211108014425,关,关,关,38°C,25%,0,0分钟
20211108014443,关,关,关,37°C,25%,0,0分钟
20211108014455,关,关,关,37°C,25%,0,0分钟
20211108014502,关,关,关,38°C,25%,0,0分钟
20211108014757,关,关,关,37°C,25%,0,0分钟
20211108014809,关,关,关,38°C,25%,0,0分钟
20211108015224,关,关,关,37°C,25%,0,0分钟
20211108015230,关,关,关,38°C,25%,0,0分钟
20211108015614,关,关,关,37°C,25%,0,0分钟
20211108015623,关,关,关,38°C,25%,0,0分钟
20211108063453,关,关,关,37°C,25%,0,0分钟
20211108063623,关,关,关,37°C,0%,0,0分钟
20211108063629,关,关,关,36°C,0%,0,0分钟
20211108064044,关,关,关,37°C,0%,0,0分钟
20211108064050,关,关,关,36°C,0%,0,0分钟
20211108064102,关,关,关,37°C,0%,0,0分钟
20211108064108,关,关,关,36°C,0%,0,0分钟
20211108064138,关,关,关,37°C,0%,0,0分钟
20211108064144,关,关,关,36°C,0%,0,0分钟
20211108064202,关,关,关,37°C,0%,0,0分钟
20211108064208,关,关,关,36°C,0%,0,0分钟
20211108064227,关,关,关,37°C,0%,0,0分钟
20211108064233,关,关,关,36°C,0%,0,0分钟
20211108064251,关,关,关,37°C,0%,0,0分钟
20211108064257,关,关,关,36°C,0%,0,0分钟
20211108064315,关,关,关,37°C,0%,0,0分钟
20211108064321,关,关,关,36°C,0%,0,0分钟
20211108064327,关,关,关,37°C,0%,0,0分钟
20211108064333,关,关,关,36°C,0%,0,0分钟
20211108064339,关,关,关,37°C,0%,0,0分钟
20211108064345,关,关,关,36°C,0%,0,0分钟
20211108064440,关,关,关,37°C,0%,0,0分钟
20211108064446,关,关,关,36°C,0%,0,0分钟
20211108064534,关,关,关,37°C,0%,0,0分钟
20211108064540,关,关,关,36°C,0%,0,0分钟
20211108064629,关,关,关,37°C,0%,0,0分钟
20211108064635,关,关,关,36°C,0%,0,0分钟
20211108064729,关,关,关,37°C,0%,0,0分钟
20211108064744,关,关,关,36°C,0%,0,0分钟
20211108064748,关,关,关,37°C,0%,0,0分钟
20211108064800,关,关,关,36°C,0%,0,0分钟
20211108064806,关,关,关,37°C,0%,0,0分钟
20211108064812,关,关,关,36°C,0%,0,0分钟
20211108064937,关,关,关,37°C,0%,0,0分钟
20211108064943,关,关,关,36°C,0%,0,0分钟
20211108064955,关,关,关,37°C,0%,0,0分钟
20211108065005,关,关,关,36°C,0%,0,0分钟
20211108065019,关,关,关,37°C,0%,0,0分钟
20211108065025,关,关,关,36°C,0%,0,0分钟
20211108065031,关,关,关,37°C,0%,0,0分钟
20211108065037,关,关,关,36°C,0%,0,0分钟
20211108065049,关,关,关,37°C,0%,0,0分钟
20211108065107,关,关,关,36°C,0%,0,0分钟
20211108065113,关,关,关,37°C,0%,0,0分钟
20211108065120,关,关,关,36°C,0%,0,0分钟
20211108065126,关,关,关,37°C,0%,0,0分钟
20211108065132,关,关,关,36°C,0%,0,0分钟
20211108065156,关,关,关,37°C,0%,0,0分钟
20211108065214,关,关,关,36°C,0%,0,0分钟
20211108065226,关,关,关,37°C,0%,0,0分钟
20211108065232,关,关,关,36°C,0%,0,0分钟
20211108065238,关,关,关,37°C,0%,0,0分钟
20211108065250,关,关,关,36°C,0%,0,0分钟
20211108065302,关,关,关,37°C,0%,0,0分钟
20211108065308,关,关,关,36°C,0%,0,0分钟
20211108065315,关,关,关,37°C,0%,0,0分钟
20211108065321,关,关,关,36°C,0%,0,0分钟
20211108065327,关,关,关,37°C,0%,0,0分钟
20211108065333,关,关,关,36°C,0%,0,0分钟
20211108065339,关,关,关,37°C,0%,0,0分钟
20211108065345,关,关,关,36°C,0%,0,0分钟
20211108065357,关,关,关,37°C,0%,0,0分钟
20211108065403,关,关,关,36°C,0%,0,0分钟
20211108065421,关,关,关,37°C,0%,0,0分钟
20211108065433,关,关,关,36°C,0%,0,0分钟
20211108065439,关,关,关,37°C,0%,0,0分钟
20211108065457,关,关,关,36°C,0%,0,0分钟
20211108065510,关,关,关,37°C,0%,0,0分钟
20211108065540,关,关,关,36°C,0%,0,0分钟
20211108065546,关,关,关,37°C,0%,0,0分钟
20211108065558,关,关,关,36°C,0%,0,0分钟
20211108065604,关,关,关,37°C,0%,0,0分钟
20211108065616,关,关,关,36°C,0%,0,0分钟
20211108065628,关,关,关,37°C,0%,0,0分钟
20211108065634,关,关,关,36°C,0%,0,0分钟
20211108065640,关,关,关,37°C,0%,0,0分钟
20211108065725,关,关,关,36°C,0%,0,0分钟
20211108065743,关,关,关,36°C,0%,0,0分钟
20211108065749,关,关,关,37°C,0%,0,0分钟
20211108065755,关,关,关,36°C,0%,0,0分钟
20211108065801,关,关,关,37°C,0%,0,0分钟
20211108065956,关,关,关,36°C,0%,0,0分钟
20211108070002,关,关,关,37°C,0%,0,0分钟
20211108070014,关,关,关,36°C,0%,0,0分钟
20211108070020,关,关,关,37°C,0%,0,0分钟
20211108070026,关,关,关,36°C,0%,0,0分钟
20211108070032,关,关,关,37°C,0%,0,0分钟
20211108070039,关,关,关,36°C,0%,0,0分钟
20211108070045,关,关,关,37°C,0%,0,0分钟
20211108070215,关,关,关,36°C,0%,0,0分钟
20211108070221,关,关,关,37°C,0%,0,0分钟
20211108070417,关,关,关,36°C,0%,0,0分钟
20211108070547,关,关,关,36°C,0%,0,0分钟
20211108070553,关,关,关,37°C,0%,0,0分钟
20211108074652,关,关,关,36°C,0%,0,0分钟
20211108080102,关,关,关,36°C,0%,0,0分钟
20211108080106,关,关,关,36°C,0%,58,0分钟
20211108080112,关,关,关,36°C,0%,60,0分钟
20211108080114,关,关,关,36°C,0%,61,0分钟
20211108080120,关,关,关,36°C,0%,60,0分钟
20211108080122,关,关,关,36°C,0%,61,0分钟
20211108080126,关,关,关,36°C,0%,60,0分钟
20211108080128,关,关,关,36°C,0%,61,0分钟
20211108080132,关,关,关,36°C,0%,60,0分钟
20211108080134,关,关,关,36°C,0%,61,0分钟
20211108080136,关,关,关,36°C,0%,55,0分钟
20211108080146,关,关,关,36°C,0%,61,0分钟
20211108080152,关,关,关,36°C,0%,60,0分钟
20211108080154,关,关,关,36°C,0%,61,0分钟
20211108080158,关,关,关,36°C,0%,60,0分钟
20211108080200,关,关,关,36°C,0%,62,0分钟
20211108080204,关,关,关,36°C,0%,61,0分钟
20211108080206,关,关,关,36°C,0%,62,0分钟
20211108080233,关,关,关,36°C,0%,0,0分钟
20211108080234,关,关,关,36°C,0%,45,0分钟
20211108080236,关,关,关,36°C,0%,48,0分钟
20211108080239,关,关,关,36°C,0%,51,0分钟
20211108080241,关,关,关,36°C,0%,23,0分钟
20211108081218,关,关,关,36°C,0%,0,0分钟
20211108081224,关,关,关,36°C,0%,0,0分钟
20211108081254,关,关,关,35°C,0%,0,0分钟
20211108081306,关,关,关,36°C,0%,0,0分钟
20211108081324,关,关,关,35°C,0%,0,0分钟
20211108081330,关,关,关,36°C,0%,0,0分钟
20211108081531,关,关,关,35°C,0%,0,0分钟
20211108081538,关,关,关,36°C,0%,0,0分钟
20211108082304,关,关,关,35°C,0%,0,0分钟
20211108082306,关,关,关,35°C,0%,10,0分钟
20211108084620,关,关,关,35°C,0%,0,0分钟
20211108084622,关,关,关,35°C,0%,41,0分钟
20211108084624,关,关,关,35°C,0%,11,0分钟
20211108084809,关,关,关,35°C,0%,0,0分钟
20211108084811,关,关,关,35°C,0%,48,0分钟
20211108084813,关,关,关,35°C,0%,52,0分钟
20211108084815,关,关,关,35°C,0%,51,0分钟
20211108084817,关,关,关,35°C,0%,20,0分钟
20211108084835,关,关,关,35°C,0%,0,0分钟
20211108084837,关,关,关,35°C,0%,55,0分钟
20211108084843,关,关,关,35°C,0%,56,0分钟
20211108084845,关,关,关,35°C,0%,55,0分钟
20211108084902,关,关,关,35°C,0%,56,0分钟
20211108084904,关,关,关,35°C,0%,57,0分钟
20211108084910,关,关,关,35°C,0%,56,0分钟
20211108084912,关,关,关,35°C,0%,57,0分钟
20211108084914,关,关,关,35°C,0%,56,0分钟
20211108084916,关,关,关,35°C,0%,55,0分钟
20211108085611,关,关,关,35°C,0%,0,0分钟
20211108085617,关,关,关,34°C,0%,0,0分钟
20211108085630,关,关,关,35°C,0%,0,0分钟
20211108085636,关,关,关,34°C,0%,0,0分钟
20211108085642,关,关,关,35°C,0%,0,0分钟
20211108085654,关,关,关,34°C,0%,0,0分钟
20211108085700,关,关,关,35°C,0%,0,0分钟
20211108085706,关,关,关,34°C,0%,0,0分钟
20211108085730,关,关,关,35°C,0%,0,0分钟
20211108085736,关,关,关,34°C,0%,0,0分钟
20211108085800,关,关,关,35°C,0%,0,0分钟
20211108085806,关,关,关,34°C,0%,0,0分钟
20211108085812,关,关,关,35°C,0%,0,0分钟
20211108085819,关,关,关,34°C,0%,0,0分钟
20211108085855,关,关,关,35°C,0%,0,0分钟
20211108085901,关,关,关,34°C,0%,0,0分钟
20211108085907,关,关,关,35°C,0%,0,0分钟
20211108085931,关,关,关,34°C,0%,0,0分钟
20211108085937,关,关,关,35°C,0%,0,0分钟
20211108090044,关,关,关,34°C,0%,0,0分钟
20211108090050,关,关,关,35°C,0%,0,0分钟
20211108105132,关,关,关,34°C,0%,0,0分钟
20211108105150,关,关,关,34°C,0%,0,0分钟
20211108105156,关,关,关,33°C,0%,0,0分钟
20211108105345,关,关,关,34°C,0%,0,0分钟
20211108105351,关,关,关,33°C,0%,0,0分钟
20211108105427,关,关,关,34°C,0%,0,0分钟
20211108105445,关,关,关,33°C,0%,0,0分钟
20211108105451,关,关,关,34°C,0%,0,0分钟
20211108105509,关,关,关,33°C,0%,0,0分钟
20211108105522,关,关,关,34°C,0%,0,0分钟
20211108105546,关,关,关,33°C,0%,0,0分钟
20211108105604,关,关,关,34°C,0%,0,0分钟
20211108105646,关,关,关,33°C,0%,0,0分钟
20211108105659,关,关,关,34°C,0%,0,0分钟
20211108105711,关,关,关,33°C,0%,0,0分钟
20211108105717,关,关,关,34°C,0%,0,0分钟
20211108105723,关,关,关,33°C,0%,0,0分钟
20211108105729,关,关,关,34°C,0%,0,0分钟
20211108105747,关,关,关,33°C,0%,0,0分钟
20211108105753,关,关,关,34°C,0%,0,0分钟
20211108105817,关,关,关,33°C,0%,0,0分钟
20211108105823,关,关,关,34°C,0%,0,0分钟
20211108105829,关,关,关,33°C,0%,0,0分钟
20211108105835,关,关,关,34°C,0%,0,0分钟
20211108105854,关,关,关,33°C,0%,0,0分钟
20211108105900,关,关,关,34°C,0%,0,0分钟
20211108110012,关,关,关,33°C,0%,0,0分钟
20211108110018,关,关,关,34°C,0%,0,0分钟
20211108114734,关,关,关,33°C,0%,0,0分钟
20211108114736,关,关,关,33°C,0%,8,0分钟
20211108121535,关,关,关,33°C,0%,0,0分钟
20211108121537,关,关,关,33°C,0%,8,0分钟
20211108124958,关,关,关,33°C,0%,0,0分钟
20211108125016,关,关,关,33°C,0%,0,0分钟
20211108125022,关,关,关,32°C,0%,0,0分钟
20211108125034,关,关,关,33°C,0%,0,0分钟
20211108125058,关,关,关,32°C,0%,0,0分钟
20211108125104,关,关,关,32°C,0%,0,0分钟
20211108125116,关,关,关,33°C,0%,0,0分钟
20211108125122,关,关,关,32°C,0%,0,0分钟
20211108125211,关,关,关,33°C,0%,0,0分钟
20211108125223,关,关,关,32°C,0%,0,0分钟
20211108125235,关,关,关,33°C,0%,0,0分钟
20211108125305,关,关,关,32°C,0%,0,0分钟
20211108125311,关,关,关,33°C,0%,0,0分钟
20211108125323,关,关,关,32°C,0%,0,0分钟
20211108125329,关,关,关,33°C,0%,0,0分钟
20211108125335,关,关,关,32°C,0%,0,0分钟
20211108125342,关,关,关,33°C,0%,0,0分钟
20211108125348,关,关,关,32°C,0%,0,0分钟
20211108125354,关,关,关,33°C,0%,0,0分钟
20211108125416,关,关,关,32°C,0%,0,0分钟
20211108125418,关,关,关,33°C,0%,0,0分钟
20211108125424,关,关,关,32°C,0%,0,0分钟
20211108125436,关,关,关,33°C,0%,0,0分钟
20211108125506,关,关,关,32°C,0%,0,0分钟
20211108125512,关,关,关,33°C,0%,0,0分钟
20211108125518,关,关,关,32°C,0%,0,0分钟
20211108125530,关,关,关,33°C,0%,0,0分钟
20211108125543,关,关,关,32°C,0%,0,0分钟
20211108125549,关,关,关,33°C,0%,0,0分钟
20211108125555,关,关,关,32°C,0%,0,0分钟
20211108125607,关,关,关,33°C,0%,0,0分钟
20211108125637,关,关,关,32°C,0%,0,0分钟
20211108125643,关,关,关,33°C,0%,0,0分钟
20211108125719,关,关,关,32°C,0%,0,0分钟
20211108125726,关,关,关,33°C,0%,0,0分钟
20211108154826,关,关,关,32°C,0%,0,0分钟
20211108154831,关,关,关,32°C,0%,0,0分钟
20211108154836,关,关,关,32°C,0%,0,0分钟
20211108154841,关,关,关,32°C,0%,0,0分钟
20211108154846,关,关,关,32°C,0%,0,0分钟
20211108154851,关,关,关,32°C,0%,0,0分钟
20211108154856,关,关,关,32°C,0%,0,0分钟
20211108154901,关,关,关,32°C,0%,0,0分钟
20211108154906,关,关,关,32°C,0%,0,0分钟
20211108155259,关,关,关,32°C,0%,0,0分钟
20211108155352,关,关,关,32°C,0%,0,0分钟
20211108155358,关,关,关,31°C,0%,0,0分钟
20211108155736,关,关,关,32°C,0%,0,0分钟
20211108155742,关,关,关,31°C,0%,0,0分钟
20211108155812,关,关,关,32°C,0%,0,0分钟
20211108155818,关,关,关,31°C,0%,0,0分钟
20211108155931,关,关,关,32°C,0%,0,0分钟
20211108160226,关,关,关,32°C,0%,0,0分钟
20211108160232,关,关,关,31°C,0%,0,0分钟
20211108160303,关,关,关,32°C,0%,0,0分钟
20211108160309,关,关,关,31°C,0%,0,0分钟
20211108160351,关,关,关,32°C,0%,0,0分钟
20211108160357,关,关,关,31°C,0%,0,0分钟
20211108160403,关,关,关,32°C,0%,0,0分钟
20211108160409,关,关,关,31°C,0%,0,0分钟
20211108160502,关,关,关,32°C,0%,0,0分钟
20211108160504,关,关,关,31°C,0%,0,0分钟
20211108160540,关,关,关,32°C,0%,0,0分钟
20211108160546,关,关,关,31°C,0%,0,0分钟
20211108160622,关,关,关,32°C,0%,0,0分钟
20211108160628,关,关,关,31°C,0%,0,0分钟
20211108160647,关,关,关,32°C,0%,0,0分钟
20211108160659,关,关,关,31°C,0%,0,0分钟
20211108160705,关,关,关,32°C,0%,0,0分钟
20211108160711,关,关,关,31°C,0%,0,0分钟
20211108160717,关,关,关,32°C,0%,0,0分钟
20211108160735,关,关,关,31°C,0%,0,0分钟
20211108160741,关,关,关,32°C,0%,0,0分钟
20211108160823,关,关,关,31°C,0%,0,0分钟
20211108160830,关,关,关,32°C,0%,0,0分钟
20211108160836,关,关,关,31°C,0%,0,0分钟
20211108160900,关,关,关,32°C,0%,0,0分钟
20211108160906,关,关,关,31°C,0%,0,0分钟
20211108160918,关,关,关,32°C,0%,0,0分钟
20211108160924,关,关,关,31°C,0%,0,0分钟
20211108160930,关,关,关,32°C,0%,0,0分钟
20211108160936,关,关,关,31°C,0%,0,0分钟
20211108160954,关,关,关,32°C,0%,0,0分钟
20211108161012,关,关,关,31°C,0%,0,0分钟
20211108161031,关,关,关,32°C,0%,0,0分钟
20211108161043,关,关,关,31°C,0%,0,0分钟
20211108161049,关,关,关,32°C,0%,0,0分钟
20211108161113,关,关,关,31°C,0%,0,0分钟
20211108161119,关,关,关,32°C,0%,0,0分钟
20211108161125,关,关,关,31°C,0%,0,0分钟
20211108161137,关,关,关,32°C,0%,0,0分钟
20211108161250,关,关,关,31°C,0%,0,0分钟
20211108161256,关,关,关,32°C,0%,0,0分钟
20211108161314,关,关,关,31°C,0%,0,0分钟
20211108161320,关,关,关,32°C,0%,0,0分钟
20211108161350,关,关,关,31°C,0%,0,0分钟
20211108161356,关,关,关,32°C,0%,0,0分钟
20211108161403,关,关,关,31°C,0%,0,0分钟
20211108161409,关,关,关,32°C,0%,0,0分钟
20211108161503,关,关,关,31°C,0%,0,0分钟
20211108161515,关,关,关,32°C,0%,0,0分钟
20211108162024,关,关,关,31°C,0%,0,0分钟
20211108162030,关,关,关,32°C,0%,0,0分钟
20211108162048,关,关,关,31°C,0%,0,0分钟
20211108162054,关,关,关,32°C,0%,0,0分钟
20211108162112,关,关,关,31°C,0%,0,0分钟
20211108162118,关,关,关,32°C,0%,0,0分钟
20211108162124,关,关,关,31°C,0%,0,0分钟
20211108182952,关,关,关,32°C,0%,0,0分钟
20211108185327,关,关,关,31°C,0%,0,0分钟
20211108185329,关,关,关,31°C,0%,10,0分钟
20211108200817,关,关,关,31°C,0%,0,0分钟
20211108200825,关,关,关,31°C,0%,41,0分钟
20211108200827,关,关,关,31°C,0%,42,0分钟
20211108200829,关,关,关,31°C,0%,41,0分钟
20211108200835,关,关,关,31°C,0%,0,0分钟
20211108200837,关,关,关,31°C,0%,60,0分钟
20211108200839,关,关,关,31°C,0%,61,0分钟
20211108214820,关,关,关,31°C,0%,0,0分钟
20211108214826,开,开,关,30°C,0%,0,28分钟
20211108215021,开,开,关,31°C,0%,0,26分钟
20211108215053,开,开,关,32°C,0%,0,25分钟
20211108215110,开,开,关,32°C,0%,0,24分钟
20211108215116,开,开,关,33°C,0%,0,24分钟
20211108215204,开,开,关,33°C,0%,0,23分钟
20211108215246,开,开,关,34°C,0%,0,22分钟
20211108215323,开,开,关,34°C,0%,0,21分钟
20211108215339,开,开,关,35°C,0%,0,21分钟
20211108215417,开,开,关,35°C,0%,0,20分钟
20211108215425,开,开,关,36°C,0%,0,19分钟
20211108215435,开,开,关,35°C,0%,0,21分钟
20211108215524,开,开,关,36°C,0%,0,19分钟
20211108215550,开,开,关,37°C,0%,0,18分钟
20211108215630,开,开,关,37°C,0%,0,17分钟
20211108215632,开,开,关,38°C,0%,0,17分钟
20211108215719,开,开,关,38°C,0%,0,16分钟
20211108215755,开,开,关,39°C,0%,0,15分钟
20211108215819,开,开,关,39°C,0%,0,14分钟
20211108215831,开,开,关,40°C,0%,0,14分钟
20211108215908,开,开,关,40°C,0%,0,13分钟
20211108215954,开,开,关,41°C,0%,0,12分钟
20211108220020,开,开,关,41°C,0%,0,11分钟
20211108220043,开,开,关,42°C,0%,0,11分钟
20211108220139,开,开,关,42°C,0%,0,10分钟
20211108220218,开,开,关,43°C,0%,0,9分钟
20211108220234,开,开,关,44°C,25%,0,8分钟
20211108220240,开,开,关,43°C,25%,0,9分钟
20211108220312,开,开,关,44°C,25%,0,8分钟
20211108220334,开,开,关,44°C,25%,0,7分钟
20211108220340,开,开,关,45°C,25%,0,7分钟
20211108220429,开,开,关,45°C,25%,0,6分钟
20211108220511,开,开,关,46°C,25%,0,5分钟
20211108220548,开,开,关,46°C,25%,0,4分钟
20211108220550,开,开,关,46°C,25%,25,4分钟
20211108220558,开,开,关,46°C,25%,50,4分钟
20211108220600,开,开,关,46°C,25%,48,4分钟
20211108220602,开,开,关,47°C,25%,50,4分钟
20211108220606,开,开,关,47°C,25%,51,4分钟
20211108220614,开,开,关,47°C,25%,50,4分钟
20211108220616,开,开,关,47°C,25%,51,4分钟
20211108220622,开,开,关,47°C,25%,50,3分钟
20211108220626,开,开,关,47°C,25%,51,3分钟
20211108220628,开,开,关,47°C,25%,50,3分钟
20211108220630,开,开,关,47°C,25%,51,3分钟
20211108220632,开,开,关,47°C,25%,50,3分钟
20211108220642,开,开,关,47°C,25%,51,3分钟
20211108220644,开,开,关,47°C,25%,38,3分钟
20211108220658,开,开,关,47°C,25%,33,3分钟
20211108220702,开,开,关,47°C,25%,35,3分钟
20211108220704,开,开,关,47°C,25%,33,3分钟
20211108220706,开,开,关,47°C,25%,35,3分钟
20211108220708,开,开,关,47°C,25%,33,3分钟
20211108220710,开,开,关,47°C,25%,35,3分钟
20211108220714,开,开,关,47°C,25%,33,3分钟
20211108220716,开,开,关,47°C,25%,35,3分钟
20211108220718,开,开,关,47°C,25%,33,2分钟
20211108220720,开,开,关,47°C,25%,35,2分钟
20211108220726,开,开,关,47°C,25%,33,2分钟
20211108220732,开,开,关,47°C,25%,35,2分钟
20211108220743,开,开,关,47°C,25%,33,2分钟
20211108220745,开,开,关,47°C,25%,35,2分钟
20211108220751,开,开,关,47°C,25%,33,2分钟
20211108220803,开,开,关,47°C,25%,35,2分钟
20211108220807,开,开,关,47°C,25%,33,2分钟
20211108220811,开,开,关,47°C,25%,35,2分钟
20211108220817,开,开,关,47°C,25%,33,2分钟
20211108220837,开,开,关,47°C,25%,35,1分钟
20211108220839,开,开,关,47°C,25%,33,1分钟
20211108220843,开,开,关,47°C,25%,35,1分钟
20211108220847,开,开,关,47°C,25%,33,1分钟
20211108220857,开,开,关,47°C,25%,35,1分钟
20211108220901,开,开,关,47°C,25%,33,1分钟
20211108220913,开,开,关,47°C,25%,35,1分钟
20211108220917,开,开,关,47°C,25%,33,1分钟
20211108220921,开,开,关,47°C,25%,35,0分钟
20211108220923,开,开,关,47°C,25%,33,0分钟
20211108220926,开,开,关,47°C,25%,35,0分钟
20211108220936,开,开,关,47°C,25%,33,0分钟
20211108220940,开,开,关,47°C,25%,35,0分钟
20211108220944,开,开,关,47°C,25%,33,0分钟
20211108220954,开,开,关,47°C,25%,35,0分钟
20211108220956,开,开,关,47°C,25%,33,0分钟
20211108220958,开,开,关,47°C,25%,35,0分钟
20211108221000,开,开,关,47°C,25%,33,0分钟
20211108221006,开,开,关,47°C,25%,35,0分钟
20211108221008,开,开,关,47°C,25%,33,0分钟
20211108221010,开,开,关,47°C,25%,35,0分钟
20211108221016,开,开,关,47°C,25%,33,0分钟
20211108221018,开,开,关,47°C,25%,35,0分钟
20211108221022,开,开,关,47°C,25%,33,0分钟
20211108221032,开,开,关,47°C,25%,35,0分钟
20211108221034,开,开,关,47°C,25%,33,0分钟
20211108221040,开,开,关,47°C,25%,35,0分钟
20211108221042,开,开,关,47°C,25%,33,0分钟
20211108221044,开,开,关,47°C,25%,35,0分钟
20211108221046,开,开,关,47°C,25%,33,0分钟
20211108221054,开,开,关,47°C,25%,33,0分钟
20211108221106,开,开,关,47°C,25%,35,0分钟
20211108221110,开,开,关,47°C,25%,33,0分钟
20211108221115,开,开,关,47°C,25%,35,0分钟
20211108221123,开,开,关,46°C,25%,35,5分钟
20211108221129,开,开,关,46°C,25%,33,5分钟
20211108221133,开,开,关,46°C,25%,35,5分钟
20211108221137,开,开,关,46°C,25%,33,5分钟
20211108221139,开,开,关,46°C,25%,35,5分钟
20211108221145,开,开,关,46°C,25%,33,5分钟
20211108221151,开,开,关,46°C,25%,35,5分钟
20211108221155,开,开,关,46°C,25%,33,5分钟
20211108221157,开,开,关,46°C,25%,35,5分钟
20211108221159,开,开,关,45°C,25%,35,7分钟
20211108221203,开,开,关,45°C,25%,33,7分钟
20211108221207,开,开,关,45°C,25%,33,6分钟
20211108221209,开,开,关,45°C,25%,35,6分钟
20211108221211,开,开,关,44°C,25%,35,8分钟
20211108221217,开,开,关,44°C,25%,33,8分钟
20211108221219,开,开,关,44°C,25%,35,8分钟
20211108221221,开,开,关,44°C,25%,33,8分钟
20211108221225,开,开,关,44°C,25%,35,8分钟
20211108221227,开,开,关,44°C,25%,33,8分钟
20211108221235,开,开,关,43°C,25%,35,9分钟
20211108221239,开,开,关,43°C,25%,33,9分钟
20211108221241,开,开,关,42°C,25%,33,11分钟
20211108221243,开,开,关,42°C,25%,35,11分钟
20211108221245,开,开,关,42°C,25%,33,11分钟
20211108221247,开,开,关,42°C,25%,35,11分钟
20211108221249,开,开,关,42°C,25%,33,11分钟
20211108221251,开,开,关,42°C,25%,35,11分钟
20211108221255,开,开,关,41°C,25%,35,12分钟
20211108221257,开,开,关,41°C,25%,27,12分钟
20211108221304,开,开,关,41°C,25%,30,12分钟
20211108221305,开,开,关,40°C,25%,30,14分钟
20211108221308,开,开,关,40°C,25%,28,14分钟
20211108221310,开,开,关,40°C,25%,31,14分钟
20211108221322,开,开,关,39°C,25%,30,15分钟
20211108221324,开,开,关,38°C,25%,36,17分钟
20211108221326,开,开,关,38°C,25%,35,16分钟
20211108221328,开,开,关,38°C,25%,33,16分钟
20211108221334,开,开,关,38°C,25%,35,16分钟
20211108221336,开,开,关,37°C,25%,36,18分钟
20211108221338,开,开,关,37°C,25%,35,18分钟
20211108221340,开,开,关,37°C,25%,33,18分钟
20211108221344,开,开,关,37°C,25%,35,18分钟
20211108221346,开,开,关,37°C,25%,36,18分钟
20211108221352,开,开,关,36°C,25%,35,19分钟
20211108221400,开,开,关,35°C,25%,35,21分钟
20211108221402,开,开,关,35°C,25%,16,21分钟
20211108221408,开,开,关,35°C,25%,0,21分钟
20211108221410,开,开,关,35°C,25%,0,20分钟
20211108221428,开,开,关,34°C,25%,0,22分钟
20211108221434,开,开,关,33°C,25%,0,24分钟
20211108221536,开,开,关,33°C,25%,0,23分钟
20211108221636,开,开,关,33°C,25%,0,22分钟
20211108221718,开,开,关,34°C,25%,0,22分钟
20211108221742,开,开,关,34°C,25%,0,21分钟
20211108221758,开,开,关,35°C,25%,0,21分钟
20211108221837,开,开,关,35°C,25%,0,20分钟
20211108221925,开,开,关,36°C,25%,0,19分钟
20211108221951,开,开,关,37°C,25%,0,18分钟
20211108222020,开,开,关,37°C,25%,0,17分钟
20211108222021,开,开,关,38°C,25%,0,17分钟
20211108222050,开,开,关,38°C,25%,0,16分钟
20211108222126,开,开,关,39°C,25%,0,15分钟
20211108222138,开,开,关,39°C,25%,0,14分钟
20211108222144,开,开,关,40°C,25%,0,14分钟
20211108222150,开,开,关,39°C,25%,0,15分钟
20211108222203,开,开,关,40°C,25%,0,14分钟
20211108222221,开,开,关,40°C,25%,0,13分钟
20211108222307,开,开,关,41°C,25%,0,12分钟
20211108222315,开,开,关,41°C,25%,0,11分钟
20211108222337,开,开,关,42°C,25%,0,11分钟
20211108222422,开,开,关,42°C,25%,0,10分钟
20211108222504,开,开,关,43°C,25%,0,9分钟
20211108222537,开,开,关,44°C,25%,0,8分钟
20211108222605,开,开,关,44°C,25%,0,7分钟
20211108222611,开,开,关,45°C,25%,0,7分钟
20211108222647,开,开,关,45°C,25%,0,6分钟
20211108222730,开,开,关,46°C,25%,0,5分钟
20211108222758,开,开,关,46°C,25%,0,4分钟
20211108222817,开,开,关,47°C,25%,0,4分钟
20211108222900,开,开,关,47°C,25%,0,3分钟
20211108222937,开,开,关,48°C,25%,0,2分钟
20211108222943,开,开,关,49°C,25%,0,1分钟
20211108222949,开,开,关,48°C,25%,0,2分钟
20211108223015,开,开,关,49°C,25%,0,1分钟
20211108223050,开,开,关,49°C,25%,0,0分钟
20211108223051,开,关,开,50°C,100%,0,0分钟
20211108223245,开,关,开,50°C,50%,0,0分钟
20211108223251,开,关,开,51°C,50%,0,0分钟
20211108223303,开,关,开,50°C,50%,0,0分钟
20211108223309,开,关,开,51°C,50%,0,0分钟
20211108223315,开,关,开,50°C,50%,0,0分钟
20211108223321,开,关,开,51°C,50%,0,0分钟
20211108223327,开,关,开,50°C,50%,0,0分钟
20211108223351,开,关,开,51°C,50%,0,0分钟
20211108223357,开,关,开,50°C,50%,0,0分钟
20211108223623,开,关,开,51°C,50%,0,0分钟
20211108223627,开,开,关,51°C,50%,47,0分钟
20211108223629,开,开,关,51°C,50%,48,0分钟
20211108223631,开,开,关,51°C,50%,50,0分钟
20211108223633,开,开,关,51°C,50%,47,0分钟
20211108223643,开,开,关,51°C,50%,42,0分钟
20211108223647,开,开,关,50°C,50%,65,0分钟
20211108223651,开,开,关,50°C,50%,45,0分钟
20211108223653,开,开,关,50°C,50%,46,0分钟
20211108223701,开,开,关,51°C,50%,45,0分钟
20211108223703,开,开,关,51°C,50%,46,0分钟
20211108223709,开,开,关,50°C,50%,43,0分钟
20211108223711,开,开,关,50°C,50%,46,0分钟
20211108223717,开,开,关,50°C,50%,45,0分钟
20211108223723,开,开,关,50°C,50%,45,0分钟
20211108223725,开,开,关,50°C,50%,48,0分钟
20211108223730,开,开,关,50°C,50%,45,0分钟
20211108223731,开,开,关,50°C,50%,45,0分钟
20211108223735,开,开,关,50°C,50%,43,0分钟
20211108223749,开,开,关,50°C,50%,25,0分钟
20211108223753,开,开,关,50°C,50%,23,0分钟
20211108223800,开,开,关,51°C,50%,23,0分钟
20211108223804,开,开,关,51°C,50%,22,0分钟
20211108223806,开,开,关,51°C,50%,23,0分钟
20211108223838,开,开,关,50°C,50%,23,0分钟
20211108223844,开,开,关,50°C,50%,22,0分钟
20211108223851,开,开,关,50°C,50%,22,0分钟
20211108223852,开,开,关,50°C,50%,23,0分钟
20211108223854,开,开,关,50°C,50%,22,0分钟
20211108223906,开,开,关,50°C,50%,23,0分钟
20211108223920,开,开,关,50°C,50%,27,0分钟
20211108223924,开,开,关,50°C,50%,26,0分钟
20211108223930,开,开,关,50°C,50%,27,0分钟
20211108223932,开,开,关,51°C,50%,26,0分钟
20211108223939,开,开,关,51°C,50%,27,0分钟
20211108223953,开,开,关,50°C,50%,27,0分钟
20211108223955,开,开,关,50°C,50%,26,0分钟
20211108224005,开,开,关,50°C,50%,27,0分钟
20211108224007,开,开,关,50°C,50%,26,0分钟
20211108224011,开,开,关,50°C,50%,27,0分钟
20211108224023,开,开,关,50°C,50%,27,0分钟
20211108224025,开,开,关,50°C,50%,26,0分钟
20211108224035,开,开,关,50°C,50%,26,0分钟
20211108224037,开,开,关,50°C,50%,27,0分钟
20211108224039,开,开,关,50°C,50%,26,0分钟
20211108224041,开,开,关,50°C,50%,27,0分钟
20211108224043,开,开,关,50°C,50%,26,0分钟
20211108224045,开,开,关,50°C,50%,27,0分钟
20211108224047,开,开,关,50°C,50%,26,0分钟
20211108224053,开,开,关,50°C,50%,26,0分钟
20211108224119,开,开,关,50°C,50%,27,0分钟
20211108224126,开,开,关,50°C,50%,26,0分钟
20211108224142,开,开,关,50°C,50%,26,0分钟
20211108224144,开,开,关,50°C,50%,25,0分钟
20211108224150,开,开,关,50°C,50%,26,0分钟
20211108224154,开,开,关,50°C,50%,25,0分钟
20211108224156,开,开,关,50°C,50%,26,0分钟
20211108224206,开,开,关,50°C,50%,25,0分钟
20211108224208,开,开,关,50°C,50%,26,0分钟
20211108224213,开,开,关,50°C,50%,26,0分钟
20211108224222,开,开,关,50°C,50%,25,0分钟
20211108224228,开,开,关,50°C,50%,26,0分钟
20211108224230,开,开,关,49°C,50%,25,1分钟
20211108224232,开,开,关,49°C,50%,26,1分钟
20211108224236,开,开,关,49°C,50%,25,1分钟
20211108224238,开,开,关,49°C,50%,26,1分钟
20211108224240,开,开,关,49°C,50%,25,1分钟
20211108224242,开,开,关,49°C,50%,26,1分钟
20211108224244,开,开,关,49°C,50%,25,1分钟
20211108224248,开,开,关,49°C,50%,26,1分钟
20211108224252,开,开,关,49°C,50%,25,1分钟
20211108224304,开,开,关,49°C,50%,25,0分钟
20211108224306,开,开,关,49°C,50%,26,0分钟
20211108224308,开,开,关,49°C,50%,25,0分钟
20211108224312,开,开,关,48°C,50%,25,2分钟
20211108224317,开,开,关,48°C,50%,26,2分钟
20211108224319,开,关,开,48°C,100%,0,0分钟
20211108224335,开,关,开,48°C,50%,0,0分钟
20211108224435,开,关,开,47°C,50%,0,0分钟
20211108224653,开,关,开,46°C,50%,0,0分钟
20211108224655,开,开,关,46°C,50%,36,5分钟
20211108224659,开,开,关,46°C,50%,58,5分钟
20211108224701,开,开,关,46°C,50%,57,5分钟
20211108224709,开,关,开,46°C,50%,0,0分钟
20211108224711,开,开,关,45°C,50%,0,7分钟
20211108224741,开,开,关,45°C,50%,0,6分钟
20211108224747,开,开,关,44°C,50%,0,8分钟
20211108224755,开,开,关,45°C,50%,0,7分钟
20211108224759,开,开,关,45°C,50%,0,6分钟
20211108224805,开,开,关,44°C,50%,0,8分钟
20211108224811,开,开,关,45°C,50%,0,7分钟
20211108224817,开,开,关,45°C,50%,0,6分钟
20211108224850,开,开,关,44°C,50%,0,8分钟
20211108224918,开,开,关,44°C,50%,0,7分钟
20211108224924,开,开,关,43°C,50%,0,9分钟
20211108224930,开,开,关,44°C,50%,0,8分钟
20211108225002,开,开,关,43°C,50%,0,9分钟
20211108225004,开,开,关,43°C,50%,10,9分钟
20211108225012,开,开,关,43°C,50%,0,9分钟
20211108225135,开,开,关,42°C,50%,0,11分钟
20211108225202,开,开,关,42°C,50%,0,9分钟
20211108225208,开,开,关,43°C,50%,0,9分钟
20211108225214,开,开,关,42°C,50%,0,11分钟
20211108225308,开,开,关,43°C,50%,0,9分钟
20211108225341,开,开,关,44°C,50%,0,8分钟
20211108225357,开,开,关,44°C,50%,0,7分钟
20211108225403,开,开,关,45°C,50%,0,7分钟
20211108225451,开,开,关,45°C,50%,0,6分钟
20211108225534,开,开,关,46°C,50%,0,5分钟
20211108225540,开,开,关,46°C,50%,0,4分钟
20211108225556,开,开,关,47°C,50%,0,4分钟
20211108225646,开,开,关,47°C,50%,0,3分钟
20211108225723,开,开,关,48°C,50%,0,2分钟
20211108225729,开,开,关,49°C,50%,0,1分钟
20211108225735,开,开,关,48°C,50%,0,2分钟
20211108225817,开,开,关,49°C,50%,0,0分钟
20211108225819,开,关,开,50°C,100%,0,0分钟
20211108230042,开,关,开,50°C,50%,0,0分钟
20211108230101,开,关,开,51°C,50%,0,0分钟
20211108230114,开,关,开,50°C,50%,0,0分钟
20211108230119,开,关,开,51°C,50%,0,0分钟
20211108230125,开,关,开,50°C,50%,0,0分钟
20211108230905,开,关,开,51°C,50%,0,0分钟
20211108230923,开,关,开,51°C,50%,0,0分钟
20211108230933,开,关,开,50°C,50%,0,0分钟
20211108231100,开,关,开,50°C,50%,0,0分钟
20211108231107,开,关,开,51°C,50%,0,0分钟
20211108231125,开,关,开,50°C,50%,0,0分钟
20211108231131,开,关,开,51°C,50%,0,0分钟
20211108231201,开,关,开,50°C,50%,0,0分钟
20211108231207,开,关,开,51°C,50%,0,0分钟
20211109010202,开,关,开,50°C,50%,0,0分钟
20211109010257,开,关,开,50°C,50%,0,0分钟
20211109010303,开,关,开,49°C,50%,0,0分钟
20211109010403,开,关,开,50°C,50%,0,0分钟
20211109010409,开,关,开,49°C,50%,0,0分钟
20211109010446,开,关,开,50°C,50%,0,0分钟
20211109010452,开,关,开,49°C,50%,0,0分钟
20211109010534,开,关,开,50°C,50%,0,0分钟
20211109010540,开,关,开,49°C,50%,0,0分钟
20211109010610,开,关,开,50°C,50%,0,0分钟
20211109010623,开,关,开,49°C,50%,0,0分钟
20211109010647,开,关,开,50°C,50%,0,0分钟
20211109010653,开,关,开,49°C,50%,0,0分钟
20211109010705,开,关,开,50°C,50%,0,0分钟
20211109010723,开,关,开,49°C,50%,0,0分钟
20211109010747,开,关,开,50°C,50%,0,0分钟
20211109010839,开,关,开,50°C,50%,0,0分钟
20211109010848,开,关,开,49°C,50%,0,0分钟
20211109010906,开,关,开,50°C,50%,0,0分钟
20211109010918,开,关,开,49°C,50%,0,0分钟
20211109010924,开,关,开,50°C,50%,0,0分钟
20211109010936,开,关,开,49°C,50%,0,0分钟
20211109010942,开,关,开,50°C,50%,0,0分钟
20211109010955,开,关,开,49°C,50%,0,0分钟
20211109011001,开,关,开,50°C,50%,0,0分钟
20211109011019,开,关,开,49°C,50%,0,0分钟
20211109011025,开,关,开,50°C,50%,0,0分钟
20211109011037,开,关,开,49°C,50%,0,0分钟
20211109011043,开,关,开,50°C,50%,0,0分钟
20211109011101,开,关,开,49°C,50%,0,0分钟
20211109011107,开,关,开,50°C,50%,0,0分钟
20211109011137,开,关,开,49°C,50%,0,0分钟
20211109011143,开,关,开,50°C,50%,0,0分钟
20211109011232,开,关,开,49°C,50%,0,0分钟
20211109011238,开,关,开,50°C,50%,0,0分钟
20211109011256,开,关,开,49°C,50%,0,0分钟
20211109011302,开,关,开,50°C,50%,0,0分钟
20211109011339,开,关,开,49°C,50%,0,0分钟
20211109011345,开,关,开,50°C,50%,0,0分钟
20211109022907,开,关,开,49°C,50%,0,0分钟
20211109023050,开,关,开,49°C,50%,0,0分钟
20211109023056,开,关,开,48°C,50%,0,0分钟
20211109023251,开,关,开,49°C,50%,0,0分钟
20211109023258,开,关,开,48°C,50%,0,0分钟
20211109023541,开,关,开,49°C,50%,0,0分钟
20211109023547,开,关,开,48°C,50%,0,0分钟
20211109023611,开,关,开,49°C,50%,0,0分钟
20211109023617,开,关,开,48°C,50%,0,0分钟
20211109023633,开,关,开,49°C,50%,0,0分钟
20211109023636,开,关,开,48°C,50%,0,0分钟
20211109023654,开,关,开,49°C,50%,0,0分钟
20211109023700,开,关,开,48°C,50%,0,0分钟
20211109023742,开,关,开,49°C,50%,0,0分钟
20211109023754,开,关,开,48°C,50%,0,0分钟
20211109023818,开,关,开,49°C,50%,0,0分钟
20211109023825,开,关,开,48°C,50%,0,0分钟
20211109023831,开,关,开,49°C,50%,0,0分钟
20211109023837,开,关,开,48°C,50%,0,0分钟
20211109023901,开,关,开,49°C,50%,0,0分钟
20211109023913,开,关,开,48°C,50%,0,0分钟
20211109023925,开,关,开,49°C,50%,0,0分钟
20211109023943,开,关,开,48°C,50%,0,0分钟
20211109023955,开,关,开,49°C,50%,0,0分钟
20211109024013,开,关,开,48°C,50%,0,0分钟
20211109024020,开,关,开,49°C,50%,0,0分钟
20211109024032,开,关,开,48°C,50%,0,0分钟
20211109024038,开,关,开,49°C,50%,0,0分钟
20211109024156,开,关,开,48°C,50%,0,0分钟
20211109024202,开,关,开,49°C,50%,0,0分钟
20211109024303,开,关,开,48°C,50%,0,0分钟
20211109024309,开,关,开,49°C,50%,0,0分钟
20211109024315,开,关,开,48°C,50%,0,0分钟
20211109024321,开,关,开,49°C,50%,0,0分钟
20211109024416,开,关,开,48°C,50%,0,0分钟
20211109024422,开,关,开,49°C,50%,0,0分钟
20211109024559,开,关,开,48°C,50%,0,0分钟
20211109024605,开,关,开,49°C,50%,0,0分钟
20211109024705,开,关,开,48°C,50%,0,0分钟
20211109024711,开,关,开,49°C,50%,0,0分钟
20211109042404,开,关,开,48°C,50%,0,0分钟
20211109042422,开,关,开,48°C,50%,0,0分钟
20211109042428,开,关,开,47°C,50%,0,0分钟
20211109042452,开,关,开,48°C,50%,0,0分钟
20211109042458,开,关,开,47°C,50%,0,0分钟
20211109042547,开,关,开,48°C,50%,0,0分钟
20211109042553,开,关,开,47°C,50%,0,0分钟
20211109042559,开,关,开,48°C,50%,0,0分钟
20211109042605,开,关,开,47°C,50%,0,0分钟
20211109042629,开,关,开,48°C,50%,0,0分钟
20211109042635,开,关,开,47°C,50%,0,0分钟
20211109042742,开,关,开,48°C,50%,0,0分钟
20211109042748,开,关,开,47°C,50%,0,0分钟
20211109042806,开,关,开,48°C,50%,0,0分钟
20211109042812,开,关,开,47°C,50%,0,0分钟
20211109042818,开,关,开,48°C,50%,0,0分钟
20211109042830,开,关,开,47°C,50%,0,0分钟
20211109042913,开,关,开,48°C,50%,0,0分钟
20211109042919,开,关,开,47°C,50%,0,0分钟
20211109042925,开,关,开,48°C,50%,0,0分钟
20211109042931,开,关,开,47°C,50%,0,0分钟
20211109043013,开,关,开,48°C,50%,0,0分钟
20211109043019,开,关,开,47°C,50%,0,0分钟
20211109043025,开,关,开,48°C,50%,0,0分钟
20211109043031,开,关,开,47°C,50%,0,0分钟
20211109043037,开,关,开,48°C,50%,0,0分钟
20211109043056,开,关,开,47°C,50%,0,0分钟
20211109043108,开,关,开,48°C,50%,0,0分钟
20211109043120,开,关,开,47°C,50%,0,0分钟
20211109043126,开,关,开,48°C,50%,0,0分钟
20211109043140,开,关,开,47°C,50%,0,0分钟
20211109043156,开,关,开,48°C,50%,0,0分钟
20211109043220,开,关,开,47°C,50%,0,0分钟
20211109043226,开,关,开,48°C,50%,0,0分钟
20211109043245,开,关,开,47°C,50%,0,0分钟
20211109043251,开,关,开,48°C,50%,0,0分钟
20211109043257,开,关,开,47°C,50%,0,0分钟
20211109043303,开,关,开,48°C,50%,0,0分钟
20211109043327,开,关,开,47°C,50%,0,0分钟
20211109043333,开,关,开,48°C,50%,0,0分钟
20211109043409,开,关,开,47°C,50%,0,0分钟
20211109043415,开,关,开,48°C,50%,0,0分钟
20211109043421,开,关,开,47°C,50%,0,0分钟
20211109043428,开,关,开,48°C,50%,0,0分钟
20211109043446,开,关,开,47°C,50%,0,0分钟
20211109043452,开,关,开,48°C,50%,0,0分钟
20211109043458,开,关,开,47°C,50%,0,0分钟
20211109043504,开,关,开,48°C,50%,0,0分钟
20211109043522,开,关,开,47°C,50%,0,0分钟
20211109043534,开,关,开,48°C,50%,0,0分钟
20211109073713,开,关,开,47°C,50%,0,0分钟
20211109073802,开,关,开,47°C,50%,0,0分钟
20211109073804,开,开,关,47°C,50%,25,4分钟
20211109073806,开,开,关,47°C,50%,21,4分钟
20211109073818,开,关,开,47°C,50%,0,0分钟
20211109073836,开,关,开,46°C,50%,0,0分钟
20211109073842,开,关,开,47°C,50%,0,0分钟
20211109073848,开,关,开,46°C,50%,0,0分钟
20211109073854,开,关,开,47°C,50%,0,0分钟
20211109073906,开,关,开,46°C,50%,0,0分钟
20211109073912,开,关,开,47°C,50%,0,0分钟
20211109073930,开,关,开,46°C,50%,0,0分钟
20211109073942,开,关,开,47°C,50%,0,0分钟
20211109074015,开,关,开,46°C,50%,0,0分钟
20211109074019,开,关,开,47°C,50%,0,0分钟
20211109074037,开,关,开,46°C,50%,0,0分钟
20211109074039,开,关,开,47°C,50%,8,0分钟
20211109074043,开,关,开,47°C,50%,0,0分钟
20211109074049,开,关,开,46°C,50%,0,0分钟
20211109074055,开,关,开,47°C,50%,0,0分钟
20211109074125,开,关,开,46°C,50%,0,0分钟
20211109074138,开,关,开,47°C,50%,0,0分钟
20211109074156,开,关,开,46°C,50%,0,0分钟
20211109074202,开,关,开,47°C,50%,0,0分钟
20211109074208,开,关,开,46°C,50%,0,0分钟
20211109074244,开,关,开,47°C,50%,0,0分钟
20211109074250,开,关,开,46°C,50%,0,0分钟
20211109074314,开,关,开,47°C,50%,0,0分钟
20211109074320,开,关,开,46°C,50%,0,0分钟
20211109074333,开,关,开,47°C,50%,0,0分钟
20211109074339,开,关,开,46°C,50%,0,0分钟
20211109074427,开,关,开,47°C,50%,0,0分钟
20211109074433,开,关,开,46°C,50%,0,0分钟
20211109074439,开,关,开,47°C,50%,0,0分钟
20211109074445,开,关,开,46°C,50%,0,0分钟
20211109074451,开,关,开,47°C,50%,0,0分钟
20211109074457,开,关,开,46°C,50%,0,0分钟
20211109074534,开,关,开,47°C,50%,0,0分钟
20211109074552,开,关,开,46°C,50%,0,0分钟
20211109074558,开,关,开,47°C,50%,0,0分钟
20211109074604,开,关,开,46°C,50%,0,0分钟
20211109074610,开,关,开,47°C,50%,0,0分钟
20211109074616,开,关,开,46°C,50%,0,0分钟
20211109074640,开,关,开,47°C,50%,0,0分钟
20211109074705,开,关,开,46°C,50%,0,0分钟
20211109074711,开,关,开,47°C,50%,0,0分钟
20211109074718,开,关,开,46°C,50%,0,0分钟
20211109074729,开,关,开,47°C,50%,0,0分钟
20211109074747,开,关,开,46°C,50%,0,0分钟
20211109074759,开,关,开,47°C,50%,0,0分钟
20211109074841,开,关,开,46°C,50%,0,0分钟
20211109074854,开,关,开,47°C,50%,0,0分钟
20211109074900,开,关,开,46°C,50%,0,0分钟
20211109074906,开,关,开,47°C,50%,0,0分钟
20211109074912,开,关,开,46°C,50%,0,0分钟
20211109074930,开,关,开,47°C,50%,0,0分钟
20211109074948,开,关,开,46°C,50%,0,0分钟
20211109074954,开,关,开,47°C,50%,0,0分钟
20211109075006,开,关,开,46°C,50%,0,0分钟
20211109075012,开,关,开,47°C,50%,0,0分钟
20211109075024,开,关,开,46°C,50%,0,0分钟
20211109075030,开,关,开,47°C,50%,0,0分钟
20211109075055,开,关,开,46°C,50%,0,0分钟
20211109075101,开,关,开,47°C,50%,0,0分钟
20211109075125,开,关,开,46°C,50%,0,0分钟
20211109075131,开,关,开,47°C,50%,0,0分钟
20211109075200,开,关,开,46°C,50%,8,0分钟
20211109085237,开,关,开,46°C,50%,0,0分钟
20211109090840,开,关,开,46°C,50%,0,0分钟
20211109100805,开,关,开,46°C,25%,0,0分钟
20211109111207,开,关,开,46°C,25%,0,0分钟
20211109111237,开,开,关,45°C,25%,0,6分钟
20211109111243,开,开,关,46°C,25%,0,5分钟
20211109111249,开,开,关,45°C,25%,0,7分钟
20211109111255,开,开,关,46°C,25%,0,5分钟
20211109111301,开,开,关,45°C,25%,0,7分钟
20211109111343,开,开,关,46°C,25%,0,5分钟
20211109111432,开,开,关,46°C,25%,0,4分钟
20211109111448,开,开,关,47°C,25%,0,4分钟
20211109111533,开,开,关,47°C,25%,0,3分钟
20211109111625,开,开,关,48°C,25%,0,2分钟
20211109111639,开,开,关,48°C,25%,0,1分钟
20211109111705,开,开,关,49°C,25%,0,1分钟
20211109111728,开,开,关,49°C,25%,0,0分钟
20211109111730,开,关,开,50°C,100%,0,0分钟
20211109125732,开,关,开,50°C,50%,0,0分钟
20211109133741,开,关,开,50°C,50%,0,0分钟
20211109134043,开,关,开,50°C,50%,0,0分钟
20211109134049,开,关,开,49°C,50%,0,0分钟
20211109134055,开,关,开,50°C,50%,0,0分钟
20211109134101,开,关,开,49°C,50%,0,0分钟
20211109134113,开,关,开,50°C,50%,0,0分钟
20211109134119,开,关,开,49°C,50%,0,0分钟
20211109134156,开,关,开,50°C,50%,0,0分钟
20211109134202,开,关,开,49°C,50%,0,0分钟
20211109134208,开,关,开,50°C,50%,0,0分钟
20211109134214,开,关,开,49°C,50%,0,0分钟
20211109134220,开,关,开,50°C,50%,0,0分钟
20211109134238,开,关,开,49°C,50%,0,0分钟
20211109134308,开,关,开,50°C,50%,0,0分钟
20211109134320,开,关,开,49°C,50%,0,0分钟
20211109134327,开,关,开,50°C,50%,0,0分钟
20211109134339,开,关,开,49°C,50%,0,0分钟
20211109134351,开,关,开,50°C,50%,0,0分钟
20211109134415,开,关,开,49°C,50%,0,0分钟
20211109134421,开,关,开,50°C,50%,0,0分钟
20211109134439,开,关,开,49°C,50%,0,0分钟
20211109134454,开,关,开,50°C,50%,0,0分钟
20211109134457,开,关,开,49°C,50%,0,0分钟
20211109134503,开,关,开,50°C,50%,0,0分钟
20211109134509,开,关,开,49°C,50%,0,0分钟
20211109134516,开,关,开,50°C,50%,0,0分钟
20211109134522,开,关,开,49°C,50%,0,0分钟
20211109134528,开,关,开,50°C,50%,0,0分钟
20211109134546,开,关,开,49°C,50%,0,0分钟
20211109134552,开,关,开,50°C,50%,0,0分钟
20211109134558,开,关,开,49°C,50%,0,0分钟
20211109134622,开,关,开,50°C,50%,0,0分钟
20211109134640,开,关,开,49°C,50%,0,0分钟
20211109134653,开,关,开,50°C,50%,0,0分钟
20211109134811,开,关,开,49°C,50%,0,0分钟
20211109134829,开,关,开,50°C,50%,0,0分钟
20211109134848,开,关,开,49°C,50%,0,0分钟
20211109134900,开,关,开,50°C,50%,0,0分钟
20211109134924,开,关,开,49°C,50%,0,0分钟
20211109134936,开,关,开,50°C,50%,0,0分钟
20211109135006,开,关,开,49°C,50%,0,0分钟
20211109135012,开,关,开,50°C,50%,0,0分钟
20211109154738,开,关,开,49°C,50%,0,0分钟
20211109154744,开,关,开,49°C,50%,0,0分钟
20211109154750,开,关,开,48°C,50%,0,0分钟
20211109154802,开,关,开,49°C,50%,0,0分钟
20211109154808,开,关,开,48°C,50%,0,0分钟
20211109154838,开,关,开,49°C,50%,0,0分钟
20211109154850,开,关,开,48°C,50%,0,0分钟
20211109154909,开,关,开,49°C,50%,0,0分钟
20211109154915,开,关,开,48°C,50%,0,0分钟
20211109154945,开,关,开,49°C,50%,0,0分钟
20211109154957,开,关,开,48°C,50%,0,0分钟
20211109155003,开,关,开,49°C,50%,0,0分钟
20211109155009,开,关,开,48°C,50%,0,0分钟
20211109155021,开,关,开,49°C,50%,0,0分钟
20211109155027,开,关,开,48°C,50%,0,0分钟
20211109155046,开,关,开,49°C,50%,0,0分钟
20211109155052,开,关,开,48°C,50%,0,0分钟
20211109155110,开,关,开,49°C,50%,0,0分钟
20211109155116,开,关,开,48°C,50%,0,0分钟
20211109155140,开,关,开,49°C,50%,0,0分钟
20211109155152,开,关,开,48°C,50%,0,0分钟
20211109155210,开,关,开,49°C,50%,0,0分钟
20211109155216,开,关,开,48°C,50%,0,0分钟
20211109155222,开,关,开,49°C,50%,0,0分钟
20211109155235,开,关,开,48°C,50%,0,0分钟
20211109155241,开,关,开,49°C,50%,0,0分钟
20211109155247,开,关,开,48°C,50%,0,0分钟
20211109155305,开,关,开,49°C,50%,0,0分钟
20211109155317,开,关,开,48°C,50%,0,0分钟
20211109155323,开,关,开,49°C,50%,0,0分钟
20211109155335,开,关,开,48°C,50%,0,0分钟
20211109155341,开,关,开,49°C,50%,0,0分钟
20211109155359,开,关,开,48°C,50%,0,0分钟
20211109155412,开,关,开,49°C,50%,0,0分钟
20211109155448,开,关,开,48°C,50%,0,0分钟
20211109155454,开,关,开,49°C,50%,0,0分钟
20211109155518,开,关,开,48°C,50%,0,0分钟
20211109155536,开,关,开,49°C,50%,0,0分钟
20211109155613,开,关,开,48°C,50%,0,0分钟
20211109155619,开,关,开,49°C,50%,0,0分钟
20211109155625,开,关,开,48°C,50%,0,0分钟
20211109155631,开,关,开,49°C,50%,0,0分钟
20211109155701,开,关,开,48°C,50%,0,0分钟
20211109155707,开,关,开,49°C,50%,0,0分钟
20211109155737,开,关,开,48°C,50%,0,0分钟
20211109155744,开,关,开,49°C,50%,0,0分钟
20211109155808,开,关,开,48°C,50%,0,0分钟
20211109155814,开,关,开,49°C,50%,0,0分钟
20211109155826,开,关,开,48°C,50%,0,0分钟
20211109155832,开,关,开,49°C,50%,0,0分钟
20211109155838,开,关,开,48°C,50%,0,0分钟
20211109155844,开,关,开,49°C,50%,0,0分钟
20211109155939,开,关,开,48°C,50%,0,0分钟
20211109155945,开,关,开,49°C,50%,0,0分钟
20211109155951,开,关,开,48°C,50%,0,0分钟
20211109155957,开,关,开,49°C,50%,0,0分钟
20211109160115,开,关,开,48°C,50%,0,0分钟
20211109160122,开,关,开,49°C,50%,0,0分钟
20211109160128,开,关,开,48°C,50%,0,0分钟
20211109160134,开,关,开,49°C,50%,0,0分钟
20211109160140,开,关,开,48°C,50%,0,0分钟
20211109160145,开,关,开,48°C,50%,0,0分钟
20211109174042,开,关,开,48°C,50%,0,0分钟
20211109174130,开,关,开,48°C,50%,0,0分钟
20211109174136,开,关,开,47°C,50%,0,0分钟
20211109174313,开,关,开,48°C,50%,0,0分钟
20211109174319,开,关,开,47°C,50%,0,0分钟
20211109174432,开,关,开,48°C,50%,0,0分钟
20211109174440,开,关,开,47°C,50%,0,0分钟
20211109174615,开,关,开,48°C,50%,0,0分钟
20211109174621,开,关,开,47°C,50%,0,0分钟
20211109174633,开,关,开,48°C,50%,0,0分钟
20211109174639,开,关,开,47°C,50%,0,0分钟
20211109174703,开,关,开,48°C,50%,0,0分钟
20211109174709,开,关,开,47°C,50%,0,0分钟
20211109174752,开,关,开,48°C,50%,0,0分钟
20211109174758,开,关,开,47°C,50%,0,0分钟
20211109174935,开,关,开,48°C,50%,0,0分钟
20211109174941,开,关,开,47°C,50%,0,0分钟
20211109174959,开,关,开,48°C,50%,0,0分钟
20211109175005,开,关,开,47°C,50%,0,0分钟
20211109175224,开,关,开,48°C,50%,0,0分钟
20211109175230,开,关,开,47°C,50%,0,0分钟
20211109175248,开,关,开,48°C,50%,0,0分钟
20211109175319,开,关,开,47°C,50%,0,0分钟
20211109175325,开,关,开,47°C,50%,0,0分钟
20211109175331,开,关,开,48°C,50%,0,0分钟
20211109175337,开,关,开,47°C,50%,0,0分钟
20211109175349,开,关,开,48°C,50%,0,0分钟
20211109175355,开,关,开,47°C,50%,0,0分钟
20211109175443,开,关,开,48°C,50%,0,0分钟
20211109175449,开,关,开,48°C,50%,0,0分钟
20211109175502,开,关,开,47°C,50%,0,0分钟
20211109175514,开,关,开,48°C,50%,0,0分钟
20211109175532,开,关,开,47°C,50%,0,0分钟
20211109175550,开,关,开,48°C,50%,0,0分钟
20211109175556,开,关,开,47°C,50%,0,0分钟
20211109175608,开,关,开,48°C,50%,0,0分钟
20211109175614,开,关,开,47°C,50%,0,0分钟
20211109175626,开,关,开,48°C,50%,0,0分钟
20211109175632,开,关,开,47°C,50%,0,0分钟
20211109175638,开,关,开,48°C,50%,0,0分钟
20211109175651,开,关,开,47°C,50%,0,0分钟
20211109175657,开,关,开,48°C,50%,0,0分钟
20211109175715,开,关,开,47°C,50%,0,0分钟
20211109175727,开,关,开,48°C,50%,0,0分钟
20211109175733,开,关,开,47°C,50%,0,0分钟
20211109175745,开,关,开,48°C,50%,0,0分钟
20211109175803,开,关,开,47°C,50%,0,0分钟
20211109175815,开,关,开,48°C,50%,0,0分钟
20211109175821,开,关,开,47°C,50%,0,0分钟
20211109175834,开,关,开,48°C,50%,0,0分钟
20211109175840,开,关,开,47°C,50%,0,0分钟
20211109175852,开,关,开,48°C,50%,0,0分钟
20211109175858,开,关,开,47°C,50%,0,0分钟
20211109175910,开,关,开,48°C,50%,0,0分钟
20211109175928,开,关,开,47°C,50%,0,0分钟
20211109175934,开,关,开,47°C,50%,0,0分钟
20211109175940,开,关,开,48°C,50%,0,0分钟
20211109175958,开,关,开,47°C,50%,0,0分钟
20211109180010,开,关,开,48°C,50%,0,0分钟
20211109180016,开,关,开,47°C,50%,0,0分钟
20211109180023,开,关,开,48°C,50%,0,0分钟
20211109180029,开,关,开,47°C,50%,0,0分钟
20211109180041,开,关,开,48°C,50%,0,0分钟
20211109180047,开,关,开,47°C,50%,0,0分钟
20211109180059,开,关,开,48°C,50%,0,0分钟
20211109180107,开,关,开,47°C,50%,0,0分钟
20211109180111,开,关,开,48°C,50%,0,0分钟
20211109180123,开,关,开,47°C,50%,0,0分钟
20211109180129,开,关,开,48°C,50%,0,0分钟
20211109180147,开,关,开,47°C,50%,0,0分钟
20211109180159,开,关,开,48°C,50%,0,0分钟
20211109180218,开,关,开,47°C,50%,0,0分钟
20211109180230,开,关,开,48°C,50%,0,0分钟
20211109180242,开,关,开,47°C,50%,0,0分钟
20211109180254,开,关,开,48°C,50%,0,0分钟
20211109180330,开,关,开,47°C,50%,0,0分钟
20211109180336,开,关,开,48°C,50%,0,0分钟
20211109180342,开,关,开,47°C,50%,0,0分钟
20211109180348,开,关,开,48°C,50%,0,0分钟
20211109180419,开,关,开,47°C,50%,0,0分钟
20211109180425,开,关,开,48°C,50%,0,0分钟
20211109180437,开,关,开,47°C,50%,0,0分钟
20211109180443,开,关,开,48°C,50%,0,0分钟
20211109180449,开,关,开,47°C,50%,0,0分钟
20211109180455,开,关,开,48°C,50%,0,0分钟
20211109180501,开,关,开,47°C,50%,0,0分钟
20211109180507,开,关,开,48°C,50%,0,0分钟
20211109180519,开,关,开,47°C,50%,0,0分钟
20211109180525,开,关,开,48°C,50%,0,0分钟
20211109180531,开,关,开,47°C,50%,0,0分钟
20211109180543,开,关,开,48°C,50%,0,0分钟
20211109180556,开,关,开,47°C,50%,0,0分钟
20211109180602,开,关,开,48°C,50%,0,0分钟
20211109180614,开,关,开,47°C,50%,0,0分钟
20211109180620,开,关,开,48°C,50%,0,0分钟
20211109180650,开,关,开,47°C,50%,0,0分钟
20211109180656,开,关,开,48°C,50%,0,0分钟
20211109180702,开,关,开,47°C,50%,0,0分钟
20211109180708,开,关,开,48°C,50%,0,0分钟
20211109180821,开,关,开,47°C,50%,0,0分钟
20211109180827,开,关,开,48°C,50%,0,0分钟
20211109180845,开,关,开,47°C,50%,0,0分钟
20211109180857,开,关,开,48°C,50%,0,0分钟
20211109180934,开,关,开,47°C,50%,0,0分钟
20211109180940,开,关,开,48°C,50%,0,0分钟
20211109192335,开,关,开,47°C,50%,0,0分钟
20211109210620,开,关,开,47°C,50%,0,0分钟
20211109210624,开,开,关,47°C,50%,61,4分钟
20211109210637,开,开,关,46°C,50%,61,5分钟
20211109210639,开,开,关,47°C,50%,62,4分钟
20211109210644,开,开,关,47°C,50%,62,4分钟
20211109210645,开,开,关,46°C,50%,61,5分钟
20211109210649,开,开,关,46°C,50%,62,5分钟
20211109210655,开,开,关,47°C,50%,62,4分钟
20211109210701,开,开,关,47°C,50%,63,4分钟
20211109210703,开,开,关,46°C,50%,62,5分钟
20211109210705,开,开,关,46°C,50%,63,5分钟
20211109210709,开,开,关,46°C,50%,62,5分钟
20211109210711,开,开,关,46°C,50%,63,5分钟
20211109210713,开,开,关,46°C,50%,62,5分钟
20211109210719,开,开,关,46°C,50%,63,5分钟
20211109210721,开,开,关,46°C,50%,62,5分钟
20211109210723,开,开,关,46°C,50%,63,5分钟
20211109210727,开,开,关,46°C,50%,62,5分钟
20211109210729,开,开,关,46°C,50%,61,5分钟
20211109210733,开,开,关,46°C,50%,63,5分钟
20211109210735,开,开,关,46°C,50%,61,5分钟
20211109210743,开,开,关,46°C,50%,62,5分钟
20211109210747,开,开,关,46°C,50%,62,4分钟
20211109210749,开,开,关,46°C,50%,63,4分钟
20211109210751,开,开,关,46°C,25%,62,4分钟
20211109210753,开,开,关,46°C,25%,63,4分钟
20211109210755,开,开,关,46°C,25%,62,4分钟
20211109210759,开,开,关,46°C,25%,61,4分钟
20211109210803,开,开,关,46°C,25%,62,4分钟
20211109210805,开,开,关,46°C,25%,63,4分钟
20211109210807,开,开,关,46°C,25%,62,4分钟
20211109210811,开,开,关,46°C,25%,63,4分钟
20211109210820,开,开,关,46°C,25%,62,4分钟
20211109210822,开,开,关,46°C,25%,36,4分钟
20211109210832,开,关,开,46°C,50%,0,0分钟
20211109212328,开,关,开,46°C,25%,0,0分钟
20211109212334,开,开,关,45°C,25%,0,7分钟
20211109212429,开,开,关,45°C,25%,0,6分钟
20211109212435,开,开,关,46°C,25%,0,5分钟
20211109212441,开,开,关,45°C,25%,0,7分钟
20211109212541,开,开,关,45°C,25%,0,6分钟
20211109212642,开,开,关,45°C,25%,0,5分钟
20211109212712,开,开,关,45°C,25%,0,4分钟
20211109212718,开,开,关,46°C,25%,0,5分钟
20211109212724,开,开,关,45°C,25%,0,7分钟
20211109212807,开,开,关,46°C,25%,0,5分钟
20211109212855,开,开,关,46°C,25%,0,4分钟
20211109212911,开,开,关,47°C,25%,0,4分钟
20211109213014,开,开,关,47°C,25%,0,3分钟
20211109213015,开,开,关,47°C,25%,0,2分钟
20211109213106,开,开,关,48°C,25%,0,2分钟
20211109213115,开,开,关,48°C,25%,0,1分钟
20211109213141,开,开,关,49°C,25%,0,1分钟
20211109213215,开,开,关,49°C,25%,0,0分钟
20211109213217,开,关,开,50°C,100%,0,0分钟
20211109213446,开,关,开,50°C,50%,0,0分钟
20211109213456,开,关,开,51°C,50%,0,0分钟
20211109213511,开,关,开,50°C,50%,0,0分钟
20211109213517,开,关,开,51°C,50%,0,0分钟
20211109213523,开,关,开,50°C,50%,0,0分钟
20211109214458,开,关,开,51°C,50%,0,0分钟
20211109214504,开,关,开,50°C,50%,0,0分钟
20211109214553,开,关,开,51°C,50%,0,0分钟
20211109214629,开,关,开,50°C,50%,0,0分钟
20211109214635,开,关,开,51°C,50%,0,0分钟
20211109214641,开,关,开,50°C,50%,0,0分钟
20211109214647,开,关,开,51°C,50%,0,0分钟
20211109214706,开,关,开,50°C,50%,0,0分钟
20211109214724,开,关,开,51°C,50%,0,0分钟
20211109214736,开,关,开,50°C,50%,0,0分钟
20211109214742,开,关,开,51°C,50%,0,0分钟
20211109214806,开,关,开,50°C,50%,0,0分钟
20211109214818,开,关,开,51°C,50%,0,0分钟
20211109232620,开,关,开,50°C,50%,0,0分钟
20211109232839,开,关,开,50°C,50%,0,0分钟
20211109232845,开,关,开,49°C,50%,0,0分钟
20211109232958,开,关,开,50°C,50%,0,0分钟
20211109233010,开,关,开,49°C,50%,0,0分钟
20211109233040,开,关,开,50°C,50%,0,0分钟
20211109233046,开,关,开,49°C,50%,0,0分钟
20211109233110,开,关,开,50°C,50%,0,0分钟
20211109233116,开,关,开,49°C,50%,0,0分钟
20211109233128,开,关,开,50°C,50%,0,0分钟
20211109233134,开,关,开,49°C,50%,0,0分钟
20211109233141,开,关,开,50°C,50%,0,0分钟
20211109233147,开,关,开,49°C,50%,0,0分钟
20211109233211,开,关,开,50°C,50%,0,0分钟
20211109233217,开,关,开,49°C,50%,0,0分钟
20211109233253,开,关,开,50°C,50%,0,0分钟
20211109233311,开,关,开,50°C,50%,0,0分钟
20211109233323,开,关,开,49°C,50%,0,0分钟
20211109233330,开,关,开,50°C,50%,0,0分钟
20211109233336,开,关,开,49°C,50%,0,0分钟
20211109233342,开,关,开,50°C,50%,0,0分钟
20211109233412,开,关,开,49°C,50%,0,0分钟
20211109233424,开,关,开,50°C,50%,0,0分钟
20211109233555,开,关,开,49°C,50%,0,0分钟
20211109233607,开,关,开,50°C,50%,0,0分钟
20211110004114,开,关,开,49°C,50%,0,0分钟
20211110004641,开,关,开,49°C,50%,0,0分钟
20211110004647,开,关,开,48°C,50%,0,0分钟
20211110004705,开,关,开,49°C,50%,0,0分钟
20211110004717,开,关,开,48°C,50%,0,0分钟
20211110004742,开,关,开,49°C,50%,0,0分钟
20211110004800,开,关,开,48°C,50%,0,0分钟
20211110004806,开,关,开,49°C,50%,0,0分钟
20211110004812,开,关,开,48°C,50%,0,0分钟
20211110004824,开,关,开,49°C,50%,0,0分钟
20211110004830,开,关,开,48°C,50%,0,0分钟
20211110004836,开,关,开,49°C,50%,0,0分钟
20211110004842,开,关,开,48°C,50%,0,0分钟
20211110004848,开,关,开,49°C,50%,0,0分钟
20211110004854,开,关,开,48°C,50%,0,0分钟
20211110004906,开,关,开,49°C,50%,0,0分钟
20211110004912,开,关,开,48°C,50%,0,0分钟
20211110004918,开,关,开,49°C,50%,0,0分钟
20211110004925,开,关,开,48°C,50%,0,0分钟
20211110004931,开,关,开,49°C,50%,0,0分钟
20211110004937,开,关,开,48°C,50%,0,0分钟
20211110004949,开,关,开,49°C,50%,0,0分钟
20211110004959,开,关,开,48°C,50%,0,0分钟
20211110005001,开,关,开,49°C,50%,0,0分钟
20211110005019,开,关,开,48°C,50%,0,0分钟
20211110005025,开,关,开,49°C,50%,0,0分钟
20211110005101,开,关,开,48°C,50%,0,0分钟
20211110005126,开,关,开,49°C,50%,0,0分钟
20211110005132,开,关,开,48°C,50%,0,0分钟
20211110005144,开,关,开,49°C,50%,0,0分钟
20211110005208,开,关,开,48°C,50%,0,0分钟
20211110005214,开,关,开,49°C,50%,0,0分钟
20211110005238,开,关,开,48°C,50%,0,0分钟
20211110005244,开,关,开,49°C,50%,0,0分钟
20211110005256,开,关,开,48°C,50%,0,0分钟
20211110005315,开,关,开,49°C,50%,0,0分钟
20211110005333,开,关,开,48°C,50%,0,0分钟
20211110005339,开,关,开,49°C,50%,0,0分钟
20211110005427,开,关,开,48°C,50%,0,0分钟
20211110005433,开,关,开,49°C,50%,0,0分钟
20211110005458,开,关,开,48°C,50%,0,0分钟
20211110005504,开,关,开,49°C,50%,0,0分钟
20211110022601,开,关,开,48°C,50%,0,0分钟
20211110022607,开,关,开,48°C,50%,0,0分钟
20211110022613,开,关,开,47°C,50%,0,0分钟
20211110022625,开,关,开,48°C,50%,0,0分钟
20211110022631,开,关,开,47°C,50%,0,0分钟
20211110022820,开,关,开,48°C,50%,0,0分钟
20211110022826,开,关,开,47°C,50%,0,0分钟
20211110022851,开,关,开,48°C,50%,0,0分钟
20211110022857,开,关,开,47°C,50%,0,0分钟
20211110022903,开,关,开,48°C,50%,0,0分钟
20211110022909,开,关,开,47°C,50%,0,0分钟
20211110022939,开,关,开,48°C,50%,0,0分钟
20211110022951,开,关,开,47°C,50%,0,0分钟
20211110023003,开,关,开,48°C,50%,0,0分钟
20211110023015,开,关,开,47°C,50%,0,0分钟
20211110023021,开,关,开,48°C,50%,0,0分钟
20211110023027,开,关,开,47°C,50%,0,0分钟
20211110023046,开,关,开,48°C,50%,0,0分钟
20211110023052,开,关,开,47°C,50%,0,0分钟
20211110023110,开,关,开,48°C,50%,0,0分钟
20211110023116,开,关,开,47°C,50%,0,0分钟
20211110023122,开,关,开,48°C,50%,0,0分钟
20211110023128,开,关,开,47°C,50%,0,0分钟
20211110023158,开,关,开,48°C,50%,0,0分钟
20211110023204,开,关,开,47°C,50%,0,0分钟
20211110023210,开,关,开,48°C,50%,0,0分钟
20211110023216,开,关,开,47°C,50%,0,0分钟
20211110023223,开,关,开,48°C,50%,0,0分钟
20211110023229,开,关,开,47°C,50%,0,0分钟
20211110023241,开,关,开,48°C,50%,0,0分钟
20211110023253,开,关,开,47°C,50%,0,0分钟
20211110023305,开,关,开,48°C,50%,0,0分钟
20211110023317,开,关,开,47°C,50%,0,0分钟
20211110023323,开,关,开,48°C,50%,0,0分钟
20211110023335,开,关,开,47°C,50%,0,0分钟
20211110023341,开,关,开,48°C,50%,0,0分钟
20211110023358,开,关,开,47°C,50%,0,0分钟
20211110023359,开,关,开,48°C,50%,0,0分钟
20211110023418,开,关,开,47°C,50%,0,0分钟
20211110023436,开,关,开,48°C,50%,0,0分钟
20211110023442,开,关,开,47°C,50%,0,0分钟
20211110023448,开,关,开,48°C,50%,0,0分钟
20211110023454,开,关,开,47°C,50%,0,0分钟
20211110023506,开,关,开,48°C,50%,0,0分钟
20211110023512,开,关,开,47°C,50%,0,0分钟
20211110023518,开,关,开,48°C,50%,0,0分钟
20211110023524,开,关,开,47°C,50%,0,0分钟
20211110023530,开,关,开,48°C,50%,0,0分钟
20211110023548,开,关,开,47°C,50%,0,0分钟
20211110023555,开,关,开,48°C,50%,0,0分钟
20211110023631,开,关,开,47°C,50%,0,0分钟
20211110023637,开,关,开,48°C,50%,0,0分钟
20211110023649,开,关,开,47°C,50%,0,0分钟
20211110023701,开,关,开,48°C,50%,0,0分钟
20211110023725,开,关,开,47°C,50%,0,0分钟
20211110023731,开,关,开,48°C,50%,0,0分钟
20211110023808,开,关,开,47°C,50%,0,0分钟
20211110023814,开,关,开,48°C,50%,0,0分钟
20211110023939,开,关,开,47°C,50%,0,0分钟
20211110023945,开,关,开,48°C,50%,0,0分钟
20211110055020,开,关,开,47°C,50%,0,0分钟
20211110055026,开,关,开,47°C,50%,0,0分钟
20211110055032,开,关,开,46°C,50%,0,0分钟
20211110055044,开,关,开,47°C,50%,0,0分钟
20211110055050,开,关,开,46°C,50%,0,0分钟
20211110055108,开,关,开,47°C,50%,0,0分钟
20211110055114,开,关,开,46°C,50%,0,0分钟
20211110055257,开,关,开,47°C,50%,0,0分钟
20211110055303,开,关,开,46°C,50%,0,0分钟
20211110055315,开,关,开,47°C,50%,0,0分钟
20211110055321,开,关,开,46°C,50%,0,0分钟
20211110055327,开,关,开,47°C,50%,0,0分钟
20211110055340,开,关,开,46°C,50%,0,0分钟
20211110055346,开,关,开,47°C,50%,0,0分钟
20211110055352,开,关,开,46°C,50%,0,0分钟
20211110055458,开,关,开,47°C,50%,0,0分钟
20211110055517,开,关,开,46°C,50%,0,0分钟
20211110055535,开,关,开,47°C,50%,0,0分钟
20211110055547,开,关,开,46°C,50%,0,0分钟
20211110055601,开,关,开,47°C,50%,0,0分钟
20211110055605,开,关,开,46°C,50%,0,0分钟
20211110055611,开,关,开,47°C,50%,0,0分钟
20211110055617,开,关,开,46°C,50%,0,0分钟
20211110055647,开,关,开,47°C,50%,0,0分钟
20211110055659,开,关,开,46°C,50%,0,0分钟
20211110055712,开,关,开,47°C,50%,0,0分钟
20211110055718,开,关,开,46°C,50%,0,0分钟
20211110055724,开,关,开,47°C,50%,0,0分钟
20211110055736,开,关,开,46°C,50%,0,0分钟
20211110055742,开,关,开,47°C,50%,0,0分钟
20211110055754,开,关,开,46°C,50%,0,0分钟
20211110055822,开,关,开,47°C,50%,0,0分钟
20211110055842,开,关,开,46°C,50%,0,0分钟
20211110055901,开,关,开,46°C,50%,0,0分钟
20211110055907,开,关,开,47°C,50%,0,0分钟
20211110055919,开,关,开,46°C,50%,0,0分钟
20211110055925,开,关,开,47°C,50%,0,0分钟
20211110055931,开,关,开,46°C,50%,0,0分钟
20211110055937,开,关,开,47°C,50%,0,0分钟
20211110055949,开,关,开,46°C,50%,0,0分钟
20211110060001,开,关,开,47°C,50%,0,0分钟
20211110060044,开,关,开,46°C,50%,0,0分钟
20211110060102,开,关,开,47°C,50%,0,0分钟
20211110060120,开,关,开,46°C,50%,0,0分钟
20211110060126,开,关,开,47°C,50%,0,0分钟
20211110060220,开,关,开,46°C,50%,0,0分钟
20211110060233,开,关,开,47°C,50%,0,0分钟
20211110060309,开,关,开,46°C,50%,0,0分钟
20211110060428,开,关,开,46°C,50%,0,0分钟
20211110060440,开,关,开,47°C,50%,0,0分钟
20211110060446,开,关,开,46°C,50%,0,0分钟
20211110060452,开,关,开,47°C,50%,0,0分钟
20211110060504,开,关,开,46°C,50%,0,0分钟
20211110060516,开,关,开,47°C,50%,0,0分钟
20211110060641,开,关,开,46°C,50%,0,0分钟
20211110060647,开,关,开,47°C,50%,0,0分钟
20211110065657,开,关,开,46°C,50%,0,0分钟
20211110070434,开,关,开,46°C,25%,0,0分钟
20211110070436,开,关,开,46°C,25%,8,0分钟
20211110090917,开,关,开,46°C,25%,0,0分钟
20211110090919,开,开,关,46°C,25%,26,5分钟
20211110090921,开,开,关,46°C,25%,25,5分钟
20211110090943,开,关,开,46°C,25%,0,0分钟
20211110090949,开,开,关,45°C,25%,0,7分钟
20211110091032,开,开,关,46°C,25%,0,5分钟
20211110091132,开,开,关,46°C,25%,0,4分钟
20211110091144,开,开,关,46°C,25%,0,3分钟
20211110091150,开,开,关,47°C,25%,0,4分钟
20211110091156,开,开,关,46°C,25%,0,5分钟
20211110091212,开,开,关,47°C,25%,0,4分钟
20211110091303,开,开,关,47°C,25%,0,3分钟
20211110091309,开,开,关,48°C,25%,0,2分钟
20211110091315,开,开,关,47°C,25%,0,4分钟
20211110091351,开,开,关,48°C,25%,0,2分钟
20211110091357,开,开,关,49°C,25%,0,1分钟
20211110091404,开,开,关,48°C,25%,0,2分钟
20211110091430,开,开,关,49°C,25%,0,1分钟
20211110091452,开,开,关,49°C,25%,0,0分钟
20211110091454,开,关,开,50°C,100%,0,0分钟
20211110105519,开,关,开,50°C,50%,0,0分钟
20211110105815,开,关,开,50°C,50%,0,0分钟
20211110105821,开,关,开,49°C,50%,0,0分钟
20211110105827,开,关,开,50°C,50%,0,0分钟
20211110105839,开,关,开,49°C,50%,0,0分钟
20211110110111,开,关,开,50°C,50%,0,0分钟
20211110110117,开,关,开,49°C,50%,0,0分钟
20211110110147,开,关,开,50°C,50%,0,0分钟
20211110110153,开,关,开,49°C,50%,0,0分钟
20211110110155,开,关,开,50°C,50%,0,0分钟
20211110110157,开,关,开,50°C,50%,18,0分钟
20211110110159,开,开,关,50°C,50%,18,0分钟
20211110110300,开,关,开,50°C,50%,0,0分钟
20211110110318,开,关,开,49°C,50%,0,0分钟
20211110110336,开,关,开,50°C,50%,0,0分钟
20211110110354,开,关,开,49°C,50%,0,0分钟
20211110110400,开,关,开,50°C,50%,0,0分钟
20211110110418,开,关,开,49°C,50%,0,0分钟
20211110110424,开,关,开,50°C,50%,0,0分钟
20211110110455,开,关,开,49°C,50%,0,0分钟
20211110110501,开,关,开,50°C,50%,0,0分钟
20211110110507,开,关,开,49°C,50%,0,0分钟
20211110110531,开,关,开,50°C,50%,0,0分钟
20211110110537,开,关,开,49°C,50%,0,0分钟
20211110110610,开,关,开,50°C,50%,0,0分钟
20211110110613,开,关,开,49°C,50%,0,0分钟
20211110110638,开,关,开,50°C,50%,0,0分钟
20211110110656,开,关,开,49°C,50%,0,0分钟
20211110110702,开,关,开,50°C,50%,0,0分钟
20211110110714,开,关,开,49°C,50%,0,0分钟
20211110110726,开,关,开,50°C,50%,0,0分钟
20211110110744,开,关,开,49°C,50%,0,0分钟
20211110110756,开,关,开,50°C,50%,0,0分钟
20211110110802,开,关,开,49°C,50%,0,0分钟
20211110110815,开,关,开,50°C,50%,0,0分钟
20211110110831,开,关,开,49°C,50%,0,0分钟
20211110110833,开,关,开,50°C,50%,0,0分钟
20211110110845,开,关,开,49°C,50%,0,0分钟
20211110110857,开,关,开,50°C,50%,0,0分钟
20211110110909,开,关,开,49°C,50%,0,0分钟
20211110110915,开,关,开,50°C,50%,0,0分钟
20211110110951,开,关,开,49°C,50%,0,0分钟
20211110110958,开,关,开,50°C,50%,0,0分钟
20211110111010,开,关,开,49°C,50%,0,0分钟
20211110111016,开,关,开,49°C,50%,0,0分钟
20211110111022,开,关,开,50°C,50%,0,0分钟
20211110111052,开,关,开,49°C,50%,0,0分钟
20211110111058,开,关,开,50°C,50%,0,0分钟
20211110111110,开,关,开,49°C,50%,0,0分钟
20211110111116,开,关,开,50°C,50%,0,0分钟
20211110111128,开,关,开,49°C,50%,0,0分钟
20211110111134,开,关,开,50°C,50%,0,0分钟
20211110111205,开,关,开,49°C,50%,0,0分钟
20211110111223,开,关,开,50°C,50%,0,0分钟
20211110111247,开,关,开,49°C,50%,0,0分钟
20211110111253,开,关,开,50°C,50%,0,0分钟
20211110112542,开,关,开,49°C,50%,0,0分钟
20211110123703,开,关,开,49°C,50%,0,0分钟
20211110123711,开,关,开,49°C,50%,18,0分钟
20211110123715,开,开,关,49°C,50%,20,1分钟
20211110123721,开,关,开,50°C,50%,0,0分钟
20211110123725,开,开,关,49°C,50%,22,1分钟
20211110123753,开,关,开,50°C,50%,0,0分钟
20211110123759,开,关,开,48°C,50%,0,0分钟
20211110123824,开,关,开,50°C,50%,0,0分钟
20211110123836,开,关,开,49°C,50%,0,0分钟
20211110123842,开,关,开,48°C,50%,0,0分钟
20211110123848,开,关,开,49°C,50%,0,0分钟
20211110123900,开,关,开,48°C,50%,0,0分钟
20211110124010,开,关,开,49°C,50%,0,0分钟
20211110124025,开,关,开,48°C,50%,0,0分钟
20211110125149,开,关,开,49°C,50%,0,0分钟
20211110125326,开,关,开,49°C,50%,0,0分钟
20211110125332,开,关,开,48°C,50%,0,0分钟
20211110125451,开,关,开,49°C,50%,0,0分钟
20211110125503,开,关,开,48°C,50%,0,0分钟
20211110125622,开,关,开,49°C,50%,0,0分钟
20211110125628,开,关,开,48°C,50%,0,0分钟
20211110125652,开,关,开,49°C,50%,0,0分钟
20211110125658,开,关,开,48°C,50%,0,0分钟
20211110125710,开,关,开,49°C,50%,0,0分钟
20211110125728,开,关,开,48°C,50%,0,0分钟
20211110125735,开,关,开,49°C,50%,0,0分钟
20211110125741,开,关,开,48°C,50%,0,0分钟
20211110125747,开,关,开,49°C,50%,0,0分钟
20211110125759,开,关,开,48°C,50%,0,0分钟
20211110125811,开,关,开,49°C,50%,0,0分钟
20211110125817,开,关,开,48°C,50%,0,0分钟
20211110125835,开,关,开,49°C,50%,0,0分钟
20211110125847,开,关,开,48°C,50%,0,0分钟
20211110125859,开,关,开,49°C,50%,0,0分钟
20211110125911,开,关,开,48°C,50%,0,0分钟
20211110125936,开,关,开,49°C,50%,0,0分钟
20211110125954,开,关,开,48°C,50%,0,0分钟
20211110130000,开,关,开,49°C,50%,0,0分钟
20211110130012,开,关,开,48°C,50%,0,0分钟
20211110130018,开,关,开,49°C,50%,0,0分钟
20211110130042,开,关,开,48°C,50%,0,0分钟
20211110130048,开,关,开,49°C,50%,0,0分钟
20211110130054,开,关,开,48°C,50%,0,0分钟
20211110130113,开,关,开,49°C,50%,0,0分钟
20211110130143,开,关,开,48°C,50%,0,0分钟
20211110130213,开,关,开,48°C,50%,0,0分钟
20211110130219,开,关,开,49°C,50%,0,0分钟
20211110130256,开,关,开,48°C,50%,0,0分钟
20211110130302,开,关,开,49°C,50%,0,0分钟
20211110130314,开,关,开,48°C,50%,0,0分钟
20211110130320,开,关,开,49°C,50%,0,0分钟
20211110130340,开,关,开,48°C,50%,0,0分钟
20211110130344,开,关,开,49°C,50%,0,0分钟
20211110130839,开,关,开,48°C,50%,0,0分钟
20211110130841,开,关,开,48°C,50%,8,0分钟
20211110144304,开,关,开,48°C,50%,0,0分钟
20211110144340,开,关,开,48°C,50%,0,0分钟
20211110144346,开,关,开,47°C,50%,0,0分钟
20211110144404,开,关,开,48°C,50%,0,0分钟
20211110144410,开,关,开,47°C,50%,0,0分钟
20211110144428,开,关,开,48°C,50%,0,0分钟
20211110144434,开,关,开,47°C,50%,0,0分钟
20211110144440,开,关,开,48°C,50%,0,0分钟
20211110144447,开,关,开,47°C,50%,0,0分钟
20211110144453,开,关,开,48°C,50%,0,0分钟
20211110144459,开,关,开,47°C,50%,0,0分钟
20211110144605,开,关,开,48°C,50%,0,0分钟
20211110144611,开,关,开,47°C,50%,0,0分钟
20211110144630,开,关,开,48°C,50%,0,0分钟
20211110144636,开,关,开,47°C,50%,0,0分钟
20211110144642,开,关,开,48°C,50%,0,0分钟
20211110144648,开,关,开,47°C,50%,0,0分钟
20211110144730,开,关,开,48°C,50%,0,0分钟
20211110144736,开,关,开,47°C,50%,0,0分钟
20211110144819,开,关,开,48°C,50%,0,0分钟
20211110144825,开,关,开,47°C,50%,0,0分钟
20211110144855,开,关,开,48°C,50%,0,0分钟
20211110144901,开,关,开,47°C,50%,0,0分钟
20211110144913,开,关,开,48°C,50%,0,0分钟
20211110144925,开,关,开,47°C,50%,0,0分钟
20211110144931,开,关,开,48°C,50%,0,0分钟
20211110144943,开,关,开,47°C,50%,0,0分钟
20211110144949,开,关,开,48°C,50%,0,0分钟
20211110145008,开,关,开,47°C,50%,0,0分钟
20211110145017,开,关,开,48°C,50%,0,0分钟
20211110145020,开,关,开,47°C,50%,0,0分钟
20211110145032,开,关,开,48°C,50%,0,0分钟
20211110145044,开,关,开,47°C,50%,0,0分钟
20211110145050,开,关,开,48°C,50%,0,0分钟
20211110145056,开,关,开,47°C,50%,0,0分钟
20211110145108,开,关,开,48°C,50%,0,0分钟
20211110145120,开,关,开,47°C,50%,0,0分钟
20211110145126,开,关,开,48°C,50%,0,0分钟
20211110145132,开,关,开,47°C,50%,0,0分钟
20211110145157,开,关,开,48°C,50%,0,0分钟
20211110145203,开,关,开,47°C,50%,0,0分钟
20211110145221,开,关,开,48°C,50%,0,0分钟
20211110145233,开,关,开,47°C,50%,0,0分钟
20211110145239,开,关,开,48°C,50%,0,0分钟
20211110145245,开,关,开,47°C,50%,0,0分钟
20211110145251,开,关,开,48°C,50%,0,0分钟
20211110145303,开,关,开,47°C,50%,0,0分钟
20211110145309,开,关,开,48°C,50%,0,0分钟
20211110145315,开,关,开,47°C,50%,0,0分钟
20211110145321,开,关,开,48°C,50%,0,0分钟
20211110145327,开,关,开,47°C,50%,0,0分钟
20211110145340,开,关,开,48°C,50%,0,0分钟
20211110145346,开,关,开,47°C,50%,0,0分钟
20211110145352,开,关,开,48°C,50%,0,0分钟
20211110145404,开,关,开,47°C,50%,0,0分钟
20211110145410,开,关,开,48°C,50%,0,0分钟
20211110145416,开,关,开,47°C,50%,0,0分钟
20211110145422,开,关,开,48°C,50%,0,0分钟
20211110145428,开,关,开,47°C,50%,0,0分钟
20211110145434,开,关,开,48°C,50%,0,0分钟
20211110145440,开,关,开,47°C,50%,0,0分钟
20211110145446,开,关,开,48°C,50%,0,0分钟
20211110145452,开,关,开,47°C,50%,0,0分钟
20211110145504,开,关,开,48°C,50%,0,0分钟
20211110145510,开,关,开,48°C,50%,0,0分钟
20211110145516,开,关,开,47°C,50%,0,0分钟
20211110145522,开,关,开,48°C,50%,0,0分钟
20211110145535,开,关,开,47°C,50%,0,0分钟
20211110145541,开,关,开,48°C,50%,0,0分钟
20211110145547,开,关,开,47°C,50%,0,0分钟
20211110145559,开,关,开,48°C,50%,0,0分钟
20211110145605,开,关,开,47°C,50%,0,0分钟
20211110145617,开,关,开,48°C,50%,0,0分钟
20211110145629,开,关,开,47°C,50%,0,0分钟
20211110145641,开,关,开,48°C,50%,0,0分钟
20211110145659,开,关,开,47°C,50%,0,0分钟
20211110145705,开,关,开,48°C,50%,0,0分钟
20211110145724,开,关,开,47°C,50%,0,0分钟
20211110145730,开,关,开,48°C,50%,0,0分钟
20211110145736,开,关,开,47°C,50%,0,0分钟
20211110145748,开,关,开,48°C,50%,0,0分钟
20211110145806,开,关,开,47°C,50%,0,0分钟
20211110145818,开,关,开,48°C,50%,0,0分钟
20211110145824,开,关,开,47°C,50%,0,0分钟
20211110145830,开,关,开,48°C,50%,0,0分钟
20211110145836,开,关,开,47°C,50%,0,0分钟
20211110145842,开,关,开,48°C,50%,0,0分钟
20211110145848,开,关,开,47°C,50%,0,0分钟
20211110145900,开,关,开,48°C,50%,0,0分钟
20211110145919,开,关,开,47°C,50%,0,0分钟
20211110145925,开,关,开,48°C,50%,0,0分钟
20211110145931,开,关,开,47°C,50%,0,0分钟
20211110145943,开,关,开,48°C,50%,0,0分钟
20211110150001,开,关,开,47°C,50%,0,0分钟
20211110150007,开,关,开,48°C,50%,0,0分钟
20211110150013,开,关,开,47°C,50%,0,0分钟
20211110150019,开,关,开,48°C,50%,0,0分钟
20211110150327,开,关,开,47°C,50%,0,0分钟
20211110150339,开,关,开,48°C,50%,0,0分钟
20211110154906,开,关,开,47°C,50%,0,0分钟
20211110154912,开,开,关,47°C,50%,35,4分钟
20211110154914,开,开,关,47°C,50%,36,4分钟
20211110154920,开,开,关,47°C,50%,50,4分钟
20211110154924,开,开,关,47°C,50%,50,3分钟
20211110154926,开,开,关,47°C,50%,48,3分钟
20211110154928,开,开,关,47°C,50%,50,3分钟
20211110154930,开,开,关,47°C,50%,48,3分钟
20211110154936,开,开,关,47°C,50%,50,3分钟
20211110154938,开,开,关,47°C,50%,48,3分钟
20211110154940,开,开,关,47°C,50%,50,3分钟
20211110154942,开,开,关,47°C,50%,51,3分钟
20211110154947,开,开,关,47°C,50%,48,3分钟
20211110155000,开,开,关,47°C,50%,50,3分钟
20211110155001,开,开,关,47°C,50%,28,3分钟
20211110155021,开,开,关,47°C,50%,30,3分钟
20211110155023,开,开,关,47°C,50%,28,2分钟
20211110155029,开,开,关,47°C,50%,30,2分钟
20211110155031,开,开,关,47°C,50%,28,2分钟
20211110155035,开,开,关,47°C,50%,30,2分钟
20211110155037,开,开,关,47°C,50%,28,2分钟
20211110155041,开,开,关,47°C,50%,30,2分钟
20211110155043,开,开,关,47°C,50%,28,2分钟
20211110155047,开,开,关,47°C,50%,30,2分钟
20211110155049,开,开,关,47°C,50%,28,2分钟
20211110155053,开,开,关,47°C,50%,30,2分钟
20211110155055,开,开,关,47°C,50%,28,2分钟
20211110155103,开,开,关,47°C,50%,30,2分钟
20211110155105,开,开,关,47°C,50%,28,2分钟
20211110155121,开,开,关,47°C,50%,30,2分钟
20211110155123,开,开,关,47°C,50%,28,1分钟
20211110155125,开,开,关,47°C,50%,31,1分钟
20211110155140,开,开,关,47°C,50%,30,1分钟
20211110155144,开,开,关,47°C,50%,30,1分钟
20211110155146,开,开,关,47°C,50%,31,1分钟
20211110155150,开,开,关,47°C,50%,28,1分钟
20211110155152,开,开,关,47°C,50%,31,1分钟
20211110155202,开,开,关,47°C,50%,30,1分钟
20211110155204,开,开,关,47°C,50%,28,1分钟
20211110155208,开,开,关,47°C,50%,30,1分钟
20211110155210,开,开,关,47°C,50%,28,1分钟
20211110155222,开,开,关,47°C,50%,30,1分钟
20211110155228,开,开,关,47°C,50%,30,0分钟
20211110155230,开,开,关,47°C,50%,20,0分钟
20211110155232,开,开,关,46°C,50%,27,5分钟
20211110155234,开,开,关,46°C,50%,26,5分钟
20211110155240,开,开,关,46°C,50%,22,5分钟
20211110155242,开,开,关,46°C,50%,23,5分钟
20211110155258,开,开,关,47°C,50%,22,4分钟
20211110155300,开,开,关,47°C,50%,23,3分钟
20211110155302,开,开,关,46°C,50%,21,5分钟
20211110155310,开,开,关,46°C,50%,22,5分钟
20211110155312,开,开,关,46°C,50%,17,5分钟
20211110155314,开,开,关,47°C,50%,20,4分钟
20211110155319,开,开,关,47°C,50%,18,4分钟
20211110155320,开,开,关,46°C,50%,20,5分钟
20211110155322,开,开,关,46°C,50%,21,5分钟
20211110155327,开,开,关,46°C,50%,20,5分钟
20211110155329,开,开,关,46°C,50%,21,5分钟
20211110155333,开,开,关,46°C,50%,20,5分钟
20211110155335,开,开,关,46°C,50%,21,5分钟
20211110155337,开,开,关,46°C,50%,20,5分钟
20211110155345,开,开,关,46°C,50%,22,5分钟
20211110155347,开,开,关,46°C,50%,23,5分钟
20211110155349,开,开,关,46°C,50%,31,5分钟
20211110155401,开,开,关,46°C,50%,23,5分钟
20211110155407,开,开,关,46°C,50%,23,4分钟
20211110155409,开,开,关,46°C,50%,22,4分钟
20211110155411,开,开,关,46°C,50%,23,4分钟
20211110155413,开,开,关,46°C,50%,22,4分钟
20211110155417,开,开,关,46°C,50%,23,4分钟
20211110155427,开,开,关,46°C,50%,22,4分钟
20211110155442,开,开,关,46°C,50%,23,4分钟
20211110155445,开,开,关,46°C,50%,22,4分钟
20211110155451,开,开,关,46°C,50%,23,4分钟
20211110155453,开,开,关,46°C,50%,22,4分钟
20211110155455,开,开,关,46°C,50%,23,4分钟
20211110155457,开,开,关,46°C,50%,22,4分钟
20211110155501,开,开,关,46°C,50%,23,4分钟
20211110155503,开,开,关,46°C,50%,22,3分钟
20211110155511,开,开,关,46°C,50%,23,3分钟
20211110155518,开,开,关,46°C,50%,22,3分钟
20211110155522,开,开,关,46°C,50%,23,3分钟
20211110155526,开,开,关,46°C,50%,22,3分钟
20211110155550,开,开,关,46°C,50%,26,3分钟
20211110155552,开,开,关,46°C,50%,27,3分钟
20211110155554,开,开,关,46°C,50%,26,3分钟
20211110155556,开,开,关,46°C,50%,25,3分钟
20211110155558,开,开,关,46°C,50%,26,3分钟
20211110155600,开,开,关,46°C,50%,27,3分钟
20211110155602,开,开,关,46°C,50%,26,3分钟
20211110155618,开,开,关,46°C,50%,26,2分钟
20211110155620,开,开,关,46°C,50%,27,2分钟
20211110155628,开,开,关,46°C,50%,26,2分钟
20211110155630,开,开,关,46°C,50%,25,2分钟
20211110155632,开,开,关,46°C,50%,26,2分钟
20211110155638,开,开,关,45°C,50%,26,7分钟
20211110155715,开,开,关,45°C,50%,26,6分钟
20211110155717,开,开,关,45°C,50%,25,6分钟
20211110155721,开,开,关,45°C,50%,26,6分钟
20211110155725,开,开,关,44°C,25%,26,8分钟
20211110155727,开,开,关,44°C,25%,25,8分钟
20211110155729,开,开,关,44°C,25%,26,8分钟
20211110155731,开,开,关,44°C,25%,27,8分钟
20211110155745,开,开,关,44°C,25%,26,8分钟
20211110155747,开,开,关,44°C,25%,25,8分钟
20211110155751,开,开,关,44°C,25%,26,8分钟
20211110155753,开,开,关,43°C,25%,26,9分钟
20211110155755,开,开,关,43°C,25%,27,9分钟
20211110155815,开,开,关,43°C,25%,26,9分钟
20211110155829,开,开,关,42°C,25%,26,11分钟
20211110155831,开,开,关,42°C,25%,25,11分钟
20211110155833,开,开,关,42°C,25%,26,11分钟
20211110155848,开,开,关,41°C,25%,26,12分钟
20211110155850,开,开,关,41°C,25%,25,12分钟
20211110155858,开,开,关,41°C,25%,26,12分钟
20211110155904,开,开,关,40°C,25%,26,14分钟
20211110155906,开,开,关,40°C,25%,25,14分钟
20211110155908,开,开,关,40°C,25%,26,14分钟
20211110155910,开,开,关,40°C,25%,25,14分钟
20211110155912,开,开,关,39°C,25%,27,15分钟
20211110155914,开,开,关,39°C,25%,25,15分钟
20211110155916,开,开,关,39°C,25%,26,15分钟
20211110155918,开,开,关,39°C,25%,27,15分钟
20211110155924,开,开,关,38°C,25%,26,17分钟
20211110155928,开,开,关,38°C,25%,26,16分钟
20211110155930,开,开,关,38°C,25%,27,16分钟
20211110155940,开,开,关,38°C,25%,26,16分钟
20211110155950,开,开,关,37°C,25%,26,18分钟
20211110155952,开,开,关,37°C,25%,27,18分钟
20211110155954,开,开,关,36°C,25%,26,19分钟
20211110155956,开,开,关,36°C,25%,27,19分钟
20211110160004,开,开,关,36°C,25%,26,19分钟
20211110160016,开,开,关,35°C,25%,26,21分钟
20211110160018,开,开,关,35°C,25%,27,21分钟
20211110160020,开,开,关,35°C,25%,26,21分钟
20211110160022,开,开,关,35°C,25%,27,20分钟
20211110160033,开,开,关,34°C,25%,26,22分钟
20211110160034,开,开,关,34°C,25%,25,22分钟
20211110160041,开,开,关,34°C,25%,26,22分钟
20211110160047,开,开,关,33°C,25%,26,24分钟
20211110160049,开,开,关,33°C,25%,26,23分钟
20211110160053,开,开,关,33°C,25%,27,23分钟
20211110160105,开,开,关,32°C,25%,26,25分钟
20211110160111,开,开,关,31°C,25%,26,26分钟
20211110160113,开,开,关,31°C,25%,12,26分钟
20211110160135,开,开,关,31°C,25%,0,26分钟
20211110160157,开,开,关,30°C,25%,0,28分钟
20211110160159,开,开,关,30°C,25%,0,27分钟
20211110160205,开,开,关,31°C,25%,0,26分钟
20211110160228,开,开,关,30°C,25%,0,28分钟
20211110160230,开,开,关,30°C,25%,0,27分钟
20211110160326,开,开,关,31°C,25%,0,26分钟
20211110160407,开,开,关,31°C,25%,0,25分钟
20211110160439,开,开,关,32°C,25%,0,25分钟
20211110160449,开,开,关,32°C,25%,0,24分钟
20211110160455,开,开,关,33°C,25%,0,24分钟
20211110160531,开,开,关,33°C,25%,0,23分钟
20211110160614,开,开,关,34°C,25%,0,22分钟
20211110160628,开,开,关,34°C,25%,0,21分钟
20211110160642,开,开,关,35°C,25%,0,21分钟
20211110160732,开,开,关,35°C,25%,0,20分钟
20211110160809,开,开,关,36°C,25%,0,19分钟
20211110160835,开,开,关,37°C,25%,0,18分钟
20211110160909,开,开,关,37°C,25%,0,17分钟
20211110160911,开,开,关,38°C,25%,0,17分钟
20211110160946,开,开,关,38°C,25%,0,16分钟
20211110161022,开,开,关,39°C,25%,0,15分钟
20211110161040,开,开,关,39°C,25%,0,14分钟
20211110161052,开,开,关,40°C,25%,0,14分钟
20211110161123,开,开,关,40°C,25%,0,13分钟
20211110161209,开,开,关,41°C,25%,0,12分钟
20211110161229,开,开,关,41°C,25%,0,11分钟
20211110161251,开,开,关,42°C,25%,0,11分钟
20211110161331,开,开,关,42°C,25%,0,10分钟
20211110161406,开,开,关,43°C,25%,0,9分钟
20211110161438,开,开,关,44°C,25%,0,8分钟
20211110161519,开,开,关,44°C,25%,0,7分钟
20211110161524,开,开,关,44°C,25%,0,7分钟
20211110161529,开,开,关,44°C,25%,0,7分钟
20211110161534,开,开,关,45°C,25%,0,7分钟
20211110161539,开,开,关,45°C,25%,0,6分钟
20211110161544,开,开,关,45°C,25%,0,6分钟
20211110161554,开,开,关,45°C,25%,0,6分钟
20211110161601,开,开,关,45°C,25%,0,6分钟
20211110161607,开,开,关,45°C,25%,0,6分钟
20211110161611,开,开,关,45°C,25%,0,5分钟
20211110161650,开,开,关,46°C,25%,0,5分钟
20211110161716,开,开,关,46°C,25%,0,4分钟
20211110161720,开,开,关,47°C,25%,0,4分钟
20211110161722,开,开,关,47°C,25%,0,5分钟
20211110161726,开,开,关,46°C,25%,0,5分钟
20211110161728,开,开,关,46°C,25%,0,4分钟
20211110161742,开,开,关,47°C,25%,0,4分钟
20211110161833,开,开,关,47°C,25%,0,3分钟
20211110161835,开,开,关,47°C,25%,0,2分钟
20211110161921,开,开,关,48°C,25%,0,2分钟
20211110161923,开,开,关,48°C,25%,0,1分钟
20211110161947,开,开,关,49°C,25%,0,1分钟
20211110162010,开,开,关,49°C,25%,0,0分钟
20211110162012,开,关,开,50°C,100%,0,0分钟
20211110162525,开,关,开,50°C,50%,0,0分钟
20211110162527,开,开,关,50°C,50%,42,0分钟
20211110162531,开,开,关,50°C,50%,47,0分钟
20211110162533,开,开,关,50°C,50%,48,0分钟
20211110162535,开,开,关,50°C,50%,50,0分钟
20211110162537,开,开,关,50°C,50%,48,0分钟
20211110162541,开,开,关,50°C,50%,50,0分钟
20211110162543,开,开,关,50°C,50%,48,0分钟
20211110162549,开,开,关,50°C,50%,50,0分钟
20211110162550,开,开,关,50°C,50%,48,0分钟
20211110162551,开,开,关,50°C,50%,50,0分钟
20211110162553,开,开,关,50°C,50%,48,0分钟
20211110162557,开,开,关,50°C,50%,50,0分钟
20211110162559,开,开,关,50°C,50%,48,0分钟
20211110162605,开,开,关,50°C,50%,50,0分钟
20211110162607,开,开,关,50°C,50%,51,0分钟
20211110162609,开,开,关,50°C,50%,48,0分钟
20211110162613,开,开,关,50°C,50%,50,0分钟
20211110162615,开,开,关,50°C,50%,51,0分钟
20211110162623,开,开,关,50°C,50%,50,0分钟
20211110162625,开,开,关,50°C,50%,51,0分钟
20211110162627,开,开,关,50°C,50%,50,0分钟
20211110162629,开,开,关,50°C,50%,43,0分钟
20211110162631,开,开,关,50°C,50%,33,0分钟
20211110162633,开,开,关,50°C,50%,32,0分钟
20211110162641,开,开,关,50°C,50%,35,0分钟
20211110162643,开,开,关,50°C,50%,33,0分钟
20211110162645,开,开,关,50°C,50%,35,0分钟
20211110162647,开,开,关,50°C,50%,33,0分钟
20211110162651,开,开,关,50°C,50%,35,0分钟
20211110162708,开,开,关,50°C,50%,33,0分钟
20211110162720,开,开,关,50°C,50%,35,0分钟
20211110162732,开,开,关,50°C,50%,33,0分钟
20211110162738,开,开,关,50°C,50%,33,0分钟
20211110162742,开,开,关,50°C,50%,35,0分钟
20211110162746,开,开,关,50°C,50%,33,0分钟
20211110162750,开,开,关,50°C,50%,35,0分钟
20211110162758,开,开,关,50°C,50%,33,0分钟
20211110162804,开,开,关,50°C,50%,35,0分钟
20211110162811,开,开,关,50°C,50%,33,0分钟
20211110162836,开,开,关,50°C,50%,35,0分钟
20211110162838,开,开,关,50°C,50%,33,0分钟
20211110162840,开,开,关,50°C,50%,35,0分钟
20211110162842,开,开,关,50°C,50%,33,0分钟
20211110162844,开,开,关,50°C,50%,35,0分钟
20211110162847,开,开,关,50°C,50%,33,0分钟
20211110162901,开,开,关,50°C,50%,36,0分钟
20211110162907,开,开,关,50°C,50%,35,0分钟
20211110162909,开,开,关,50°C,50%,33,0分钟
20211110162911,开,开,关,50°C,50%,35,0分钟
20211110162913,开,开,关,50°C,50%,33,0分钟
20211110162915,开,开,关,50°C,50%,35,0分钟
20211110162917,开,开,关,50°C,50%,33,0分钟
20211110162929,开,开,关,50°C,50%,35,0分钟
20211110162931,开,开,关,50°C,50%,33,0分钟
20211110162933,开,开,关,50°C,50%,35,0分钟
20211110162939,开,开,关,50°C,50%,33,0分钟
20211110162951,开,开,关,50°C,50%,35,0分钟
20211110162955,开,开,关,50°C,50%,33,0分钟
20211110162957,开,关,开,50°C,100%,0,0分钟
20211110163056,开,关,开,50°C,50%,0,0分钟
20211110163104,开,关,开,49°C,50%,0,0分钟
20211110163120,开,开,关,49°C,50%,36,1分钟
20211110163130,开,开,关,49°C,50%,35,1分钟
20211110163142,开,开,关,49°C,50%,36,0分钟
20211110163146,开,开,关,49°C,50%,37,0分钟
20211110163152,开,开,关,48°C,50%,36,2分钟
20211110163200,开,开,关,48°C,50%,37,2分钟
20211110163202,开,开,关,48°C,50%,37,2分钟
20211110163210,开,开,关,48°C,50%,36,2分钟
20211110163212,开,开,关,48°C,50%,27,2分钟
20211110163217,开,开,关,48°C,50%,25,2分钟
20211110163227,开,开,关,47°C,50%,25,4分钟
20211110163229,开,开,关,47°C,50%,26,4分钟
20211110163231,开,开,关,47°C,50%,25,4分钟
20211110163233,开,开,关,47°C,50%,26,4分钟
20211110163241,开,开,关,47°C,50%,25,3分钟
20211110163253,开,开,关,46°C,50%,25,5分钟
20211110163255,开,开,关,46°C,50%,26,5分钟
20211110163257,开,开,关,46°C,50%,26,5分钟
20211110163259,开,开,关,46°C,50%,25,5分钟
20211110163305,开,开,关,45°C,50%,25,7分钟
20211110163311,开,开,关,45°C,50%,26,6分钟
20211110163317,开,开,关,44°C,50%,25,8分钟
20211110163321,开,开,关,44°C,50%,26,8分钟
20211110163323,开,开,关,44°C,50%,25,8分钟
20211110163325,开,开,关,44°C,50%,26,8分钟
20211110163329,开,开,关,44°C,50%,25,8分钟
20211110163333,开,开,关,43°C,50%,25,9分钟
20211110163337,开,开,关,43°C,50%,26,9分钟
20211110163341,开,开,关,43°C,50%,25,9分钟
20211110163343,开,开,关,42°C,25%,26,11分钟
20211110163353,开,开,关,42°C,25%,25,11分钟
20211110163359,开,开,关,41°C,25%,26,12分钟
20211110163406,开,开,关,41°C,25%,25,12分钟
20211110163418,开,开,关,40°C,25%,26,14分钟
20211110163420,开,开,关,39°C,25%,26,15分钟
20211110163422,开,开,关,39°C,25%,25,15分钟
20211110163426,开,开,关,39°C,25%,26,15分钟
20211110163428,开,开,关,39°C,25%,25,15分钟
20211110163436,开,开,关,39°C,25%,26,15分钟
20211110163438,开,开,关,38°C,25%,26,17分钟
20211110163444,开,开,关,38°C,25%,26,16分钟
20211110163446,开,开,关,37°C,25%,26,18分钟
20211110163501,开,开,关,37°C,25%,25,18分钟
20211110163502,开,开,关,36°C,25%,25,19分钟
20211110163506,开,开,关,36°C,25%,26,19分钟
20211110163514,开,开,关,35°C,25%,25,21分钟
20211110163520,开,开,关,35°C,25%,26,21分钟
20211110163522,开,开,关,35°C,25%,25,21分钟
20211110163524,开,开,关,35°C,25%,25,20分钟
20211110163526,开,开,关,34°C,25%,26,22分钟
20211110163530,开,开,关,34°C,25%,25,22分钟
20211110163532,开,开,关,34°C,25%,26,22分钟
20211110163536,开,开,关,34°C,25%,25,22分钟
20211110163538,开,开,关,34°C,25%,26,22分钟
20211110163540,开,开,关,34°C,25%,25,22分钟
20211110163544,开,开,关,34°C,25%,26,22分钟
20211110163549,开,开,关,34°C,25%,25,22分钟
20211110163553,开,开,关,33°C,25%,25,24分钟
20211110163555,开,开,关,33°C,25%,26,24分钟
20211110163557,开,开,关,33°C,25%,26,23分钟
20211110163559,开,开,关,33°C,25%,25,23分钟
20211110163601,开,开,关,33°C,25%,26,23分钟
20211110163603,开,开,关,32°C,25%,26,25分钟
20211110163605,开,开,关,32°C,25%,25,25分钟
20211110163609,开,开,关,32°C,25%,26,25分钟
20211110163611,开,开,关,32°C,25%,20,25分钟
20211110163619,开,开,关,32°C,25%,0,25分钟
20211110163715,开,开,关,31°C,25%,0,26分钟
20211110163808,开,开,关,31°C,25%,0,25分钟
20211110163840,开,开,关,32°C,25%,0,25分钟
20211110163908,开,开,关,32°C,25%,0,24分钟
20211110163914,开,开,关,33°C,25%,0,24分钟
20211110163951,开,开,关,33°C,25%,0,23分钟
20211110164033,开,开,关,34°C,25%,0,22分钟
20211110164051,开,开,关,34°C,25%,0,21分钟
20211110164108,开,开,关,35°C,25%,0,21分钟
20211110164146,开,开,关,35°C,25%,0,20分钟
20211110164222,开,开,关,36°C,25%,0,19分钟
20211110164248,开,开,关,37°C,25%,0,18分钟
20211110164323,开,开,关,37°C,25%,0,17分钟
20211110164325,开,开,关,38°C,25%,0,17分钟
20211110164359,开,开,关,38°C,25%,0,16分钟
20211110164438,开,开,关,39°C,25%,0,15分钟
20211110164454,开,开,关,39°C,25%,0,14分钟
20211110164506,开,开,关,40°C,25%,0,14分钟
20211110164530,开,开,关,40°C,25%,0,13分钟
20211110164616,开,开,关,41°C,25%,0,12分钟
20211110164637,开,开,关,41°C,25%,0,11分钟
20211110164659,开,开,关,42°C,25%,0,11分钟
20211110164737,开,开,关,42°C,25%,0,10分钟
20211110164814,开,开,关,43°C,25%,0,9分钟
20211110164846,开,开,关,44°C,25%,0,8分钟
20211110164908,开,开,关,44°C,25%,0,7分钟
20211110164914,开,开,关,45°C,25%,0,7分钟
20211110164926,开,开,关,44°C,25%,0,8分钟
20211110165009,开,开,关,45°C,25%,0,6分钟
20211110165051,开,开,关,46°C,25%,0,5分钟
20211110165103,开,开,关,46°C,25%,0,4分钟
20211110165119,开,开,关,47°C,25%,0,4分钟
20211110165210,开,开,关,47°C,25%,0,3分钟
20211110165252,开,开,关,48°C,25%,0,2分钟
20211110165319,开,开,关,49°C,25%,0,1分钟
20211110165347,开,开,关,49°C,25%,0,0分钟
20211110165349,开,关,开,50°C,100%,0,0分钟
20211110165719,开,关,开,50°C,50%,0,0分钟
20211110165725,开,关,开,51°C,50%,0,0分钟
20211110165737,开,关,开,50°C,50%,0,0分钟
20211110165743,开,关,开,51°C,50%,0,0分钟
20211110165755,开,关,开,50°C,50%,0,0分钟
20211110165807,开,关,开,51°C,50%,0,0分钟
20211110174852,开,关,开,50°C,50%,0,0分钟
20211110180032,开,关,开,50°C,50%,0,0分钟
20211110180034,开,关,开,50°C,50%,8,0分钟
20211110180640,开,关,开,50°C,50%,0,0分钟
20211110180646,开,关,开,49°C,50%,0,0分钟
20211110180804,开,关,开,50°C,50%,0,0分钟
20211110180811,开,关,开,49°C,50%,0,0分钟
20211110180913,开,关,开,50°C,50%,0,0分钟
20211110180917,开,关,开,49°C,50%,0,0分钟
20211110180929,开,关,开,50°C,50%,0,0分钟
20211110180936,开,关,开,49°C,50%,0,0分钟
20211110180954,开,关,开,50°C,50%,0,0分钟
20211110181000,开,关,开,49°C,50%,0,0分钟
20211110181048,开,关,开,50°C,50%,0,0分钟
20211110181106,开,关,开,49°C,50%,0,0分钟
20211110181112,开,关,开,50°C,50%,0,0分钟
20211110181118,开,关,开,49°C,50%,0,0分钟
20211110181124,开,关,开,50°C,50%,0,0分钟
20211110181143,开,关,开,49°C,50%,0,0分钟
20211110181207,开,关,开,50°C,50%,0,0分钟
20211110181219,开,关,开,49°C,50%,0,0分钟
20211110181225,开,关,开,50°C,50%,0,0分钟
20211110181249,开,关,开,49°C,50%,0,0分钟
20211110181255,开,关,开,50°C,50%,0,0分钟
20211110181301,开,关,开,49°C,50%,0,0分钟
20211110181307,开,关,开,50°C,50%,0,0分钟
20211110181313,开,关,开,49°C,50%,0,0分钟
20211110181326,开,关,开,50°C,50%,0,0分钟
20211110181402,开,关,开,49°C,50%,0,0分钟
20211110181408,开,关,开,50°C,50%,0,0分钟
20211110181420,开,关,开,49°C,50%,0,0分钟
20211110181426,开,关,开,50°C,50%,0,0分钟
20211110181603,开,关,开,49°C,50%,0,0分钟
20211110181609,开,关,开,50°C,50%,0,0分钟
20211110184435,开,关,开,49°C,50%,0,0分钟
20211110185217,开,关,开,49°C,50%,0,0分钟
20211110185219,开,关,开,49°C,50%,16,0分钟
20211110185221,开,关,开,50°C,100%,8,0分钟
20211110185229,开,开,关,49°C,50%,57,1分钟
20211110185231,开,开,关,49°C,50%,58,1分钟
20211110185234,开,开,关,49°C,50%,56,1分钟
20211110185242,开,开,关,49°C,50%,57,1分钟
20211110185244,开,开,关,49°C,50%,58,1分钟
20211110185252,开,开,关,49°C,50%,57,1分钟
20211110185254,开,开,关,49°C,50%,58,1分钟
20211110185300,开,开,关,49°C,50%,57,1分钟
20211110185302,开,关,开,50°C,100%,0,0分钟
20211110185336,开,关,开,50°C,50%,0,0分钟
20211110185400,开,关,开,48°C,50%,0,0分钟
20211110185618,开,关,开,48°C,50%,0,0分钟
20211110185620,开,开,关,48°C,50%,60,2分钟
20211110185622,开,开,关,48°C,50%,61,2分钟
20211110185624,开,开,关,48°C,50%,60,2分钟
20211110185626,开,开,关,48°C,50%,57,2分钟
20211110185628,开,开,关,48°C,50%,62,2分钟
20211110185632,开,开,关,48°C,50%,55,2分钟
20211110185634,开,开,关,48°C,50%,58,2分钟
20211110185640,开,开,关,48°C,50%,62,2分钟
20211110185642,开,开,关,48°C,50%,61,2分钟
20211110185644,开,开,关,48°C,50%,62,2分钟
20211110185646,开,关,开,48°C,100%,0,0分钟
20211110185801,开,关,开,48°C,50%,0,0分钟
20211110185803,开,开,关,48°C,50%,28,1分钟
20211110185807,开,开,关,48°C,50%,50,1分钟
20211110185809,开,开,关,48°C,50%,51,1分钟
20211110185811,开,开,关,48°C,50%,50,0分钟
20211110185821,开,开,关,48°C,50%,51,0分钟
20211110185823,开,开,关,48°C,50%,43,0分钟
20211110185833,开,关,开,48°C,50%,0,0分钟
20211110185835,开,关,开,48°C,50%,8,0分钟
20211110185847,开,关,开,48°C,50%,0,0分钟
20211110185911,开,关,开,47°C,50%,0,0分钟
20211110185913,开,开,关,47°C,50%,56,4分钟
20211110185915,开,开,关,47°C,50%,53,4分钟
20211110185921,开,开,关,47°C,50%,55,4分钟
20211110185923,开,开,关,47°C,50%,56,4分钟
20211110185927,开,开,关,47°C,50%,63,4分钟
20211110185933,开,开,关,47°C,50%,63,3分钟
20211110185944,开,开,关,47°C,50%,35,3分钟
20211110185946,开,开,关,47°C,50%,33,3分钟
20211110185948,开,开,关,47°C,50%,35,3分钟
20211110185950,开,关,开,47°C,100%,11,0分钟
20211110190315,开,关,开,47°C,50%,0,0分钟
20211110190316,开,关,开,47°C,50%,8,0分钟
20211110190752,开,关,开,47°C,50%,0,0分钟
20211110190758,开,关,开,46°C,50%,0,0分钟
20211110190817,开,关,开,47°C,50%,0,0分钟
20211110190823,开,关,开,46°C,50%,0,0分钟
20211110190829,开,关,开,47°C,50%,0,0分钟
20211110190835,开,关,开,46°C,50%,0,0分钟
20211110190847,开,关,开,47°C,50%,0,0分钟
20211110190859,开,关,开,46°C,50%,0,0分钟
20211110190905,开,关,开,47°C,50%,0,0分钟
20211110190911,开,关,开,46°C,50%,0,0分钟
20211110190917,开,关,开,47°C,50%,0,0分钟
20211110191231,开,关,开,46°C,50%,0,0分钟
20211110191233,开,开,关,46°C,50%,33,5分钟
20211110191239,开,开,关,46°C,50%,60,5分钟
20211110191240,开,开,关,46°C,50%,53,5分钟
20211110191245,开,开,关,46°C,50%,55,5分钟
20211110191249,开,开,关,46°C,50%,62,5分钟
20211110191251,开,关,开,46°C,100%,10,0分钟
20211110192405,开,关,开,46°C,50%,0,0分钟
20211110192412,开,开,关,45°C,50%,0,7分钟
20211110192518,开,开,关,45°C,50%,0,6分钟
20211110192524,开,开,关,45°C,50%,0,7分钟
20211110192530,开,开,关,45°C,50%,0,6分钟
20211110192536,开,开,关,46°C,50%,0,5分钟
20211110192542,开,开,关,45°C,50%,0,7分钟
20211110192645,开,开,关,45°C,50%,0,6分钟
20211110192743,开,开,关,45°C,50%,0,5分钟
20211110192808,开,开,关,45°C,50%,0,4分钟
20211110192850,开,开,关,46°C,50%,0,5分钟
20211110192926,开,开,关,46°C,50%,0,4分钟
20211110192943,开,开,关,47°C,50%,0,4分钟
20211110193033,开,开,关,47°C,50%,0,3分钟
20211110193122,开,开,关,48°C,50%,0,2分钟
20211110193148,开,开,关,49°C,50%,0,1分钟
20211110193216,开,开,关,49°C,50%,0,0分钟
20211110193218,开,关,开,50°C,100%,0,0分钟
20211110193512,开,关,开,50°C,50%,0,0分钟
20211110194346,开,关,开,51°C,50%,0,0分钟
20211110194353,开,关,开,50°C,50%,0,0分钟
20211110194423,开,关,开,51°C,50%,0,0分钟
20211110194435,开,关,开,50°C,50%,0,0分钟
20211110194459,开,关,开,51°C,50%,0,0分钟
20211110194542,开,关,开,50°C,50%,0,0分钟
20211110194618,开,关,开,51°C,50%,0,0分钟
20211110194624,开,关,开,50°C,50%,0,0分钟
20211110194630,开,关,开,51°C,50%,0,0分钟
20211110194642,开,关,开,50°C,50%,0,0分钟
20211110194648,开,关,开,51°C,50%,0,0分钟
20211110194731,开,关,开,50°C,50%,0,0分钟
20211110194743,开,关,开,51°C,50%,0,0分钟
20211110194755,开,关,开,50°C,50%,0,0分钟
20211110194807,开,关,开,51°C,50%,0,0分钟
20211110194813,开,关,开,50°C,50%,0,0分钟
20211110194819,开,关,开,51°C,50%,0,0分钟
20211110194932,开,关,开,50°C,50%,0,0分钟
20211110194938,开,关,开,51°C,50%,0,0分钟
20211110195605,开,关,开,50°C,50%,0,0分钟
20211110195611,开,关,开,51°C,50%,0,0分钟
20211110213023,开,关,开,50°C,50%,0,0分钟
20211110213029,开,关,开,50°C,50%,0,0分钟
20211110213041,开,关,开,49°C,50%,0,0分钟
20211110213047,开,关,开,50°C,50%,0,0分钟
20211110213053,开,关,开,49°C,50%,0,0分钟
20211110213111,开,关,开,50°C,50%,0,0分钟
20211110213123,开,关,开,49°C,50%,0,0分钟
20211110213141,开,关,开,50°C,50%,0,0分钟
20211110213147,开,关,开,49°C,50%,0,0分钟
20211110213153,开,关,开,50°C,50%,0,0分钟
20211110213200,开,关,开,49°C,50%,0,0分钟
20211110213206,开,关,开,50°C,50%,0,0分钟
20211110213212,开,关,开,49°C,50%,0,0分钟
20211110213218,开,关,开,50°C,50%,0,0分钟
20211110213306,开,关,开,49°C,50%,0,0分钟
20211110213312,开,关,开,50°C,50%,0,0分钟
20211110213324,开,关,开,49°C,50%,0,0分钟
20211110213330,开,关,开,50°C,50%,0,0分钟
20211110213449,开,关,开,49°C,50%,0,0分钟
20211110213455,开,关,开,50°C,50%,0,0分钟
20211110213501,开,关,开,49°C,50%,0,0分钟
20211110213513,开,关,开,50°C,50%,0,0分钟
20211110213827,开,关,开,49°C,50%,0,0分钟
20211110213829,开,开,关,49°C,50%,25,1分钟
20211110213831,开,关,开,50°C,100%,12,0分钟
20211110213930,开,关,开,50°C,50%,0,0分钟
20211110214127,开,关,开,49°C,50%,0,0分钟
20211110214129,开,开,关,49°C,50%,30,1分钟
20211110214133,开,开,关,49°C,50%,47,1分钟
20211110214141,开,开,关,49°C,50%,48,1分钟
20211110214145,开,开,关,49°C,50%,50,1分钟
20211110214147,开,开,关,49°C,50%,48,1分钟
20211110214149,开,开,关,49°C,50%,50,1分钟
20211110214151,开,开,关,49°C,50%,48,1分钟
20211110214153,开,开,关,49°C,50%,50,1分钟
20211110214155,开,开,关,49°C,50%,47,1分钟
20211110214159,开,开,关,49°C,50%,48,1分钟
20211110214201,开,开,关,49°C,50%,50,1分钟
20211110214209,开,开,关,49°C,50%,48,1分钟
20211110214211,开,开,关,49°C,50%,50,1分钟
20211110214213,开,开,关,49°C,50%,48,1分钟
20211110214219,开,开,关,49°C,50%,50,1分钟
20211110214221,开,开,关,49°C,50%,41,1分钟
20211110214223,开,开,关,49°C,50%,40,1分钟
20211110214228,开,开,关,49°C,50%,31,1分钟
20211110214229,开,开,关,49°C,50%,32,1分钟
20211110214231,开,开,关,49°C,50%,31,1分钟
20211110214234,开,开,关,49°C,50%,32,1分钟
20211110214240,开,开,关,49°C,50%,31,1分钟
20211110214306,开,开,关,49°C,50%,32,1分钟
20211110214310,开,开,关,49°C,50%,31,1分钟
20211110214312,开,开,关,49°C,50%,32,1分钟
20211110214316,开,开,关,49°C,50%,31,1分钟
20211110214322,开,开,关,49°C,50%,32,1分钟
20211110214324,开,开,关,49°C,50%,31,1分钟
20211110214326,开,开,关,49°C,50%,32,2分钟
20211110214328,开,开,关,49°C,50%,31,2分钟
20211110214330,开,开,关,48°C,50%,31,2分钟
20211110214332,开,开,关,48°C,50%,32,1分钟
20211110214334,开,开,关,48°C,50%,31,1分钟
20211110214342,开,开,关,49°C,50%,32,1分钟
20211110214346,开,开,关,49°C,50%,32,2分钟
20211110214354,开,开,关,48°C,50%,32,2分钟
20211110214358,开,开,关,48°C,50%,31,2分钟
20211110214400,开,开,关,48°C,50%,32,2分钟
20211110214402,开,开,关,48°C,50%,31,2分钟
20211110214408,开,开,关,48°C,50%,32,2分钟
20211110214410,开,开,关,48°C,50%,31,2分钟
20211110214412,开,开,关,48°C,50%,32,2分钟
20211110214415,开,开,关,48°C,50%,31,2分钟
20211110214417,开,开,关,48°C,50%,32,2分钟
20211110214418,开,开,关,48°C,50%,31,2分钟
20211110214421,开,开,关,48°C,50%,32,2分钟
20211110214423,开,开,关,48°C,50%,21,2分钟
20211110214447,开,关,开,48°C,50%,0,0分钟
20211110214505,开,关,开,47°C,50%,0,0分钟
20211110214511,开,关,开,48°C,50%,0,0分钟
20211110214551,开,关,开,47°C,50%,0,0分钟
20211110214553,开,开,关,47°C,50%,33,4分钟
20211110214604,开,开,关,47°C,50%,31,4分钟
20211110214605,开,开,关,47°C,50%,32,4分钟
20211110214608,开,开,关,47°C,50%,31,4分钟
20211110214614,开,开,关,47°C,50%,31,3分钟
20211110214616,开,开,关,47°C,50%,32,3分钟
20211110214624,开,开,关,47°C,50%,31,3分钟
20211110214626,开,开,关,47°C,50%,32,3分钟
20211110214628,开,开,关,47°C,50%,31,3分钟
20211110214636,开,开,关,47°C,50%,32,3分钟
20211110214642,开,开,关,47°C,50%,31,3分钟
20211110214648,开,开,关,47°C,50%,32,3分钟
20211110214650,开,开,关,47°C,50%,31,3分钟
20211110214656,开,开,关,47°C,50%,32,3分钟
20211110214702,开,开,关,47°C,50%,31,3分钟
20211110214704,开,开,关,47°C,50%,31,3分钟
20211110214708,开,开,关,47°C,50%,32,3分钟
20211110214714,开,开,关,47°C,50%,32,2分钟
20211110214718,开,开,关,47°C,50%,31,2分钟
20211110214720,开,开,关,47°C,50%,32,2分钟
20211110214722,开,开,关,47°C,50%,31,2分钟
20211110214728,开,开,关,47°C,50%,32,2分钟
20211110214736,开,开,关,47°C,50%,27,2分钟
20211110214738,开,开,关,47°C,50%,28,2分钟
20211110214744,开,开,关,47°C,50%,27,2分钟
20211110214746,开,开,关,47°C,50%,27,5分钟
20211110214749,开,开,关,46°C,50%,26,5分钟
20211110214751,开,开,关,46°C,50%,27,5分钟
20211110214753,开,开,关,46°C,50%,27,4分钟
20211110214757,开,开,关,47°C,50%,27,4分钟
20211110214759,开,开,关,47°C,50%,27,5分钟
20211110214801,开,开,关,46°C,50%,26,5分钟
20211110214805,开,开,关,46°C,50%,27,5分钟
20211110214807,开,开,关,46°C,50%,26,5分钟
20211110214813,开,开,关,46°C,50%,27,5分钟
20211110214815,开,开,关,46°C,50%,26,5分钟
20211110214825,开,开,关,46°C,50%,27,5分钟
20211110214827,开,开,关,46°C,50%,26,5分钟
20211110214837,开,开,关,46°C,50%,27,5分钟
20211110214839,开,开,关,46°C,50%,26,5分钟
20211110214851,开,开,关,46°C,50%,27,4分钟
20211110214853,开,开,关,46°C,50%,26,4分钟
20211110214857,开,开,关,46°C,50%,27,4分钟
20211110214859,开,开,关,46°C,50%,26,4分钟
20211110214903,开,开,关,46°C,50%,27,4分钟
20211110214905,开,开,关,46°C,50%,27,7分钟
20211110214909,开,开,关,45°C,50%,27,7分钟
20211110214911,开,开,关,45°C,50%,27,6分钟
20211110214913,开,开,关,45°C,50%,26,6分钟
20211110214915,开,开,关,45°C,50%,27,6分钟
20211110214917,开,开,关,45°C,50%,26,6分钟
20211110214926,开,开,关,45°C,50%,27,6分钟
20211110214927,开,开,关,45°C,50%,26,6分钟
20211110214950,开,开,关,45°C,50%,27,6分钟
20211110214952,开,开,关,45°C,50%,26,6分钟
20211110214954,开,开,关,45°C,50%,27,8分钟
20211110215024,开,开,关,44°C,50%,27,8分钟
20211110215028,开,开,关,44°C,50%,27,7分钟
20211110215030,开,开,关,44°C,25%,27,9分钟
20211110215042,开,开,关,43°C,25%,27,9分钟
20211110215044,开,开,关,43°C,25%,28,9分钟
20211110215046,开,开,关,43°C,25%,26,9分钟
20211110215048,开,开,关,43°C,25%,27,11分钟
20211110215108,开,开,关,42°C,25%,27,11分钟
20211110215117,开,开,关,42°C,25%,0,10分钟
20211110215119,开,开,关,42°C,25%,0,12分钟
20211110215135,开,开,关,41°C,25%,0,12分钟
20211110215137,开,开,关,41°C,25%,0,14分钟
20211110215147,开,开,关,40°C,25%,0,14分钟
20211110215153,开,开,关,40°C,25%,0,13分钟
20211110215155,开,开,关,40°C,25%,0,15分钟
20211110215226,开,开,关,39°C,25%,0,15分钟
20211110215227,开,开,关,39°C,25%,0,17分钟
20211110215247,开,开,关,38°C,25%,0,16分钟
20211110215249,开,开,关,38°C,25%,0,18分钟
20211110215314,开,开,关,37°C,25%,0,18分钟
20211110215414,开,开,关,37°C,25%,0,17分钟
20211110215501,开,开,关,37°C,25%,0,16分钟
20211110215503,开,开,关,37°C,25%,0,17分钟
20211110215527,开,开,关,38°C,25%,0,16分钟
20211110215529,开,开,关,38°C,25%,12,16分钟
20211110215537,开,开,关,38°C,25%,22,16分钟
20211110215549,开,开,关,38°C,25%,28,16分钟
20211110215551,开,开,关,38°C,25%,27,15分钟
20211110215611,开,开,关,39°C,25%,27,15分钟
20211110215613,开,开,关,39°C,25%,28,15分钟
20211110215615,开,开,关,39°C,25%,25,15分钟
20211110215619,开,开,关,39°C,25%,26,15分钟
20211110215625,开,开,关,39°C,25%,25,15分钟
20211110215629,开,开,关,39°C,25%,26,14分钟
20211110215631,开,开,关,39°C,25%,25,14分钟
20211110215634,开,开,关,39°C,25%,27,14分钟
20211110215648,开,开,关,39°C,25%,28,14分钟
20211110215650,开,开,关,39°C,25%,27,14分钟
20211110215652,开,开,关,39°C,25%,27,17分钟
20211110215654,开,开,关,38°C,25%,28,16分钟
20211110215656,开,开,关,38°C,25%,27,16分钟
20211110215658,开,开,关,38°C,25%,28,16分钟
20211110215700,开,开,关,38°C,25%,25,16分钟
20211110215702,开,开,关,38°C,25%,23,16分钟
20211110215704,开,开,关,38°C,25%,25,15分钟
20211110215712,开,开,关,39°C,25%,25,15分钟
20211110215714,开,开,关,39°C,25%,23,15分钟
20211110215716,开,开,关,39°C,25%,26,17分钟
20211110215724,开,开,关,38°C,25%,25,16分钟
20211110215726,开,开,关,38°C,25%,23,16分钟
20211110215728,开,开,关,38°C,25%,25,15分钟
20211110215730,开,开,关,39°C,25%,23,15分钟
20211110215732,开,开,关,39°C,25%,26,15分钟
20211110215734,开,开,关,39°C,25%,25,17分钟
20211110215736,开,开,关,38°C,25%,23,16分钟
20211110215742,开,开,关,38°C,25%,25,16分钟
20211110215744,开,开,关,38°C,25%,23,16分钟
20211110215746,开,开,关,38°C,25%,25,16分钟
20211110215748,开,开,关,38°C,25%,23,16分钟
20211110215754,开,开,关,38°C,25%,25,16分钟
20211110215756,开,开,关,38°C,25%,23,16分钟
20211110215800,开,开,关,38°C,25%,25,16分钟
20211110215802,开,开,关,38°C,25%,23,16分钟
20211110215806,开,开,关,38°C,25%,25,16分钟
20211110215808,开,开,关,38°C,25%,23,16分钟
20211110215810,开,开,关,38°C,25%,25,16分钟
20211110215815,开,开,关,38°C,25%,22,16分钟
20211110215817,开,开,关,38°C,25%,23,16分钟
20211110215833,开,开,关,38°C,25%,25,16分钟
20211110215835,开,开,关,38°C,25%,26,16分钟
20211110215843,开,开,关,38°C,25%,26,15分钟
20211110215845,开,开,关,38°C,25%,25,15分钟
20211110215851,开,开,关,38°C,25%,26,15分钟
20211110215857,开,开,关,38°C,25%,25,15分钟
20211110215905,开,开,关,38°C,25%,26,15分钟
20211110215909,开,开,关,38°C,25%,25,15分钟
20211110215911,开,开,关,38°C,25%,26,15分钟
20211110215915,开,开,关,38°C,25%,25,15分钟
20211110215917,开,开,关,38°C,25%,26,15分钟
20211110215919,开,开,关,38°C,25%,25,15分钟
20211110215931,开,开,关,38°C,25%,26,15分钟
20211110215935,开,开,关,38°C,25%,25,15分钟
20211110215941,开,开,关,38°C,25%,25,14分钟
20211110215943,开,开,关,38°C,25%,23,14分钟
20211110215945,开,开,关,38°C,25%,25,14分钟
20211110215947,开,开,关,38°C,25%,23,18分钟
20211110215951,开,开,关,37°C,25%,23,18分钟
20211110215953,开,开,关,37°C,25%,23,17分钟
20211110215958,开,开,关,38°C,25%,25,16分钟
20211110215959,开,开,关,38°C,25%,23,18分钟
20211110220008,开,开,关,37°C,25%,25,18分钟
20211110220012,开,开,关,37°C,25%,23,18分钟
20211110220014,开,开,关,37°C,25%,25,18分钟
20211110220024,开,开,关,37°C,25%,23,18分钟
20211110220026,开,开,关,37°C,25%,23,17分钟
20211110220034,开,开,关,37°C,25%,25,17分钟
20211110220036,开,开,关,37°C,25%,23,17分钟
20211110220038,开,开,关,37°C,25%,26,17分钟
20211110220042,开,开,关,37°C,25%,23,17分钟
20211110220046,开,开,关,37°C,25%,25,17分钟
20211110220124,开,开,关,37°C,25%,0,17分钟
20211110220217,开,开,关,37°C,25%,0,16分钟
20211110220219,开,开,关,37°C,25%,0,19分钟
20211110220213,开,开,关,36°C,25%,0,19分钟
20211110220215,开,开,关,36°C,25%,0,18分钟
20211110220235,开,开,关,37°C,25%,0,18分钟
20211110220237,开,开,关,37°C,25%,0,19分钟
20211110220305,开,开,关,36°C,25%,0,19分钟
20211110220307,开,开,关,36°C,25%,0,18分钟
20211110220311,开,开,关,37°C,25%,0,18分钟
20211110220313,开,开,关,37°C,25%,0,19分钟
20211110220323,开,开,关,36°C,25%,0,19分钟
20211110220326,开,开,关,36°C,25%,0,18分钟
20211110220329,开,开,关,37°C,25%,0,18分钟
20211110220332,开,开,关,37°C,25%,0,19分钟
20211110220336,开,开,关,36°C,25%,0,19分钟
20211110220338,开,开,关,36°C,25%,0,18分钟
20211110220402,开,开,关,37°C,25%,0,18分钟
20211110220502,开,开,关,37°C,25%,0,17分钟
20211110220525,开,开,关,37°C,25%,0,16分钟
20211110220527,开,开,关,37°C,25%,0,17分钟
20211110220607,开,开,关,38°C,25%,0,16分钟
20211110220609,开,开,关,38°C,25%,0,15分钟
20211110220710,开,开,关,39°C,25%,0,15分钟
20211110220720,开,开,关,40°C,25%,0,14分钟
20211110220802,开,开,关,40°C,25%,0,13分钟
20211110220804,开,开,关,40°C,25%,0,12分钟
20211110220849,开,开,关,41°C,25%,0,12分钟
20211110220859,开,开,关,41°C,25%,0,11分钟
20211110220957,开,开,关,42°C,25%,0,11分钟
20211110220959,开,开,关,42°C,25%,0,9分钟
20211110221040,开,开,关,43°C,25%,0,9分钟
20211110221042,开,开,关,43°C,25%,0,8分钟
20211110221114,开,开,关,44°C,25%,0,8分钟
20211110221142,开,开,关,44°C,25%,0,7分钟
20211110221146,开,开,关,45°C,25%,0,7分钟
20211110221216,开,开,关,45°C,25%,0,6分钟
20211110221219,开,开,关,45°C,25%,0,5分钟
20211110221259,开,开,关,46°C,25%,0,5分钟
20211110221335,开,开,关,46°C,25%,0,4分钟
20211110221345,开,开,关,47°C,25%,0,4分钟
20211110221442,开,开,关,47°C,25%,0,3分钟
20211110221444,开,开,关,47°C,25%,0,2分钟
20211110221530,开,开,关,48°C,25%,0,2分钟
20211110221532,开,开,关,48°C,25%,0,1分钟
20211110221536,开,开,关,49°C,25%,0,1分钟
20211110221538,开,开,关,49°C,25%,0,2分钟
20211110221548,开,开,关,48°C,25%,0,2分钟
20211110221551,开,开,关,48°C,25%,0,1分钟
20211110221615,开,开,关,49°C,25%,0,1分钟
20211110221625,开,开,关,49°C,25%,0,0分钟
20211110221627,开,关,开,50°C,100%,0,0分钟
20211110221941,开,关,开,50°C,50%,0,0分钟
20211110221943,开,关,开,50°C,50%,8,0分钟
20211110224905,开,关,开,50°C,50%,0,0分钟
20211110224907,开,关,开,50°C,50%,8,0分钟
20211110230349,开,关,开,50°C,50%,0,0分钟
20211110231049,开,关,开,50°C,50%,0,0分钟
20211110231055,开,关,开,49°C,50%,0,0分钟
20211110231107,开,关,开,50°C,50%,0,0分钟
20211110231114,开,关,开,49°C,50%,0,0分钟
20211110231156,开,关,开,50°C,50%,0,0分钟
20211110231202,开,关,开,49°C,50%,0,0分钟
20211110231220,开,关,开,50°C,50%,0,0分钟
20211110231226,开,关,开,49°C,50%,0,0分钟
20211110231339,开,关,开,50°C,50%,0,0分钟
20211110231345,开,关,开,49°C,50%,0,0分钟
20211110231351,开,关,开,50°C,50%,0,0分钟
20211110231409,开,关,开,49°C,50%,0,0分钟
20211110231427,开,关,开,50°C,50%,0,0分钟
20211110231433,开,关,开,49°C,50%,0,0分钟
20211110231445,开,关,开,50°C,50%,0,0分钟
20211110231452,开,关,开,49°C,50%,0,0分钟
20211110231458,开,关,开,50°C,50%,0,0分钟
20211110231504,开,关,开,49°C,50%,0,0分钟
20211110231510,开,关,开,50°C,50%,0,0分钟
20211110231516,开,关,开,49°C,50%,0,0分钟
20211110231534,开,关,开,50°C,50%,0,0分钟
20211110231540,开,关,开,49°C,50%,0,0分钟
20211110231552,开,关,开,50°C,50%,0,0分钟
20211110231610,开,关,开,49°C,50%,0,0分钟
20211110231616,开,关,开,50°C,50%,0,0分钟
20211110231641,开,关,开,49°C,50%,0,0分钟
20211110231647,开,关,开,50°C,50%,0,0分钟
20211110231653,开,关,开,49°C,50%,0,0分钟
20211110231735,开,关,开,50°C,50%,0,0分钟
20211110231741,开,关,开,50°C,50%,0,0分钟
20211110231753,开,关,开,49°C,50%,0,0分钟
20211110231759,开,关,开,50°C,50%,0,0分钟
20211110231829,开,关,开,49°C,50%,0,0分钟
20211110231842,开,关,开,50°C,50%,0,0分钟
20211110231900,开,关,开,49°C,50%,0,0分钟
20211110231906,开,关,开,50°C,50%,0,0分钟
20211110231954,开,关,开,49°C,50%,0,0分钟
20211110232000,开,关,开,50°C,50%,0,0分钟
